dataset,site,recording,split,scene_id,batch_id,timestamp,frame_index,camera_id,source_detection_id,local_track_id,gt_global_id,gt_world_x,gt_world_y,has_gt
synthetic,smoke_pair,smoke_pair,train,smoke_pair,smoke_001,0.000,0,CA,smoke_pair|smoke_001|CA|1|0,1,,,,0
synthetic,smoke_pair,smoke_pair,train,smoke_pair,smoke_001,0.000,0,CB,smoke_pair|smoke_001|CB|1|0,1,,,,0
synthetic,smoke_pair,smoke_pair,train,smoke_pair,smoke_001,0.000,0,CA,smoke_pair|smoke_001|CA|2|0,2,,,,0
synthetic,smoke_pair,smoke_pair,train,smoke_pair,smoke_001,0.000,0,CB,smoke_pair|smoke_001|CB|2|0,2,,,,0
synthetic,smoke_pair,smoke_pair,train,smoke_pair,smoke_001,0.000,0,CA,smoke_pair|smoke_001|CA|3|0,3,,,,0
synthetic,smoke_pair,smoke_pair,train,smoke_pair,smoke_001,0.000,0,CB,smoke_pair|smoke_001|CB|3|0,3,,,,0
synthetic,smoke_pair,smoke_pair,train,smoke_pair,smoke_001,0.000,0,CA,smoke_pair|smoke_001|CA|4|0,4,,,,0
synthetic,smoke_pair,smoke_pair,train,smoke_pair,smoke_001,0.000,0,CB,smoke_pair|smoke_001|CB|4|0,4,,,,0
synthetic,smoke_pair,smoke_pair,train,smoke_pair,smoke_001,0.000,0,CA,smoke_pair|smoke_001|CA|5|0,5,,,,0
synthetic,smoke_pair,smoke_pair,train,smoke_pair,smoke_001,0.000,0,CB,smoke_pair|smoke_001|CB|5|0,5,,,,0
synthetic,smoke_pair,smoke_pair,train,smoke_pair,smoke_001,0.000,0,CA,smoke_pair|smoke_001|CA|6|0,6,,,,0
synthetic,smoke_pair,smoke_pair,train,smoke_pair,smoke_001,0.000,0,CB,smoke_pair|smoke_001|CB|6|0,6,,,,0
synthetic,smoke_pair,smoke_pair,train,smoke_pair,smoke_001,0.000,0,CA,smoke_pair|smoke_001|CA|7|0,7,,,,0
synthetic,smoke_pair,smoke_pair,train,smoke_pair,smoke_001,0.000,0,CB,smoke_pair|smoke_001|CB|7|0,7,,,,0
synthetic,smoke_pair,smoke_pair,train,smoke_pair,smoke_001,0.000,0,CA,smoke_pair|smoke_001|CA|8|0,8,,,,0
synthetic,smoke_pair,smoke_pair,train,smoke_pair,smoke_001,0.000,0,CB,smoke_pair|smoke_001|CB|8|0,8,,,,0
synthetic,smoke_pair,smoke_pair,train,smoke_pair,smoke_001,0.100,1,CA,smoke_pair|smoke_001|CA|1|1,1,,,,0
synthetic,smoke_pair,smoke_pair,train,smoke_pair,smoke_001,0.100,1,CB,smoke_pair|smoke_001|CB|1|1,1,,,,0
synthetic,smoke_pair,smoke_pair,train,smoke_pair,smoke_001,0.100,1,CA,smoke_pair|smoke_001|CA|2|1,2,,,,0
synthetic,smoke_pair,smoke_pair,train,smoke_pair,smoke_001,0.100,1,CB,smoke_pair|smoke_001|CB|2|1,2,,,,0
synthetic,smoke_pair,smoke_pair,train,smoke_pair,smoke_001,0.100,1,CA,smoke_pair|smoke_001|CA|3|1,3,,,,0
synthetic,smoke_pair,smoke_pair,train,smoke_pair,smoke_001,0.100,1,CB,smoke_pair|smoke_001|CB|3|1,3,,,,0
synthetic,smoke_pair,smoke_pair,train,smoke_pair,smoke_001,0.100,1,CA,smoke_pair|smoke_001|CA|4|1,4,,,,0
synthetic,smoke_pair,smoke_pair,train,smoke_pair,smoke_001,0.100,1,CB,smoke_pair|smoke_001|CB|4|1,4,,,,0
synthetic,smoke_pair,smoke_pair,train,smoke_pair,smoke_001,0.100,1,CA,smoke_pair|smoke_001|CA|5|1,5,,,,0
synthetic,smoke_pair,smoke_pair,train,smoke_pair,smoke_001,0.100,1,CB,smoke_pair|smoke_001|CB|5|1,5,,,,0
synthetic,smoke_pair,smoke_pair,train,smoke_pair,smoke_001,0.100,1,CA,smoke_pair|smoke_001|CA|6|1,6,,,,0
synthetic,smoke_pair,smoke_pair,train,smoke_pair,smoke_001,0.100,1,CB,smoke_pair|smoke_001|CB|6|1,6,,,,0
synthetic,smoke_pair,smoke_pair,train,smoke_pair,smoke_001,0.100,1,CA,smoke_pair|smoke_001|CA|7|1,7,,,,0
synthetic,smoke_pair,smoke_pair,train,smoke_pair,smoke_001,0.100,1,CB,smoke_pair|smoke_001|CB|7|1,7,,,,0
synthetic,smoke_pair,smoke_pair,train,smoke_pair,smoke_001,0.100,1,CA,smoke_pair|smoke_001|CA|8|1,8,,,,0
synthetic,smoke_pair,smoke_pair,train,smoke_pair,smoke_001,0.100,1,CB,smoke_pair|smoke_001|CB|8|1,8,,,,0
synthetic,smoke_pair,smoke_pair,train,smoke_pair,smoke_001,0.200,2,CA,smoke_pair|smoke_001|CA|1|2,1,,,,0
synthetic,smoke_pair,smoke_pair,train,smoke_pair,smoke_001,0.200,2,CB,smoke_pair|smoke_001|CB|1|2,1,,,,0
synthetic,smoke_pair,smoke_pair,train,smoke_pair,smoke_001,0.200,2,CA,smoke_pair|smoke_001|CA|2|2,2,,,,0
synthetic,smoke_pair,smoke_pair,train,smoke_pair,smoke_001,0.200,2,CB,smoke_pair|smoke_001|CB|2|2,2,,,,0
synthetic,smoke_pair,smoke_pair,train,smoke_pair,smoke_001,0.200,2,CA,smoke_pair|smoke_001|CA|3|2,3,,,,0
synthetic,smoke_pair,smoke_pair,train,smoke_pair,smoke_001,0.200,2,CB,smoke_pair|smoke_001|CB|3|2,3,,,,0
synthetic,smoke_pair,smoke_pair,train,smoke_pair,smoke_001,0.200,2,CA,smoke_pair|smoke_001|CA|4|2,4,,,,0
synthetic,smoke_pair,smoke_pair,train,smoke_pair,smoke_001,0.200,2,CB,smoke_pair|smoke_001|CB|4|2,4,,,,0
synthetic,smoke_pair,smoke_pair,train,smoke_pair,smoke_001,0.200,2,CA,smoke_pair|smoke_001|CA|5|2,5,,,,0
synthetic,smoke_pair,smoke_pair,train,smoke_pair,smoke_001,0.200,2,CB,smoke_pair|smoke_001|CB|5|2,5,,,,0
synthetic,smoke_pair,smoke_pair,train,smoke_pair,smoke_001,0.200,2,CA,smoke_pair|smoke_001|CA|6|2,6,,,,0
synthetic,smoke_pair,smoke_pair,train,smoke_pair,smoke_001,0.200,2,CB,smoke_pair|smoke_001|CB|6|2,6,,,,0
synthetic,smoke_pair,smoke_pair,train,smoke_pair,smoke_001,0.200,2,CA,smoke_pair|smoke_001|CA|7|2,7,,,,0
synthetic,smoke_pair,smoke_pair,train,smoke_pair,smoke_001,0.200,2,CB,smoke_pair|smoke_001|CB|7|2,7,,,,0
synthetic,smoke_pair,smoke_pair,train,smoke_pair,smoke_001,0.200,2,CA,smoke_pair|smoke_001|CA|8|2,8,,,,0
synthetic,smoke_pair,smoke_pair,train,smoke_pair,smoke_001,0.200,2,CB,smoke_pair|smoke_001|CB|8|2,8,,,,0
synthetic,smoke_pair,smoke_pair,train,smoke_pair,smoke_001,0.300,3,CA,smoke_pair|smoke_001|CA|1|3,1,,,,0
synthetic,smoke_pair,smoke_pair,train,smoke_pair,smoke_001,0.300,3,CB,smoke_pair|smoke_001|CB|1|3,1,,,,0
synthetic,smoke_pair,smoke_pair,train,smoke_pair,smoke_001,0.300,3,CA,smoke_pair|smoke_001|CA|2|3,2,,,,0
synthetic,smoke_pair,smoke_pair,train,smoke_pair,smoke_001,0.300,3,CB,smoke_pair|smoke_001|CB|2|3,2,,,,0
synthetic,smoke_pair,smoke_pair,train,smoke_pair,smoke_001,0.300,3,CA,smoke_pair|smoke_001|CA|3|3,3,,,,0
synthetic,smoke_pair,smoke_pair,train,smoke_pair,smoke_001,0.300,3,CB,smoke_pair|smoke_001|CB|3|3,3,,,,0
synthetic,smoke_pair,smoke_pair,train,smoke_pair,smoke_001,0.300,3,CA,smoke_pair|smoke_001|CA|4|3,4,,,,0
synthetic,smoke_pair,smoke_pair,train,smoke_pair,smoke_001,0.300,3,CB,smoke_pair|smoke_001|CB|4|3,4,,,,0
synthetic,smoke_pair,smoke_pair,train,smoke_pair,smoke_001,0.300,3,CA,smoke_pair|smoke_001|CA|5|3,5,,,,0
synthetic,smoke_pair,smoke_pair,train,smoke_pair,smoke_001,0.300,3,CB,smoke_pair|smoke_001|CB|5|3,5,,,,0
synthetic,smoke_pair,smoke_pair,train,smoke_pair,smoke_001,0.300,3,CA,smoke_pair|smoke_001|CA|6|3,6,,,,0
synthetic,smoke_pair,smoke_pair,train,smoke_pair,smoke_001,0.300,3,CB,smoke_pair|smoke_001|CB|6|3,6,,,,0
synthetic,smoke_pair,smoke_pair,train,smoke_pair,smoke_001,0.300,3,CA,smoke_pair|smoke_001|CA|7|3,7,,,,0
synthetic,smoke_pair,smoke_pair,train,smoke_pair,smoke_001,0.300,3,CB,smoke_pair|smoke_001|CB|7|3,7,,,,0
synthetic,smoke_pair,smoke_pair,train,smoke_pair,smoke_001,0.300,3,CA,smoke_pair|smoke_001|CA|8|3,8,,,,0
synthetic,smoke_pair,smoke_pair,train,smoke_pair,smoke_001,0.300,3,CB,smoke_pair|smoke_001|CB|8|3,8,,,,0
synthetic,smoke_pair,smoke_pair,train,smoke_pair,smoke_001,0.400,4,CA,smoke_pair|smoke_001|CA|1|4,1,,,,0
synthetic,smoke_pair,smoke_pair,train,smoke_pair,smoke_001,0.400,4,CB,smoke_pair|smoke_001|CB|1|4,1,,,,0
synthetic,smoke_pair,smoke_pair,train,smoke_pair,smoke_001,0.400,4,CA,smoke_pair|smoke_001|CA|2|4,2,,,,0
synthetic,smoke_pair,smoke_pair,train,smoke_pair,smoke_001,0.400,4,CB,smoke_pair|smoke_001|CB|2|4,2,,,,0
synthetic,smoke_pair,smoke_pair,train,smoke_pair,smoke_001,0.400,4,CA,smoke_pair|smoke_001|CA|3|4,3,,,,0
synthetic,smoke_pair,smoke_pair,train,smoke_pair,smoke_001,0.400,4,CB,smoke_pair|smoke_001|CB|3|4,3,,,,0
synthetic,smoke_pair,smoke_pair,train,smoke_pair,smoke_001,0.400,4,CA,smoke_pair|smoke_001|CA|4|4,4,,,,0
synthetic,smoke_pair,smoke_pair,train,smoke_pair,smoke_001,0.400,4,CB,smoke_pair|smoke_001|CB|4|4,4,,,,0
synthetic,smoke_pair,smoke_pair,train,smoke_pair,smoke_001,0.400,4,CA,smoke_pair|smoke_001|CA|5|4,5,,,,0
synthetic,smoke_pair,smoke_pair,train,smoke_pair,smoke_001,0.400,4,CB,smoke_pair|smoke_001|CB|5|4,5,,,,0
synthetic,smoke_pair,smoke_pair,train,smoke_pair,smoke_001,0.400,4,CA,smoke_pair|smoke_001|CA|6|4,6,,,,0
synthetic,smoke_pair,smoke_pair,train,smoke_pair,smoke_001,0.400,4,CB,smoke_pair|smoke_001|CB|6|4,6,,,,0
synthetic,smoke_pair,smoke_pair,train,smoke_pair,smoke_001,0.400,4,CA,smoke_pair|smoke_001|CA|7|4,7,,,,0
synthetic,smoke_pair,smoke_pair,train,smoke_pair,smoke_001,0.400,4,CB,smoke_pair|smoke_001|CB|7|4,7,,,,0
synthetic,smoke_pair,smoke_pair,train,smoke_pair,smoke_001,0.400,4,CA,smoke_pair|smoke_001|CA|8|4,8,,,,0
synthetic,smoke_pair,smoke_pair,train,smoke_pair,smoke_001,0.400,4,CB,smoke_pair|smoke_001|CB|8|4,8,,,,0
synthetic,smoke_pair,smoke_pair,train,smoke_pair,smoke_001,0.500,5,CA,smoke_pair|smoke_001|CA|1|5,1,,,,0
synthetic,smoke_pair,smoke_pair,train,smoke_pair,smoke_001,0.500,5,CB,smoke_pair|smoke_001|CB|1|5,1,,,,0
synthetic,smoke_pair,smoke_pair,train,smoke_pair,smoke_001,0.500,5,CA,smoke_pair|smoke_001|CA|2|5,2,,,,0
synthetic,smoke_pair,smoke_pair,train,smoke_pair,smoke_001,0.500,5,CB,smoke_pair|smoke_001|CB|2|5,2,,,,0
synthetic,smoke_pair,smoke_pair,train,smoke_pair,smoke_001,0.500,5,CA,smoke_pair|smoke_001|CA|3|5,3,,,,0
synthetic,smoke_pair,smoke_pair,train,smoke_pair,smoke_001,0.500,5,CB,smoke_pair|smoke_001|CB|3|5,3,,,,0
synthetic,smoke_pair,smoke_pair,train,smoke_pair,smoke_001,0.500,5,CA,smoke_pair|smoke_001|CA|4|5,4,,,,0
synthetic,smoke_pair,smoke_pair,train,smoke_pair,smoke_001,0.500,5,CB,smoke_pair|smoke_001|CB|4|5,4,,,,0
synthetic,smoke_pair,smoke_pair,train,smoke_pair,smoke_001,0.500,5,CA,smoke_pair|smoke_001|CA|5|5,5,,,,0
synthetic,smoke_pair,smoke_pair,train,smoke_pair,smoke_001,0.500,5,CB,smoke_pair|smoke_001|CB|5|5,5,,,,0
synthetic,smoke_pair,smoke_pair,train,smoke_pair,smoke_001,0.500,5,CA,smoke_pair|smoke_001|CA|6|5,6,,,,0
synthetic,smoke_pair,smoke_pair,train,smoke_pair,smoke_001,0.500,5,CB,smoke_pair|smoke_001|CB|6|5,6,,,,0
synthetic,smoke_pair,smoke_pair,train,smoke_pair,smoke_001,0.500,5,CA,smoke_pair|smoke_001|CA|7|5,7,,,,0
synthetic,smoke_pair,smoke_pair,train,smoke_pair,smoke_001,0.500,5,CB,smoke_pair|smoke_001|CB|7|5,7,,,,0
synthetic,smoke_pair,smoke_pair,train,smoke_pair,smoke_001,0.500,5,CA,smoke_pair|smoke_001|CA|8|5,8,,,,0
synthetic,smoke_pair,smoke_pair,train,smoke_pair,smoke_001,0.500,5,CB,smoke_pair|smoke_001|CB|8|5,8,,,,0
synthetic,smoke_pair,smoke_pair,train,smoke_pair,smoke_001,0.600,6,CA,smoke_pair|smoke_001|CA|1|6,1,,,,0
synthetic,smoke_pair,smoke_pair,train,smoke_pair,smoke_001,0.600,6,CB,smoke_pair|smoke_001|CB|1|6,1,,,,0
synthetic,smoke_pair,smoke_pair,train,smoke_pair,smoke_001,0.600,6,CA,smoke_pair|smoke_001|CA|2|6,2,,,,0
synthetic,smoke_pair,smoke_pair,train,smoke_pair,smoke_001,0.600,6,CB,smoke_pair|smoke_001|CB|2|6,2,,,,0
synthetic,smoke_pair,smoke_pair,train,smoke_pair,smoke_001,0.600,6,CA,smoke_pair|smoke_001|CA|3|6,3,,,,0
synthetic,smoke_pair,smoke_pair,train,smoke_pair,smoke_001,0.600,6,CB,smoke_pair|smoke_001|CB|3|6,3,,,,0
synthetic,smoke_pair,smoke_pair,train,smoke_pair,smoke_001,0.600,6,CA,smoke_pair|smoke_001|CA|4|6,4,,,,0
synthetic,smoke_pair,smoke_pair,train,smoke_pair,smoke_001,0.600,6,CB,smoke_pair|smoke_001|CB|4|6,4,,,,0
synthetic,smoke_pair,smoke_pair,train,smoke_pair,smoke_001,0.600,6,CA,smoke_pair|smoke_001|CA|5|6,5,,,,0
synthetic,smoke_pair,smoke_pair,train,smoke_pair,smoke_001,0.600,6,CB,smoke_pair|smoke_001|CB|5|6,5,,,,0
synthetic,smoke_pair,smoke_pair,train,smoke_pair,smoke_001,0.600,6,CA,smoke_pair|smoke_001|CA|6|6,6,,,,0
synthetic,smoke_pair,smoke_pair,train,smoke_pair,smoke_001,0.600,6,CB,smoke_pair|smoke_001|CB|6|6,6,,,,0
synthetic,smoke_pair,smoke_pair,train,smoke_pair,smoke_001,0.600,6,CA,smoke_pair|smoke_001|CA|7|6,7,,,,0
synthetic,smoke_pair,smoke_pair,train,smoke_pair,smoke_001,0.600,6,CB,smoke_pair|smoke_001|CB|7|6,7,,,,0
synthetic,smoke_pair,smoke_pair,train,smoke_pair,smoke_001,0.600,6,CA,smoke_pair|smoke_001|CA|8|6,8,,,,0
synthetic,smoke_pair,smoke_pair,train,smoke_pair,smoke_001,0.600,6,CB,smoke_pair|smoke_001|CB|8|6,8,,,,0
synthetic,smoke_pair,smoke_pair,train,smoke_pair,smoke_001,0.700,7,CA,smoke_pair|smoke_001|CA|1|7,1,,,,0
synthetic,smoke_pair,smoke_pair,train,smoke_pair,smoke_001,0.700,7,CB,smoke_pair|smoke_001|CB|1|7,1,,,,0
synthetic,smoke_pair,smoke_pair,train,smoke_pair,smoke_001,0.700,7,CA,smoke_pair|smoke_001|CA|2|7,2,,,,0
synthetic,smoke_pair,smoke_pair,train,smoke_pair,smoke_001,0.700,7,CB,smoke_pair|smoke_001|CB|2|7,2,,,,0
synthetic,smoke_pair,smoke_pair,train,smoke_pair,smoke_001,0.700,7,CA,smoke_pair|smoke_001|CA|3|7,3,,,,0
synthetic,smoke_pair,smoke_pair,train,smoke_pair,smoke_001,0.700,7,CB,smoke_pair|smoke_001|CB|3|7,3,,,,0
synthetic,smoke_pair,smoke_pair,train,smoke_pair,smoke_001,0.700,7,CA,smoke_pair|smoke_001|CA|4|7,4,,,,0
synthetic,smoke_pair,smoke_pair,train,smoke_pair,smoke_001,0.700,7,CB,smoke_pair|smoke_001|CB|4|7,4,,,,0
synthetic,smoke_pair,smoke_pair,train,smoke_pair,smoke_001,0.700,7,CA,smoke_pair|smoke_001|CA|5|7,5,,,,0
synthetic,smoke_pair,smoke_pair,train,smoke_pair,smoke_001,0.700,7,CB,smoke_pair|smoke_001|CB|5|7,5,,,,0
synthetic,smoke_pair,smoke_pair,train,smoke_pair,smoke_001,0.700,7,CA,smoke_pair|smoke_001|CA|6|7,6,,,,0
synthetic,smoke_pair,smoke_pair,train,smoke_pair,smoke_001,0.700,7,CB,smoke_pair|smoke_001|CB|6|7,6,,,,0
synthetic,smoke_pair,smoke_pair,train,smoke_pair,smoke_001,0.700,7,CA,smoke_pair|smoke_001|CA|7|7,7,,,,0
synthetic,smoke_pair,smoke_pair,train,smoke_pair,smoke_001,0.700,7,CB,smoke_pair|smoke_001|CB|7|7,7,,,,0
synthetic,smoke_pair,smoke_pair,train,smoke_pair,smoke_001,0.700,7,CA,smoke_pair|smoke_001|CA|8|7,8,,,,0
synthetic,smoke_pair,smoke_pair,train,smoke_pair,smoke_001,0.700,7,CB,smoke_pair|smoke_001|CB|8|7,8,,,,0
synthetic,smoke_pair,smoke_pair,train,smoke_pair,smoke_001,0.800,8,CA,smoke_pair|smoke_001|CA|1|8,1,,,,0
synthetic,smoke_pair,smoke_pair,train,smoke_pair,smoke_001,0.800,8,CB,smoke_pair|smoke_001|CB|1|8,1,,,,0
synthetic,smoke_pair,smoke_pair,train,smoke_pair,smoke_001,0.800,8,CA,smoke_pair|smoke_001|CA|2|8,2,,,,0
synthetic,smoke_pair,smoke_pair,train,smoke_pair,smoke_001,0.800,8,CB,smoke_pair|smoke_001|CB|2|8,2,,,,0
synthetic,smoke_pair,smoke_pair,train,smoke_pair,smoke_001,0.800,8,CA,smoke_pair|smoke_001|CA|3|8,3,,,,0
synthetic,smoke_pair,smoke_pair,train,smoke_pair,smoke_001,0.800,8,CB,smoke_pair|smoke_001|CB|3|8,3,,,,0
synthetic,smoke_pair,smoke_pair,train,smoke_pair,smoke_001,0.800,8,CA,smoke_pair|smoke_001|CA|4|8,4,,,,0
synthetic,smoke_pair,smoke_pair,train,smoke_pair,smoke_001,0.800,8,CB,smoke_pair|smoke_001|CB|4|8,4,,,,0
synthetic,smoke_pair,smoke_pair,train,smoke_pair,smoke_001,0.800,8,CA,smoke_pair|smoke_001|CA|5|8,5,,,,0
synthetic,smoke_pair,smoke_pair,train,smoke_pair,smoke_001,0.800,8,CB,smoke_pair|smoke_001|CB|5|8,5,,,,0
synthetic,smoke_pair,smoke_pair,train,smoke_pair,smoke_001,0.800,8,CA,smoke_pair|smoke_001|CA|6|8,6,,,,0
synthetic,smoke_pair,smoke_pair,train,smoke_pair,smoke_001,0.800,8,CB,smoke_pair|smoke_001|CB|6|8,6,,,,0
synthetic,smoke_pair,smoke_pair,train,smoke_pair,smoke_001,0.800,8,CA,smoke_pair|smoke_001|CA|7|8,7,,,,0
synthetic,smoke_pair,smoke_pair,train,smoke_pair,smoke_001,0.800,8,CB,smoke_pair|smoke_001|CB|7|8,7,,,,0
synthetic,smoke_pair,smoke_pair,train,smoke_pair,smoke_001,0.800,8,CA,smoke_pair|smoke_001|CA|8|8,8,,,,0
synthetic,smoke_pair,smoke_pair,train,smoke_pair,smoke_001,0.800,8,CB,smoke_pair|smoke_001|CB|8|8,8,,,,0
synthetic,smoke_pair,smoke_pair,train,smoke_pair,smoke_001,0.900,9,CA,smoke_pair|smoke_001|CA|1|9,1,,,,0
synthetic,smoke_pair,smoke_pair,train,smoke_pair,smoke_001,0.900,9,CB,smoke_pair|smoke_001|CB|1|9,1,,,,0
synthetic,smoke_pair,smoke_pair,train,smoke_pair,smoke_001,0.900,9,CA,smoke_pair|smoke_001|CA|2|9,2,,,,0
synthetic,smoke_pair,smoke_pair,train,smoke_pair,smoke_001,0.900,9,CB,smoke_pair|smoke_001|CB|2|9,2,,,,0
synthetic,smoke_pair,smoke_pair,train,smoke_pair,smoke_001,0.900,9,CA,smoke_pair|smoke_001|CA|3|9,3,,,,0
synthetic,smoke_pair,smoke_pair,train,smoke_pair,smoke_001,0.900,9,CB,smoke_pair|smoke_001|CB|3|9,3,,,,0
synthetic,smoke_pair,smoke_pair,train,smoke_pair,smoke_001,0.900,9,CA,smoke_pair|smoke_001|CA|4|9,4,,,,0
synthetic,smoke_pair,smoke_pair,train,smoke_pair,smoke_001,0.900,9,CB,smoke_pair|smoke_001|CB|4|9,4,,,,0
synthetic,smoke_pair,smoke_pair,train,smoke_pair,smoke_001,0.900,9,CA,smoke_pair|smoke_001|CA|5|9,5,,,,0
synthetic,smoke_pair,smoke_pair,train,smoke_pair,smoke_001,0.900,9,CB,smoke_pair|smoke_001|CB|5|9,5,,,,0
synthetic,smoke_pair,smoke_pair,train,smoke_pair,smoke_001,0.900,9,CA,smoke_pair|smoke_001|CA|6|9,6,,,,0
synthetic,smoke_pair,smoke_pair,train,smoke_pair,smoke_001,0.900,9,CB,smoke_pair|smoke_001|CB|6|9,6,,,,0
synthetic,smoke_pair,smoke_pair,train,smoke_pair,smoke_001,0.900,9,CA,smoke_pair|smoke_001|CA|7|9,7,,,,0
synthetic,smoke_pair,smoke_pair,train,smoke_pair,smoke_001,0.900,9,CB,smoke_pair|smoke_001|CB|7|9,7,,,,0
synthetic,smoke_pair,smoke_pair,train,smoke_pair,smoke_001,0.900,9,CA,smoke_pair|smoke_001|CA|8|9,8,,,,0
synthetic,smoke_pair,smoke_pair,train,smoke_pair,smoke_001,0.900,9,CB,smoke_pair|smoke_001|CB|8|9,8,,,,0
synthetic,smoke_pair,smoke_pair,train,smoke_pair,smoke_001,1.000,10,CA,smoke_pair|smoke_001|CA|1|10,1,,,,0
synthetic,smoke_pair,smoke_pair,train,smoke_pair,smoke_001,1.000,10,CB,smoke_pair|smoke_001|CB|1|10,1,,,,0
synthetic,smoke_pair,smoke_pair,train,smoke_pair,smoke_001,1.000,10,CA,smoke_pair|smoke_001|CA|2|10,2,,,,0
synthetic,smoke_pair,smoke_pair,train,smoke_pair,smoke_001,1.000,10,CB,smoke_pair|smoke_001|CB|2|10,2,,,,0
synthetic,smoke_pair,smoke_pair,train,smoke_pair,smoke_001,1.000,10,CA,smoke_pair|smoke_001|CA|3|10,3,,,,0
synthetic,smoke_pair,smoke_pair,train,smoke_pair,smoke_001,1.000,10,CB,smoke_pair|smoke_001|CB|3|10,3,,,,0
synthetic,smoke_pair,smoke_pair,train,smoke_pair,smoke_001,1.000,10,CA,smoke_pair|smoke_001|CA|4|10,4,,,,0
synthetic,smoke_pair,smoke_pair,train,smoke_pair,smoke_001,1.000,10,CB,smoke_pair|smoke_001|CB|4|10,4,,,,0
synthetic,smoke_pair,smoke_pair,train,smoke_pair,smoke_001,1.000,10,CA,smoke_pair|smoke_001|CA|5|10,5,,,,0
synthetic,smoke_pair,smoke_pair,train,smoke_pair,smoke_001,1.000,10,CB,smoke_pair|smoke_001|CB|5|10,5,,,,0
synthetic,smoke_pair,smoke_pair,train,smoke_pair,smoke_001,1.000,10,CA,smoke_pair|smoke_001|CA|6|10,6,,,,0
synthetic,smoke_pair,smoke_pair,train,smoke_pair,smoke_001,1.000,10,CB,smoke_pair|smoke_001|CB|6|10,6,,,,0
synthetic,smoke_pair,smoke_pair,train,smoke_pair,smoke_001,1.000,10,CA,smoke_pair|smoke_001|CA|7|10,7,,,,0
synthetic,smoke_pair,smoke_pair,train,smoke_pair,smoke_001,1.000,10,CB,smoke_pair|smoke_001|CB|7|10,7,,,,0
synthetic,smoke_pair,smoke_pair,train,smoke_pair,smoke_001,1.000,10,CA,smoke_pair|smoke_001|CA|8|10,8,,,,0
synthetic,smoke_pair,smoke_pair,train,smoke_pair,smoke_001,1.000,10,CB,smoke_pair|smoke_001|CB|8|10,8,,,,0
synthetic,smoke_pair,smoke_pair,train,smoke_pair,smoke_001,1.100,11,CA,smoke_pair|smoke_001|CA|1|11,1,,,,0
synthetic,smoke_pair,smoke_pair,train,smoke_pair,smoke_001,1.100,11,CB,smoke_pair|smoke_001|CB|1|11,1,,,,0
synthetic,smoke_pair,smoke_pair,train,smoke_pair,smoke_001,1.100,11,CA,smoke_pair|smoke_001|CA|2|11,2,,,,0
synthetic,smoke_pair,smoke_pair,train,smoke_pair,smoke_001,1.100,11,CB,smoke_pair|smoke_001|CB|2|11,2,,,,0
synthetic,smoke_pair,smoke_pair,train,smoke_pair,smoke_001,1.100,11,CA,smoke_pair|smoke_001|CA|3|11,3,,,,0
synthetic,smoke_pair,smoke_pair,train,smoke_pair,smoke_001,1.100,11,CB,smoke_pair|smoke_001|CB|3|11,3,,,,0
synthetic,smoke_pair,smoke_pair,train,smoke_pair,smoke_001,1.100,11,CA,smoke_pair|smoke_001|CA|4|11,4,,,,0
synthetic,smoke_pair,smoke_pair,train,smoke_pair,smoke_001,1.100,11,CB,smoke_pair|smoke_001|CB|4|11,4,,,,0
synthetic,smoke_pair,smoke_pair,train,smoke_pair,smoke_001,1.100,11,CA,smoke_pair|smoke_001|CA|5|11,5,,,,0
synthetic,smoke_pair,smoke_pair,train,smoke_pair,smoke_001,1.100,11,CB,smoke_pair|smoke_001|CB|5|11,5,,,,0
synthetic,smoke_pair,smoke_pair,train,smoke_pair,smoke_001,1.100,11,CA,smoke_pair|smoke_001|CA|6|11,6,,,,0
synthetic,smoke_pair,smoke_pair,train,smoke_pair,smoke_001,1.100,11,CB,smoke_pair|smoke_001|CB|6|11,6,,,,0
synthetic,smoke_pair,smoke_pair,train,smoke_pair,smoke_001,1.100,11,CA,smoke_pair|smoke_001|CA|7|11,7,,,,0
synthetic,smoke_pair,smoke_pair,train,smoke_pair,smoke_001,1.100,11,CB,smoke_pair|smoke_001|CB|7|11,7,,,,0
synthetic,smoke_pair,smoke_pair,train,smoke_pair,smoke_001,1.100,11,CA,smoke_pair|smoke_001|CA|8|11,8,,,,0
synthetic,smoke_pair,smoke_pair,train,smoke_pair,smoke_001,1.100,11,CB,smoke_pair|smoke_001|CB|8|11,8,,,,0
synthetic,smoke_pair,smoke_pair,train,smoke_pair,smoke_001,1.200,12,CA,smoke_pair|smoke_001|CA|1|12,1,,,,0
synthetic,smoke_pair,smoke_pair,train,smoke_pair,smoke_001,1.200,12,CB,smoke_pair|smoke_001|CB|1|12,1,,,,0
synthetic,smoke_pair,smoke_pair,train,smoke_pair,smoke_001,1.200,12,CA,smoke_pair|smoke_001|CA|2|12,2,,,,0
synthetic,smoke_pair,smoke_pair,train,smoke_pair,smoke_001,1.200,12,CB,smoke_pair|smoke_001|CB|2|12,2,,,,0
synthetic,smoke_pair,smoke_pair,train,smoke_pair,smoke_001,1.200,12,CA,smoke_pair|smoke_001|CA|3|12,3,,,,0
synthetic,smoke_pair,smoke_pair,train,smoke_pair,smoke_001,1.200,12,CB,smoke_pair|smoke_001|CB|3|12,3,,,,0
synthetic,smoke_pair,smoke_pair,train,smoke_pair,smoke_001,1.200,12,CA,smoke_pair|smoke_001|CA|4|12,4,,,,0
synthetic,smoke_pair,smoke_pair,train,smoke_pair,smoke_001,1.200,12,CB,smoke_pair|smoke_001|CB|4|12,4,,,,0
synthetic,smoke_pair,smoke_pair,train,smoke_pair,smoke_001,1.200,12,CA,smoke_pair|smoke_001|CA|5|12,5,,,,0
synthetic,smoke_pair,smoke_pair,train,smoke_pair,smoke_001,1.200,12,CB,smoke_pair|smoke_001|CB|5|12,5,,,,0
synthetic,smoke_pair,smoke_pair,train,smoke_pair,smoke_001,1.200,12,CA,smoke_pair|smoke_001|CA|6|12,6,,,,0
synthetic,smoke_pair,smoke_pair,train,smoke_pair,smoke_001,1.200,12,CB,smoke_pair|smoke_001|CB|6|12,6,,,,0
synthetic,smoke_pair,smoke_pair,train,smoke_pair,smoke_001,1.200,12,CA,smoke_pair|smoke_001|CA|7|12,7,,,,0
synthetic,smoke_pair,smoke_pair,train,smoke_pair,smoke_001,1.200,12,CB,smoke_pair|smoke_001|CB|7|12,7,,,,0
synthetic,smoke_pair,smoke_pair,train,smoke_pair,smoke_001,1.200,12,CA,smoke_pair|smoke_001|CA|8|12,8,,,,0
synthetic,smoke_pair,smoke_pair,train,smoke_pair,smoke_001,1.200,12,CB,smoke_pair|smoke_001|CB|8|12,8,,,,0
synthetic,smoke_pair,smoke_pair,train,smoke_pair,smoke_001,1.300,13,CA,smoke_pair|smoke_001|CA|1|13,1,,,,0
synthetic,smoke_pair,smoke_pair,train,smoke_pair,smoke_001,1.300,13,CB,smoke_pair|smoke_001|CB|1|13,1,,,,0
synthetic,smoke_pair,smoke_pair,train,smoke_pair,smoke_001,1.300,13,CA,smoke_pair|smoke_001|CA|2|13,2,,,,0
synthetic,smoke_pair,smoke_pair,train,smoke_pair,smoke_001,1.300,13,CB,smoke_pair|smoke_001|CB|2|13,2,,,,0
synthetic,smoke_pair,smoke_pair,train,smoke_pair,smoke_001,1.300,13,CA,smoke_pair|smoke_001|CA|3|13,3,,,,0
synthetic,smoke_pair,smoke_pair,train,smoke_pair,smoke_001,1.300,13,CB,smoke_pair|smoke_001|CB|3|13,3,,,,0
synthetic,smoke_pair,smoke_pair,train,smoke_pair,smoke_001,1.300,13,CA,smoke_pair|smoke_001|CA|4|13,4,,,,0
synthetic,smoke_pair,smoke_pair,train,smoke_pair,smoke_001,1.300,13,CB,smoke_pair|smoke_001|CB|4|13,4,,,,0
synthetic,smoke_pair,smoke_pair,train,smoke_pair,smoke_001,1.300,13,CA,smoke_pair|smoke_001|CA|5|13,5,,,,0
synthetic,smoke_pair,smoke_pair,train,smoke_pair,smoke_001,1.300,13,CB,smoke_pair|smoke_001|CB|5|13,5,,,,0
synthetic,smoke_pair,smoke_pair,train,smoke_pair,smoke_001,1.300,13,CA,smoke_pair|smoke_001|CA|6|13,6,,,,0
synthetic,smoke_pair,smoke_pair,train,smoke_pair,smoke_001,1.300,13,CB,smoke_pair|smoke_001|CB|6|13,6,,,,0
synthetic,smoke_pair,smoke_pair,train,smoke_pair,smoke_001,1.300,13,CA,smoke_pair|smoke_001|CA|7|13,7,,,,0
synthetic,smoke_pair,smoke_pair,train,smoke_pair,smoke_001,1.300,13,CB,smoke_pair|smoke_001|CB|7|13,7,,,,0
synthetic,smoke_pair,smoke_pair,train,smoke_pair,smoke_001,1.300,13,CA,smoke_pair|smoke_001|CA|8|13,8,,,,0
synthetic,smoke_pair,smoke_pair,train,smoke_pair,smoke_001,1.300,13,CB,smoke_pair|smoke_001|CB|8|13,8,,,,0
synthetic,smoke_pair,smoke_pair,train,smoke_pair,smoke_001,1.400,14,CA,smoke_pair|smoke_001|CA|1|14,1,,,,0
synthetic,smoke_pair,smoke_pair,train,smoke_pair,smoke_001,1.400,14,CB,smoke_pair|smoke_001|CB|1|14,1,,,,0
synthetic,smoke_pair,smoke_pair,train,smoke_pair,smoke_001,1.400,14,CA,smoke_pair|smoke_001|CA|2|14,2,,,,0
synthetic,smoke_pair,smoke_pair,train,smoke_pair,smoke_001,1.400,14,CB,smoke_pair|smoke_001|CB|2|14,2,,,,0
synthetic,smoke_pair,smoke_pair,train,smoke_pair,smoke_001,1.400,14,CA,smoke_pair|smoke_001|CA|3|14,3,,,,0
synthetic,smoke_pair,smoke_pair,train,smoke_pair,smoke_001,1.400,14,CB,smoke_pair|smoke_001|CB|3|14,3,,,,0
synthetic,smoke_pair,smoke_pair,train,smoke_pair,smoke_001,1.400,14,CA,smoke_pair|smoke_001|CA|4|14,4,,,,0
synthetic,smoke_pair,smoke_pair,train,smoke_pair,smoke_001,1.400,14,CB,smoke_pair|smoke_001|CB|4|14,4,,,,0
synthetic,smoke_pair,smoke_pair,train,smoke_pair,smoke_001,1.400,14,CA,smoke_pair|smoke_001|CA|5|14,5,,,,0
synthetic,smoke_pair,smoke_pair,train,smoke_pair,smoke_001,1.400,14,CB,smoke_pair|smoke_001|CB|5|14,5,,,,0
synthetic,smoke_pair,smoke_pair,train,smoke_pair,smoke_001,1.400,14,CA,smoke_pair|smoke_001|CA|6|14,6,,,,0
synthetic,smoke_pair,smoke_pair,train,smoke_pair,smoke_001,1.400,14,CB,smoke_pair|smoke_001|CB|6|14,6,,,,0
synthetic,smoke_pair,smoke_pair,train,smoke_pair,smoke_001,1.400,14,CA,smoke_pair|smoke_001|CA|7|14,7,,,,0
synthetic,smoke_pair,smoke_pair,train,smoke_pair,smoke_001,1.400,14,CB,smoke_pair|smoke_001|CB|7|14,7,,,,0
synthetic,smoke_pair,smoke_pair,train,smoke_pair,smoke_001,1.400,14,CA,smoke_pair|smoke_001|CA|8|14,8,,,,0
synthetic,smoke_pair,smoke_pair,train,smoke_pair,smoke_001,1.400,14,CB,smoke_pair|smoke_001|CB|8|14,8,,,,0
synthetic,smoke_pair,smoke_pair,train,smoke_pair,smoke_001,1.500,15,CA,smoke_pair|smoke_001|CA|1|15,1,,,,0
synthetic,smoke_pair,smoke_pair,train,smoke_pair,smoke_001,1.500,15,CB,smoke_pair|smoke_001|CB|1|15,1,,,,0
synthetic,smoke_pair,smoke_pair,train,smoke_pair,smoke_001,1.500,15,CA,smoke_pair|smoke_001|CA|2|15,2,,,,0
synthetic,smoke_pair,smoke_pair,train,smoke_pair,smoke_001,1.500,15,CB,smoke_pair|smoke_001|CB|2|15,2,,,,0
synthetic,smoke_pair,smoke_pair,train,smoke_pair,smoke_001,1.500,15,CA,smoke_pair|smoke_001|CA|3|15,3,,,,0
synthetic,smoke_pair,smoke_pair,train,smoke_pair,smoke_001,1.500,15,CB,smoke_pair|smoke_001|CB|3|15,3,,,,0
synthetic,smoke_pair,smoke_pair,train,smoke_pair,smoke_001,1.500,15,CA,smoke_pair|smoke_001|CA|4|15,4,,,,0
synthetic,smoke_pair,smoke_pair,train,smoke_pair,smoke_001,1.500,15,CB,smoke_pair|smoke_001|CB|4|15,4,,,,0
synthetic,smoke_pair,smoke_pair,train,smoke_pair,smoke_001,1.500,15,CA,smoke_pair|smoke_001|CA|5|15,5,,,,0
synthetic,smoke_pair,smoke_pair,train,smoke_pair,smoke_001,1.500,15,CB,smoke_pair|smoke_001|CB|5|15,5,,,,0
synthetic,smoke_pair,smoke_pair,train,smoke_pair,smoke_001,1.500,15,CA,smoke_pair|smoke_001|CA|6|15,6,,,,0
synthetic,smoke_pair,smoke_pair,train,smoke_pair,smoke_001,1.500,15,CB,smoke_pair|smoke_001|CB|6|15,6,,,,0
synthetic,smoke_pair,smoke_pair,train,smoke_pair,smoke_001,1.500,15,CA,smoke_pair|smoke_001|CA|7|15,7,,,,0
synthetic,smoke_pair,smoke_pair,train,smoke_pair,smoke_001,1.500,15,CB,smoke_pair|smoke_001|CB|7|15,7,,,,0
synthetic,smoke_pair,smoke_pair,train,smoke_pair,smoke_001,1.500,15,CA,smoke_pair|smoke_001|CA|8|15,8,,,,0
synthetic,smoke_pair,smoke_pair,train,smoke_pair,smoke_001,1.500,15,CB,smoke_pair|smoke_001|CB|8|15,8,,,,0
synthetic,smoke_pair,smoke_pair,train,smoke_pair,smoke_001,1.600,16,CA,smoke_pair|smoke_001|CA|1|16,1,,,,0
synthetic,smoke_pair,smoke_pair,train,smoke_pair,smoke_001,1.600,16,CB,smoke_pair|smoke_001|CB|1|16,1,,,,0
synthetic,smoke_pair,smoke_pair,train,smoke_pair,smoke_001,1.600,16,CA,smoke_pair|smoke_001|CA|2|16,2,,,,0
synthetic,smoke_pair,smoke_pair,train,smoke_pair,smoke_001,1.600,16,CB,smoke_pair|smoke_001|CB|2|16,2,,,,0
synthetic,smoke_pair,smoke_pair,train,smoke_pair,smoke_001,1.600,16,CA,smoke_pair|smoke_001|CA|3|16,3,,,,0
synthetic,smoke_pair,smoke_pair,train,smoke_pair,smoke_001,1.600,16,CB,smoke_pair|smoke_001|CB|3|16,3,,,,0
synthetic,smoke_pair,smoke_pair,train,smoke_pair,smoke_001,1.600,16,CA,smoke_pair|smoke_001|CA|4|16,4,,,,0
synthetic,smoke_pair,smoke_pair,train,smoke_pair,smoke_001,1.600,16,CB,smoke_pair|smoke_001|CB|4|16,4,,,,0
synthetic,smoke_pair,smoke_pair,train,smoke_pair,smoke_001,1.600,16,CA,smoke_pair|smoke_001|CA|5|16,5,,,,0
synthetic,smoke_pair,smoke_pair,train,smoke_pair,smoke_001,1.600,16,CB,smoke_pair|smoke_001|CB|5|16,5,,,,0
synthetic,smoke_pair,smoke_pair,train,smoke_pair,smoke_001,1.600,16,CA,smoke_pair|smoke_001|CA|6|16,6,,,,0
synthetic,smoke_pair,smoke_pair,train,smoke_pair,smoke_001,1.600,16,CB,smoke_pair|smoke_001|CB|6|16,6,,,,0
synthetic,smoke_pair,smoke_pair,train,smoke_pair,smoke_001,1.600,16,CA,smoke_pair|smoke_001|CA|7|16,7,,,,0
synthetic,smoke_pair,smoke_pair,train,smoke_pair,smoke_001,1.600,16,CB,smoke_pair|smoke_001|CB|7|16,7,,,,0
synthetic,smoke_pair,smoke_pair,train,smoke_pair,smoke_001,1.600,16,CA,smoke_pair|smoke_001|CA|8|16,8,,,,0
synthetic,smoke_pair,smoke_pair,train,smoke_pair,smoke_001,1.600,16,CB,smoke_pair|smoke_001|CB|8|16,8,,,,0
synthetic,smoke_pair,smoke_pair,train,smoke_pair,smoke_001,1.700,17,CA,smoke_pair|smoke_001|CA|1|17,1,,,,0
synthetic,smoke_pair,smoke_pair,train,smoke_pair,smoke_001,1.700,17,CB,smoke_pair|smoke_001|CB|1|17,1,,,,0
synthetic,smoke_pair,smoke_pair,train,smoke_pair,smoke_001,1.700,17,CA,smoke_pair|smoke_001|CA|2|17,2,,,,0
synthetic,smoke_pair,smoke_pair,train,smoke_pair,smoke_001,1.700,17,CB,smoke_pair|smoke_001|CB|2|17,2,,,,0
synthetic,smoke_pair,smoke_pair,train,smoke_pair,smoke_001,1.700,17,CA,smoke_pair|smoke_001|CA|3|17,3,,,,0
synthetic,smoke_pair,smoke_pair,train,smoke_pair,smoke_001,1.700,17,CB,smoke_pair|smoke_001|CB|3|17,3,,,,0
synthetic,smoke_pair,smoke_pair,train,smoke_pair,smoke_001,1.700,17,CA,smoke_pair|smoke_001|CA|4|17,4,,,,0
synthetic,smoke_pair,smoke_pair,train,smoke_pair,smoke_001,1.700,17,CB,smoke_pair|smoke_001|CB|4|17,4,,,,0
synthetic,smoke_pair,smoke_pair,train,smoke_pair,smoke_001,1.700,17,CA,smoke_pair|smoke_001|CA|5|17,5,,,,0
synthetic,smoke_pair,smoke_pair,train,smoke_pair,smoke_001,1.700,17,CB,smoke_pair|smoke_001|CB|5|17,5,,,,0
synthetic,smoke_pair,smoke_pair,train,smoke_pair,smoke_001,1.700,17,CA,smoke_pair|smoke_001|CA|6|17,6,,,,0
synthetic,smoke_pair,smoke_pair,train,smoke_pair,smoke_001,1.700,17,CB,smoke_pair|smoke_001|CB|6|17,6,,,,0
synthetic,smoke_pair,smoke_pair,train,smoke_pair,smoke_001,1.700,17,CA,smoke_pair|smoke_001|CA|7|17,7,,,,0
synthetic,smoke_pair,smoke_pair,train,smoke_pair,smoke_001,1.700,17,CB,smoke_pair|smoke_001|CB|7|17,7,,,,0
synthetic,smoke_pair,smoke_pair,train,smoke_pair,smoke_001,1.700,17,CA,smoke_pair|smoke_001|CA|8|17,8,,,,0
synthetic,smoke_pair,smoke_pair,train,smoke_pair,smoke_001,1.700,17,CB,smoke_pair|smoke_001|CB|8|17,8,,,,0
synthetic,smoke_pair,smoke_pair,train,smoke_pair,smoke_001,1.800,18,CA,smoke_pair|smoke_001|CA|1|18,1,,,,0
synthetic,smoke_pair,smoke_pair,train,smoke_pair,smoke_001,1.800,18,CB,smoke_pair|smoke_001|CB|1|18,1,,,,0
synthetic,smoke_pair,smoke_pair,train,smoke_pair,smoke_001,1.800,18,CA,smoke_pair|smoke_001|CA|2|18,2,,,,0
synthetic,smoke_pair,smoke_pair,train,smoke_pair,smoke_001,1.800,18,CB,smoke_pair|smoke_001|CB|2|18,2,,,,0
synthetic,smoke_pair,smoke_pair,train,smoke_pair,smoke_001,1.800,18,CA,smoke_pair|smoke_001|CA|3|18,3,,,,0
synthetic,smoke_pair,smoke_pair,train,smoke_pair,smoke_001,1.800,18,CB,smoke_pair|smoke_001|CB|3|18,3,,,,0
synthetic,smoke_pair,smoke_pair,train,smoke_pair,smoke_001,1.800,18,CA,smoke_pair|smoke_001|CA|4|18,4,,,,0
synthetic,smoke_pair,smoke_pair,train,smoke_pair,smoke_001,1.800,18,CB,smoke_pair|smoke_001|CB|4|18,4,,,,0
synthetic,smoke_pair,smoke_pair,train,smoke_pair,smoke_001,1.800,18,CA,smoke_pair|smoke_001|CA|5|18,5,,,,0
synthetic,smoke_pair,smoke_pair,train,smoke_pair,smoke_001,1.800,18,CB,smoke_pair|smoke_001|CB|5|18,5,,,,0
synthetic,smoke_pair,smoke_pair,train,smoke_pair,smoke_001,1.800,18,CA,smoke_pair|smoke_001|CA|6|18,6,,,,0
synthetic,smoke_pair,smoke_pair,train,smoke_pair,smoke_001,1.800,18,CB,smoke_pair|smoke_001|CB|6|18,6,,,,0
synthetic,smoke_pair,smoke_pair,train,smoke_pair,smoke_001,1.800,18,CA,smoke_pair|smoke_001|CA|7|18,7,,,,0
synthetic,smoke_pair,smoke_pair,train,smoke_pair,smoke_001,1.800,18,CB,smoke_pair|smoke_001|CB|7|18,7,,,,0
synthetic,smoke_pair,smoke_pair,train,smoke_pair,smoke_001,1.800,18,CA,smoke_pair|smoke_001|CA|8|18,8,,,,0
synthetic,smoke_pair,smoke_pair,train,smoke_pair,smoke_001,1.800,18,CB,smoke_pair|smoke_001|CB|8|18,8,,,,0
synthetic,smoke_pair,smoke_pair,train,smoke_pair,smoke_001,1.900,19,CA,smoke_pair|smoke_001|CA|1|19,1,,,,0
synthetic,smoke_pair,smoke_pair,train,smoke_pair,smoke_001,1.900,19,CB,smoke_pair|smoke_001|CB|1|19,1,,,,0
synthetic,smoke_pair,smoke_pair,train,smoke_pair,smoke_001,1.900,19,CA,smoke_pair|smoke_001|CA|2|19,2,,,,0
synthetic,smoke_pair,smoke_pair,train,smoke_pair,smoke_001,1.900,19,CB,smoke_pair|smoke_001|CB|2|19,2,,,,0
synthetic,smoke_pair,smoke_pair,train,smoke_pair,smoke_001,1.900,19,CA,smoke_pair|smoke_001|CA|3|19,3,,,,0
synthetic,smoke_pair,smoke_pair,train,smoke_pair,smoke_001,1.900,19,CB,smoke_pair|smoke_001|CB|3|19,3,,,,0
synthetic,smoke_pair,smoke_pair,train,smoke_pair,smoke_001,1.900,19,CA,smoke_pair|smoke_001|CA|4|19,4,,,,0
synthetic,smoke_pair,smoke_pair,train,smoke_pair,smoke_001,1.900,19,CB,smoke_pair|smoke_001|CB|4|19,4,,,,0
synthetic,smoke_pair,smoke_pair,train,smoke_pair,smoke_001,1.900,19,CA,smoke_pair|smoke_001|CA|5|19,5,,,,0
synthetic,smoke_pair,smoke_pair,train,smoke_pair,smoke_001,1.900,19,CB,smoke_pair|smoke_001|CB|5|19,5,,,,0
synthetic,smoke_pair,smoke_pair,train,smoke_pair,smoke_001,1.900,19,CA,smoke_pair|smoke_001|CA|6|19,6,,,,0
synthetic,smoke_pair,smoke_pair,train,smoke_pair,smoke_001,1.900,19,CB,smoke_pair|smoke_001|CB|6|19,6,,,,0
synthetic,smoke_pair,smoke_pair,train,smoke_pair,smoke_001,1.900,19,CA,smoke_pair|smoke_001|CA|7|19,7,,,,0
synthetic,smoke_pair,smoke_pair,train,smoke_pair,smoke_001,1.900,19,CB,smoke_pair|smoke_001|CB|7|19,7,,,,0
synthetic,smoke_pair,smoke_pair,train,smoke_pair,smoke_001,1.900,19,CA,smoke_pair|smoke_001|CA|8|19,8,,,,0
synthetic,smoke_pair,smoke_pair,train,smoke_pair,smoke_001,1.900,19,CB,smoke_pair|smoke_001|CB|8|19,8,,,,0
synthetic,smoke_pair,smoke_pair,train,smoke_pair,smoke_001,2.000,20,CA,smoke_pair|smoke_001|CA|1|20,1,,,,0
synthetic,smoke_pair,smoke_pair,train,smoke_pair,smoke_001,2.000,20,CB,smoke_pair|smoke_001|CB|1|20,1,,,,0
synthetic,smoke_pair,smoke_pair,train,smoke_pair,smoke_001,2.000,20,CA,smoke_pair|smoke_001|CA|2|20,2,,,,0
synthetic,smoke_pair,smoke_pair,train,smoke_pair,smoke_001,2.000,20,CB,smoke_pair|smoke_001|CB|2|20,2,,,,0
synthetic,smoke_pair,smoke_pair,train,smoke_pair,smoke_001,2.000,20,CA,smoke_pair|smoke_001|CA|3|20,3,,,,0
synthetic,smoke_pair,smoke_pair,train,smoke_pair,smoke_001,2.000,20,CB,smoke_pair|smoke_001|CB|3|20,3,,,,0
synthetic,smoke_pair,smoke_pair,train,smoke_pair,smoke_001,2.000,20,CA,smoke_pair|smoke_001|CA|4|20,4,,,,0
synthetic,smoke_pair,smoke_pair,train,smoke_pair,smoke_001,2.000,20,CB,smoke_pair|smoke_001|CB|4|20,4,,,,0
synthetic,smoke_pair,smoke_pair,train,smoke_pair,smoke_001,2.000,20,CA,smoke_pair|smoke_001|CA|5|20,5,,,,0
synthetic,smoke_pair,smoke_pair,train,smoke_pair,smoke_001,2.000,20,CB,smoke_pair|smoke_001|CB|5|20,5,,,,0
synthetic,smoke_pair,smoke_pair,train,smoke_pair,smoke_001,2.000,20,CA,smoke_pair|smoke_001|CA|6|20,6,,,,0
synthetic,smoke_pair,smoke_pair,train,smoke_pair,smoke_001,2.000,20,CB,smoke_pair|smoke_001|CB|6|20,6,,,,0
synthetic,smoke_pair,smoke_pair,train,smoke_pair,smoke_001,2.000,20,CA,smoke_pair|smoke_001|CA|7|20,7,,,,0
synthetic,smoke_pair,smoke_pair,train,smoke_pair,smoke_001,2.000,20,CB,smoke_pair|smoke_001|CB|7|20,7,,,,0
synthetic,smoke_pair,smoke_pair,train,smoke_pair,smoke_001,2.000,20,CA,smoke_pair|smoke_001|CA|8|20,8,,,,0
synthetic,smoke_pair,smoke_pair,train,smoke_pair,smoke_001,2.000,20,CB,smoke_pair|smoke_001|CB|8|20,8,,,,0
synthetic,smoke_pair,smoke_pair,train,smoke_pair,smoke_001,2.100,21,CA,smoke_pair|smoke_001|CA|1|21,1,,,,0
synthetic,smoke_pair,smoke_pair,train,smoke_pair,smoke_001,2.100,21,CB,smoke_pair|smoke_001|CB|1|21,1,,,,0
synthetic,smoke_pair,smoke_pair,train,smoke_pair,smoke_001,2.100,21,CA,smoke_pair|smoke_001|CA|2|21,2,,,,0
synthetic,smoke_pair,smoke_pair,train,smoke_pair,smoke_001,2.100,21,CB,smoke_pair|smoke_001|CB|2|21,2,,,,0
synthetic,smoke_pair,smoke_pair,train,smoke_pair,smoke_001,2.100,21,CA,smoke_pair|smoke_001|CA|3|21,3,,,,0
synthetic,smoke_pair,smoke_pair,train,smoke_pair,smoke_001,2.100,21,CB,smoke_pair|smoke_001|CB|3|21,3,,,,0
synthetic,smoke_pair,smoke_pair,train,smoke_pair,smoke_001,2.100,21,CA,smoke_pair|smoke_001|CA|4|21,4,,,,0
synthetic,smoke_pair,smoke_pair,train,smoke_pair,smoke_001,2.100,21,CB,smoke_pair|smoke_001|CB|4|21,4,,,,0
synthetic,smoke_pair,smoke_pair,train,smoke_pair,smoke_001,2.100,21,CA,smoke_pair|smoke_001|CA|5|21,5,,,,0
synthetic,smoke_pair,smoke_pair,train,smoke_pair,smoke_001,2.100,21,CB,smoke_pair|smoke_001|CB|5|21,5,,,,0
synthetic,smoke_pair,smoke_pair,train,smoke_pair,smoke_001,2.100,21,CA,smoke_pair|smoke_001|CA|6|21,6,,,,0
synthetic,smoke_pair,smoke_pair,train,smoke_pair,smoke_001,2.100,21,CB,smoke_pair|smoke_001|CB|6|21,6,,,,0
synthetic,smoke_pair,smoke_pair,train,smoke_pair,smoke_001,2.100,21,CA,smoke_pair|smoke_001|CA|7|21,7,,,,0
synthetic,smoke_pair,smoke_pair,train,smoke_pair,smoke_001,2.100,21,CB,smoke_pair|smoke_001|CB|7|21,7,,,,0
synthetic,smoke_pair,smoke_pair,train,smoke_pair,smoke_001,2.100,21,CA,smoke_pair|smoke_001|CA|8|21,8,,,,0
synthetic,smoke_pair,smoke_pair,train,smoke_pair,smoke_001,2.100,21,CB,smoke_pair|smoke_001|CB|8|21,8,,,,0
synthetic,smoke_pair,smoke_pair,train,smoke_pair,smoke_001,2.200,22,CA,smoke_pair|smoke_001|CA|1|22,1,,,,0
synthetic,smoke_pair,smoke_pair,train,smoke_pair,smoke_001,2.200,22,CB,smoke_pair|smoke_001|CB|1|22,1,,,,0
synthetic,smoke_pair,smoke_pair,train,smoke_pair,smoke_001,2.200,22,CA,smoke_pair|smoke_001|CA|2|22,2,,,,0
synthetic,smoke_pair,smoke_pair,train,smoke_pair,smoke_001,2.200,22,CB,smoke_pair|smoke_001|CB|2|22,2,,,,0
synthetic,smoke_pair,smoke_pair,train,smoke_pair,smoke_001,2.200,22,CA,smoke_pair|smoke_001|CA|3|22,3,,,,0
synthetic,smoke_pair,smoke_pair,train,smoke_pair,smoke_001,2.200,22,CB,smoke_pair|smoke_001|CB|3|22,3,,,,0
synthetic,smoke_pair,smoke_pair,train,smoke_pair,smoke_001,2.200,22,CA,smoke_pair|smoke_001|CA|4|22,4,,,,0
synthetic,smoke_pair,smoke_pair,train,smoke_pair,smoke_001,2.200,22,CB,smoke_pair|smoke_001|CB|4|22,4,,,,0
synthetic,smoke_pair,smoke_pair,train,smoke_pair,smoke_001,2.200,22,CA,smoke_pair|smoke_001|CA|5|22,5,,,,0
synthetic,smoke_pair,smoke_pair,train,smoke_pair,smoke_001,2.200,22,CB,smoke_pair|smoke_001|CB|5|22,5,,,,0
synthetic,smoke_pair,smoke_pair,train,smoke_pair,smoke_001,2.200,22,CA,smoke_pair|smoke_001|CA|6|22,6,,,,0
synthetic,smoke_pair,smoke_pair,train,smoke_pair,smoke_001,2.200,22,CB,smoke_pair|smoke_001|CB|6|22,6,,,,0
synthetic,smoke_pair,smoke_pair,train,smoke_pair,smoke_001,2.200,22,CA,smoke_pair|smoke_001|CA|7|22,7,,,,0
synthetic,smoke_pair,smoke_pair,train,smoke_pair,smoke_001,2.200,22,CB,smoke_pair|smoke_001|CB|7|22,7,,,,0
synthetic,smoke_pair,smoke_pair,train,smoke_pair,smoke_001,2.200,22,CA,smoke_pair|smoke_001|CA|8|22,8,,,,0
synthetic,smoke_pair,smoke_pair,train,smoke_pair,smoke_001,2.200,22,CB,smoke_pair|smoke_001|CB|8|22,8,,,,0
synthetic,smoke_pair,smoke_pair,train,smoke_pair,smoke_001,2.300,23,CA,smoke_pair|smoke_001|CA|1|23,1,,,,0
synthetic,smoke_pair,smoke_pair,train,smoke_pair,smoke_001,2.300,23,CB,smoke_pair|smoke_001|CB|1|23,1,,,,0
synthetic,smoke_pair,smoke_pair,train,smoke_pair,smoke_001,2.300,23,CA,smoke_pair|smoke_001|CA|2|23,2,,,,0
synthetic,smoke_pair,smoke_pair,train,smoke_pair,smoke_001,2.300,23,CB,smoke_pair|smoke_001|CB|2|23,2,,,,0
synthetic,smoke_pair,smoke_pair,train,smoke_pair,smoke_001,2.300,23,CA,smoke_pair|smoke_001|CA|3|23,3,,,,0
synthetic,smoke_pair,smoke_pair,train,smoke_pair,smoke_001,2.300,23,CB,smoke_pair|smoke_001|CB|3|23,3,,,,0
synthetic,smoke_pair,smoke_pair,train,smoke_pair,smoke_001,2.300,23,CA,smoke_pair|smoke_001|CA|4|23,4,,,,0
synthetic,smoke_pair,smoke_pair,train,smoke_pair,smoke_001,2.300,23,CB,smoke_pair|smoke_001|CB|4|23,4,,,,0
synthetic,smoke_pair,smoke_pair,train,smoke_pair,smoke_001,2.300,23,CA,smoke_pair|smoke_001|CA|5|23,5,,,,0
synthetic,smoke_pair,smoke_pair,train,smoke_pair,smoke_001,2.300,23,CB,smoke_pair|smoke_001|CB|5|23,5,,,,0
synthetic,smoke_pair,smoke_pair,train,smoke_pair,smoke_001,2.300,23,CA,smoke_pair|smoke_001|CA|6|23,6,,,,0
synthetic,smoke_pair,smoke_pair,train,smoke_pair,smoke_001,2.300,23,CB,smoke_pair|smoke_001|CB|6|23,6,,,,0
synthetic,smoke_pair,smoke_pair,train,smoke_pair,smoke_001,2.300,23,CA,smoke_pair|smoke_001|CA|7|23,7,,,,0
synthetic,smoke_pair,smoke_pair,train,smoke_pair,smoke_001,2.300,23,CB,smoke_pair|smoke_001|CB|7|23,7,,,,0
synthetic,smoke_pair,smoke_pair,train,smoke_pair,smoke_001,2.300,23,CA,smoke_pair|smoke_001|CA|8|23,8,,,,0
synthetic,smoke_pair,smoke_pair,train,smoke_pair,smoke_001,2.300,23,CB,smoke_pair|smoke_001|CB|8|23,8,,,,0
synthetic,smoke_pair,smoke_pair,train,smoke_pair,smoke_001,2.400,24,CA,smoke_pair|smoke_001|CA|1|24,1,,,,0
synthetic,smoke_pair,smoke_pair,train,smoke_pair,smoke_001,2.400,24,CB,smoke_pair|smoke_001|CB|1|24,1,,,,0
synthetic,smoke_pair,smoke_pair,train,smoke_pair,smoke_001,2.400,24,CA,smoke_pair|smoke_001|CA|2|24,2,,,,0
synthetic,smoke_pair,smoke_pair,train,smoke_pair,smoke_001,2.400,24,CB,smoke_pair|smoke_001|CB|2|24,2,,,,0
synthetic,smoke_pair,smoke_pair,train,smoke_pair,smoke_001,2.400,24,CA,smoke_pair|smoke_001|CA|3|24,3,,,,0
synthetic,smoke_pair,smoke_pair,train,smoke_pair,smoke_001,2.400,24,CB,smoke_pair|smoke_001|CB|3|24,3,,,,0
synthetic,smoke_pair,smoke_pair,train,smoke_pair,smoke_001,2.400,24,CA,smoke_pair|smoke_001|CA|4|24,4,,,,0
synthetic,smoke_pair,smoke_pair,train,smoke_pair,smoke_001,2.400,24,CB,smoke_pair|smoke_001|CB|4|24,4,,,,0
synthetic,smoke_pair,smoke_pair,train,smoke_pair,smoke_001,2.400,24,CA,smoke_pair|smoke_001|CA|5|24,5,,,,0
synthetic,smoke_pair,smoke_pair,train,smoke_pair,smoke_001,2.400,24,CB,smoke_pair|smoke_001|CB|5|24,5,,,,0
synthetic,smoke_pair,smoke_pair,train,smoke_pair,smoke_001,2.400,24,CA,smoke_pair|smoke_001|CA|6|24,6,,,,0
synthetic,smoke_pair,smoke_pair,train,smoke_pair,smoke_001,2.400,24,CB,smoke_pair|smoke_001|CB|6|24,6,,,,0
synthetic,smoke_pair,smoke_pair,train,smoke_pair,smoke_001,2.400,24,CA,smoke_pair|smoke_001|CA|7|24,7,,,,0
synthetic,smoke_pair,smoke_pair,train,smoke_pair,smoke_001,2.400,24,CB,smoke_pair|smoke_001|CB|7|24,7,,,,0
synthetic,smoke_pair,smoke_pair,train,smoke_pair,smoke_001,2.400,24,CA,smoke_pair|smoke_001|CA|8|24,8,,,,0
synthetic,smoke_pair,smoke_pair,train,smoke_pair,smoke_001,2.400,24,CB,smoke_pair|smoke_001|CB|8|24,8,,,,0
synthetic,smoke_pair,smoke_pair,train,smoke_pair,smoke_001,2.500,25,CA,smoke_pair|smoke_001|CA|1|25,1,,,,0
synthetic,smoke_pair,smoke_pair,train,smoke_pair,smoke_001,2.500,25,CB,smoke_pair|smoke_001|CB|1|25,1,,,,0
synthetic,smoke_pair,smoke_pair,train,smoke_pair,smoke_001,2.500,25,CA,smoke_pair|smoke_001|CA|2|25,2,,,,0
synthetic,smoke_pair,smoke_pair,train,smoke_pair,smoke_001,2.500,25,CB,smoke_pair|smoke_001|CB|2|25,2,,,,0
synthetic,smoke_pair,smoke_pair,train,smoke_pair,smoke_001,2.500,25,CA,smoke_pair|smoke_001|CA|3|25,3,,,,0
synthetic,smoke_pair,smoke_pair,train,smoke_pair,smoke_001,2.500,25,CB,smoke_pair|smoke_001|CB|3|25,3,,,,0
synthetic,smoke_pair,smoke_pair,train,smoke_pair,smoke_001,2.500,25,CA,smoke_pair|smoke_001|CA|4|25,4,,,,0
synthetic,smoke_pair,smoke_pair,train,smoke_pair,smoke_001,2.500,25,CB,smoke_pair|smoke_001|CB|4|25,4,,,,0
synthetic,smoke_pair,smoke_pair,train,smoke_pair,smoke_001,2.500,25,CA,smoke_pair|smoke_001|CA|5|25,5,,,,0
synthetic,smoke_pair,smoke_pair,train,smoke_pair,smoke_001,2.500,25,CB,smoke_pair|smoke_001|CB|5|25,5,,,,0
synthetic,smoke_pair,smoke_pair,train,smoke_pair,smoke_001,2.500,25,CA,smoke_pair|smoke_001|CA|6|25,6,,,,0
synthetic,smoke_pair,smoke_pair,train,smoke_pair,smoke_001,2.500,25,CB,smoke_pair|smoke_001|CB|6|25,6,,,,0
synthetic,smoke_pair,smoke_pair,train,smoke_pair,smoke_001,2.500,25,CA,smoke_pair|smoke_001|CA|7|25,7,,,,0
synthetic,smoke_pair,smoke_pair,train,smoke_pair,smoke_001,2.500,25,CB,smoke_pair|smoke_001|CB|7|25,7,,,,0
synthetic,smoke_pair,smoke_pair,train,smoke_pair,smoke_001,2.500,25,CA,smoke_pair|smoke_001|CA|8|25,8,,,,0
synthetic,smoke_pair,smoke_pair,train,smoke_pair,smoke_001,2.500,25,CB,smoke_pair|smoke_001|CB|8|25,8,,,,0
synthetic,smoke_pair,smoke_pair,train,smoke_pair,smoke_001,2.600,26,CA,smoke_pair|smoke_001|CA|1|26,1,,,,0
synthetic,smoke_pair,smoke_pair,train,smoke_pair,smoke_001,2.600,26,CB,smoke_pair|smoke_001|CB|1|26,1,,,,0
synthetic,smoke_pair,smoke_pair,train,smoke_pair,smoke_001,2.600,26,CA,smoke_pair|smoke_001|CA|2|26,2,,,,0
synthetic,smoke_pair,smoke_pair,train,smoke_pair,smoke_001,2.600,26,CB,smoke_pair|smoke_001|CB|2|26,2,,,,0
synthetic,smoke_pair,smoke_pair,train,smoke_pair,smoke_001,2.600,26,CA,smoke_pair|smoke_001|CA|3|26,3,,,,0
synthetic,smoke_pair,smoke_pair,train,smoke_pair,smoke_001,2.600,26,CB,smoke_pair|smoke_001|CB|3|26,3,,,,0
synthetic,smoke_pair,smoke_pair,train,smoke_pair,smoke_001,2.600,26,CA,smoke_pair|smoke_001|CA|4|26,4,,,,0
synthetic,smoke_pair,smoke_pair,train,smoke_pair,smoke_001,2.600,26,CB,smoke_pair|smoke_001|CB|4|26,4,,,,0
synthetic,smoke_pair,smoke_pair,train,smoke_pair,smoke_001,2.600,26,CA,smoke_pair|smoke_001|CA|5|26,5,,,,0
synthetic,smoke_pair,smoke_pair,train,smoke_pair,smoke_001,2.600,26,CB,smoke_pair|smoke_001|CB|5|26,5,,,,0
synthetic,smoke_pair,smoke_pair,train,smoke_pair,smoke_001,2.600,26,CA,smoke_pair|smoke_001|CA|6|26,6,,,,0
synthetic,smoke_pair,smoke_pair,train,smoke_pair,smoke_001,2.600,26,CB,smoke_pair|smoke_001|CB|6|26,6,,,,0
synthetic,smoke_pair,smoke_pair,train,smoke_pair,smoke_001,2.600,26,CA,smoke_pair|smoke_001|CA|7|26,7,,,,0
synthetic,smoke_pair,smoke_pair,train,smoke_pair,smoke_001,2.600,26,CB,smoke_pair|smoke_001|CB|7|26,7,,,,0
synthetic,smoke_pair,smoke_pair,train,smoke_pair,smoke_001,2.600,26,CA,smoke_pair|smoke_001|CA|8|26,8,,,,0
synthetic,smoke_pair,smoke_pair,train,smoke_pair,smoke_001,2.600,26,CB,smoke_pair|smoke_001|CB|8|26,8,,,,0
synthetic,smoke_pair,smoke_pair,train,smoke_pair,smoke_001,2.700,27,CA,smoke_pair|smoke_001|CA|1|27,1,,,,0
synthetic,smoke_pair,smoke_pair,train,smoke_pair,smoke_001,2.700,27,CB,smoke_pair|smoke_001|CB|1|27,1,,,,0
synthetic,smoke_pair,smoke_pair,train,smoke_pair,smoke_001,2.700,27,CA,smoke_pair|smoke_001|CA|2|27,2,,,,0
synthetic,smoke_pair,smoke_pair,train,smoke_pair,smoke_001,2.700,27,CB,smoke_pair|smoke_001|CB|2|27,2,,,,0
synthetic,smoke_pair,smoke_pair,train,smoke_pair,smoke_001,2.700,27,CA,smoke_pair|smoke_001|CA|3|27,3,,,,0
synthetic,smoke_pair,smoke_pair,train,smoke_pair,smoke_001,2.700,27,CB,smoke_pair|smoke_001|CB|3|27,3,,,,0
synthetic,smoke_pair,smoke_pair,train,smoke_pair,smoke_001,2.700,27,CA,smoke_pair|smoke_001|CA|4|27,4,,,,0
synthetic,smoke_pair,smoke_pair,train,smoke_pair,smoke_001,2.700,27,CB,smoke_pair|smoke_001|CB|4|27,4,,,,0
synthetic,smoke_pair,smoke_pair,train,smoke_pair,smoke_001,2.700,27,CA,smoke_pair|smoke_001|CA|5|27,5,,,,0
synthetic,smoke_pair,smoke_pair,train,smoke_pair,smoke_001,2.700,27,CB,smoke_pair|smoke_001|CB|5|27,5,,,,0
synthetic,smoke_pair,smoke_pair,train,smoke_pair,smoke_001,2.700,27,CA,smoke_pair|smoke_001|CA|6|27,6,,,,0
synthetic,smoke_pair,smoke_pair,train,smoke_pair,smoke_001,2.700,27,CB,smoke_pair|smoke_001|CB|6|27,6,,,,0
synthetic,smoke_pair,smoke_pair,train,smoke_pair,smoke_001,2.700,27,CA,smoke_pair|smoke_001|CA|7|27,7,,,,0
synthetic,smoke_pair,smoke_pair,train,smoke_pair,smoke_001,2.700,27,CB,smoke_pair|smoke_001|CB|7|27,7,,,,0
synthetic,smoke_pair,smoke_pair,train,smoke_pair,smoke_001,2.700,27,CA,smoke_pair|smoke_001|CA|8|27,8,,,,0
synthetic,smoke_pair,smoke_pair,train,smoke_pair,smoke_001,2.700,27,CB,smoke_pair|smoke_001|CB|8|27,8,,,,0
synthetic,smoke_pair,smoke_pair,train,smoke_pair,smoke_001,2.800,28,CA,smoke_pair|smoke_001|CA|1|28,1,,,,0
synthetic,smoke_pair,smoke_pair,train,smoke_pair,smoke_001,2.800,28,CB,smoke_pair|smoke_001|CB|1|28,1,,,,0
synthetic,smoke_pair,smoke_pair,train,smoke_pair,smoke_001,2.800,28,CA,smoke_pair|smoke_001|CA|2|28,2,,,,0
synthetic,smoke_pair,smoke_pair,train,smoke_pair,smoke_001,2.800,28,CB,smoke_pair|smoke_001|CB|2|28,2,,,,0
synthetic,smoke_pair,smoke_pair,train,smoke_pair,smoke_001,2.800,28,CA,smoke_pair|smoke_001|CA|3|28,3,,,,0
synthetic,smoke_pair,smoke_pair,train,smoke_pair,smoke_001,2.800,28,CB,smoke_pair|smoke_001|CB|3|28,3,,,,0
synthetic,smoke_pair,smoke_pair,train,smoke_pair,smoke_001,2.800,28,CA,smoke_pair|smoke_001|CA|4|28,4,,,,0
synthetic,smoke_pair,smoke_pair,train,smoke_pair,smoke_001,2.800,28,CB,smoke_pair|smoke_001|CB|4|28,4,,,,0
synthetic,smoke_pair,smoke_pair,train,smoke_pair,smoke_001,2.800,28,CA,smoke_pair|smoke_001|CA|5|28,5,,,,0
synthetic,smoke_pair,smoke_pair,train,smoke_pair,smoke_001,2.800,28,CB,smoke_pair|smoke_001|CB|5|28,5,,,,0
synthetic,smoke_pair,smoke_pair,train,smoke_pair,smoke_001,2.800,28,CA,smoke_pair|smoke_001|CA|6|28,6,,,,0
synthetic,smoke_pair,smoke_pair,train,smoke_pair,smoke_001,2.800,28,CB,smoke_pair|smoke_001|CB|6|28,6,,,,0
synthetic,smoke_pair,smoke_pair,train,smoke_pair,smoke_001,2.800,28,CA,smoke_pair|smoke_001|CA|7|28,7,,,,0
synthetic,smoke_pair,smoke_pair,train,smoke_pair,smoke_001,2.800,28,CB,smoke_pair|smoke_001|CB|7|28,7,,,,0
synthetic,smoke_pair,smoke_pair,train,smoke_pair,smoke_001,2.800,28,CA,smoke_pair|smoke_001|CA|8|28,8,,,,0
synthetic,smoke_pair,smoke_pair,train,smoke_pair,smoke_001,2.800,28,CB,smoke_pair|smoke_001|CB|8|28,8,,,,0
synthetic,smoke_pair,smoke_pair,train,smoke_pair,smoke_001,2.900,29,CA,smoke_pair|smoke_001|CA|1|29,1,,,,0
synthetic,smoke_pair,smoke_pair,train,smoke_pair,smoke_001,2.900,29,CB,smoke_pair|smoke_001|CB|1|29,1,,,,0
synthetic,smoke_pair,smoke_pair,train,smoke_pair,smoke_001,2.900,29,CA,smoke_pair|smoke_001|CA|2|29,2,,,,0
synthetic,smoke_pair,smoke_pair,train,smoke_pair,smoke_001,2.900,29,CB,smoke_pair|smoke_001|CB|2|29,2,,,,0
synthetic,smoke_pair,smoke_pair,train,smoke_pair,smoke_001,2.900,29,CA,smoke_pair|smoke_001|CA|3|29,3,,,,0
synthetic,smoke_pair,smoke_pair,train,smoke_pair,smoke_001,2.900,29,CB,smoke_pair|smoke_001|CB|3|29,3,,,,0
synthetic,smoke_pair,smoke_pair,train,smoke_pair,smoke_001,2.900,29,CA,smoke_pair|smoke_001|CA|4|29,4,,,,0
synthetic,smoke_pair,smoke_pair,train,smoke_pair,smoke_001,2.900,29,CB,smoke_pair|smoke_001|CB|4|29,4,,,,0
synthetic,smoke_pair,smoke_pair,train,smoke_pair,smoke_001,2.900,29,CA,smoke_pair|smoke_001|CA|5|29,5,,,,0
synthetic,smoke_pair,smoke_pair,train,smoke_pair,smoke_001,2.900,29,CB,smoke_pair|smoke_001|CB|5|29,5,,,,0
synthetic,smoke_pair,smoke_pair,train,smoke_pair,smoke_001,2.900,29,CA,smoke_pair|smoke_001|CA|6|29,6,,,,0
synthetic,smoke_pair,smoke_pair,train,smoke_pair,smoke_001,2.900,29,CB,smoke_pair|smoke_001|CB|6|29,6,,,,0
synthetic,smoke_pair,smoke_pair,train,smoke_pair,smoke_001,2.900,29,CA,smoke_pair|smoke_001|CA|7|29,7,,,,0
synthetic,smoke_pair,smoke_pair,train,smoke_pair,smoke_001,2.900,29,CB,smoke_pair|smoke_001|CB|7|29,7,,,,0
synthetic,smoke_pair,smoke_pair,train,smoke_pair,smoke_001,2.900,29,CA,smoke_pair|smoke_001|CA|8|29,8,,,,0
synthetic,smoke_pair,smoke_pair,train,smoke_pair,smoke_001,2.900,29,CB,smoke_pair|smoke_001|CB|8|29,8,,,,0
synthetic,smoke_pair,smoke_pair,train,smoke_pair,smoke_001,3.000,30,CA,smoke_pair|smoke_001|CA|1|30,1,,,,0
synthetic,smoke_pair,smoke_pair,train,smoke_pair,smoke_001,3.000,30,CB,smoke_pair|smoke_001|CB|1|30,1,,,,0
synthetic,smoke_pair,smoke_pair,train,smoke_pair,smoke_001,3.000,30,CA,smoke_pair|smoke_001|CA|2|30,2,,,,0
synthetic,smoke_pair,smoke_pair,train,smoke_pair,smoke_001,3.000,30,CB,smoke_pair|smoke_001|CB|2|30,2,,,,0
synthetic,smoke_pair,smoke_pair,train,smoke_pair,smoke_001,3.000,30,CA,smoke_pair|smoke_001|CA|3|30,3,,,,0
synthetic,smoke_pair,smoke_pair,train,smoke_pair,smoke_001,3.000,30,CB,smoke_pair|smoke_001|CB|3|30,3,,,,0
synthetic,smoke_pair,smoke_pair,train,smoke_pair,smoke_001,3.000,30,CA,smoke_pair|smoke_001|CA|4|30,4,,,,0
synthetic,smoke_pair,smoke_pair,train,smoke_pair,smoke_001,3.000,30,CB,smoke_pair|smoke_001|CB|4|30,4,,,,0
synthetic,smoke_pair,smoke_pair,train,smoke_pair,smoke_001,3.000,30,CA,smoke_pair|smoke_001|CA|5|30,5,,,,0
synthetic,smoke_pair,smoke_pair,train,smoke_pair,smoke_001,3.000,30,CB,smoke_pair|smoke_001|CB|5|30,5,,,,0
synthetic,smoke_pair,smoke_pair,train,smoke_pair,smoke_001,3.000,30,CA,smoke_pair|smoke_001|CA|6|30,6,,,,0
synthetic,smoke_pair,smoke_pair,train,smoke_pair,smoke_001,3.000,30,CB,smoke_pair|smoke_001|CB|6|30,6,,,,0
synthetic,smoke_pair,smoke_pair,train,smoke_pair,smoke_001,3.000,30,CA,smoke_pair|smoke_001|CA|7|30,7,,,,0
synthetic,smoke_pair,smoke_pair,train,smoke_pair,smoke_001,3.000,30,CB,smoke_pair|smoke_001|CB|7|30,7,,,,0
synthetic,smoke_pair,smoke_pair,train,smoke_pair,smoke_001,3.000,30,CA,smoke_pair|smoke_001|CA|8|30,8,,,,0
synthetic,smoke_pair,smoke_pair,train,smoke_pair,smoke_001,3.000,30,CB,smoke_pair|smoke_001|CB|8|30,8,,,,0
synthetic,smoke_pair,smoke_pair,train,smoke_pair,smoke_001,3.100,31,CA,smoke_pair|smoke_001|CA|1|31,1,,,,0
synthetic,smoke_pair,smoke_pair,train,smoke_pair,smoke_001,3.100,31,CB,smoke_pair|smoke_001|CB|1|31,1,,,,0
synthetic,smoke_pair,smoke_pair,train,smoke_pair,smoke_001,3.100,31,CA,smoke_pair|smoke_001|CA|2|31,2,,,,0
synthetic,smoke_pair,smoke_pair,train,smoke_pair,smoke_001,3.100,31,CB,smoke_pair|smoke_001|CB|2|31,2,,,,0
synthetic,smoke_pair,smoke_pair,train,smoke_pair,smoke_001,3.100,31,CA,smoke_pair|smoke_001|CA|3|31,3,,,,0
synthetic,smoke_pair,smoke_pair,train,smoke_pair,smoke_001,3.100,31,CB,smoke_pair|smoke_001|CB|3|31,3,,,,0
synthetic,smoke_pair,smoke_pair,train,smoke_pair,smoke_001,3.100,31,CA,smoke_pair|smoke_001|CA|4|31,4,,,,0
synthetic,smoke_pair,smoke_pair,train,smoke_pair,smoke_001,3.100,31,CB,smoke_pair|smoke_001|CB|4|31,4,,,,0
synthetic,smoke_pair,smoke_pair,train,smoke_pair,smoke_001,3.100,31,CA,smoke_pair|smoke_001|CA|5|31,5,,,,0
synthetic,smoke_pair,smoke_pair,train,smoke_pair,smoke_001,3.100,31,CB,smoke_pair|smoke_001|CB|5|31,5,,,,0
synthetic,smoke_pair,smoke_pair,train,smoke_pair,smoke_001,3.100,31,CA,smoke_pair|smoke_001|CA|6|31,6,,,,0
synthetic,smoke_pair,smoke_pair,train,smoke_pair,smoke_001,3.100,31,CB,smoke_pair|smoke_001|CB|6|31,6,,,,0
synthetic,smoke_pair,smoke_pair,train,smoke_pair,smoke_001,3.100,31,CA,smoke_pair|smoke_001|CA|7|31,7,,,,0
synthetic,smoke_pair,smoke_pair,train,smoke_pair,smoke_001,3.100,31,CB,smoke_pair|smoke_001|CB|7|31,7,,,,0
synthetic,smoke_pair,smoke_pair,train,smoke_pair,smoke_001,3.100,31,CA,smoke_pair|smoke_001|CA|8|31,8,,,,0
synthetic,smoke_pair,smoke_pair,train,smoke_pair,smoke_001,3.100,31,CB,smoke_pair|smoke_001|CB|8|31,8,,,,0
synthetic,smoke_pair,smoke_pair,train,smoke_pair,smoke_001,3.200,32,CA,smoke_pair|smoke_001|CA|1|32,1,,,,0
synthetic,smoke_pair,smoke_pair,train,smoke_pair,smoke_001,3.200,32,CB,smoke_pair|smoke_001|CB|1|32,1,,,,0
synthetic,smoke_pair,smoke_pair,train,smoke_pair,smoke_001,3.200,32,CA,smoke_pair|smoke_001|CA|2|32,2,,,,0
synthetic,smoke_pair,smoke_pair,train,smoke_pair,smoke_001,3.200,32,CB,smoke_pair|smoke_001|CB|2|32,2,,,,0
synthetic,smoke_pair,smoke_pair,train,smoke_pair,smoke_001,3.200,32,CA,smoke_pair|smoke_001|CA|3|32,3,,,,0
synthetic,smoke_pair,smoke_pair,train,smoke_pair,smoke_001,3.200,32,CB,smoke_pair|smoke_001|CB|3|32,3,,,,0
synthetic,smoke_pair,smoke_pair,train,smoke_pair,smoke_001,3.200,32,CA,smoke_pair|smoke_001|CA|4|32,4,,,,0
synthetic,smoke_pair,smoke_pair,train,smoke_pair,smoke_001,3.200,32,CB,smoke_pair|smoke_001|CB|4|32,4,,,,0
synthetic,smoke_pair,smoke_pair,train,smoke_pair,smoke_001,3.200,32,CA,smoke_pair|smoke_001|CA|5|32,5,,,,0
synthetic,smoke_pair,smoke_pair,train,smoke_pair,smoke_001,3.200,32,CB,smoke_pair|smoke_001|CB|5|32,5,,,,0
synthetic,smoke_pair,smoke_pair,train,smoke_pair,smoke_001,3.200,32,CA,smoke_pair|smoke_001|CA|6|32,6,,,,0
synthetic,smoke_pair,smoke_pair,train,smoke_pair,smoke_001,3.200,32,CB,smoke_pair|smoke_001|CB|6|32,6,,,,0
synthetic,smoke_pair,smoke_pair,train,smoke_pair,smoke_001,3.200,32,CA,smoke_pair|smoke_001|CA|7|32,7,,,,0
synthetic,smoke_pair,smoke_pair,train,smoke_pair,smoke_001,3.200,32,CB,smoke_pair|smoke_001|CB|7|32,7,,,,0
synthetic,smoke_pair,smoke_pair,train,smoke_pair,smoke_001,3.200,32,CA,smoke_pair|smoke_001|CA|8|32,8,,,,0
synthetic,smoke_pair,smoke_pair,train,smoke_pair,smoke_001,3.200,32,CB,smoke_pair|smoke_001|CB|8|32,8,,,,0
synthetic,smoke_pair,smoke_pair,train,smoke_pair,smoke_001,3.300,33,CA,smoke_pair|smoke_001|CA|1|33,1,,,,0
synthetic,smoke_pair,smoke_pair,train,smoke_pair,smoke_001,3.300,33,CB,smoke_pair|smoke_001|CB|1|33,1,,,,0
synthetic,smoke_pair,smoke_pair,train,smoke_pair,smoke_001,3.300,33,CA,smoke_pair|smoke_001|CA|2|33,2,,,,0
synthetic,smoke_pair,smoke_pair,train,smoke_pair,smoke_001,3.300,33,CB,smoke_pair|smoke_001|CB|2|33,2,,,,0
synthetic,smoke_pair,smoke_pair,train,smoke_pair,smoke_001,3.300,33,CA,smoke_pair|smoke_001|CA|3|33,3,,,,0
synthetic,smoke_pair,smoke_pair,train,smoke_pair,smoke_001,3.300,33,CB,smoke_pair|smoke_001|CB|3|33,3,,,,0
synthetic,smoke_pair,smoke_pair,train,smoke_pair,smoke_001,3.300,33,CA,smoke_pair|smoke_001|CA|4|33,4,,,,0
synthetic,smoke_pair,smoke_pair,train,smoke_pair,smoke_001,3.300,33,CB,smoke_pair|smoke_001|CB|4|33,4,,,,0
synthetic,smoke_pair,smoke_pair,train,smoke_pair,smoke_001,3.300,33,CA,smoke_pair|smoke_001|CA|5|33,5,,,,0
synthetic,smoke_pair,smoke_pair,train,smoke_pair,smoke_001,3.300,33,CB,smoke_pair|smoke_001|CB|5|33,5,,,,0
synthetic,smoke_pair,smoke_pair,train,smoke_pair,smoke_001,3.300,33,CA,smoke_pair|smoke_001|CA|6|33,6,,,,0
synthetic,smoke_pair,smoke_pair,train,smoke_pair,smoke_001,3.300,33,CB,smoke_pair|smoke_001|CB|6|33,6,,,,0
synthetic,smoke_pair,smoke_pair,train,smoke_pair,smoke_001,3.300,33,CA,smoke_pair|smoke_001|CA|7|33,7,,,,0
synthetic,smoke_pair,smoke_pair,train,smoke_pair,smoke_001,3.300,33,CB,smoke_pair|smoke_001|CB|7|33,7,,,,0
synthetic,smoke_pair,smoke_pair,train,smoke_pair,smoke_001,3.300,33,CA,smoke_pair|smoke_001|CA|8|33,8,,,,0
synthetic,smoke_pair,smoke_pair,train,smoke_pair,smoke_001,3.300,33,CB,smoke_pair|smoke_001|CB|8|33,8,,,,0
synthetic,smoke_pair,smoke_pair,train,smoke_pair,smoke_001,3.400,34,CA,smoke_pair|smoke_001|CA|1|34,1,,,,0
synthetic,smoke_pair,smoke_pair,train,smoke_pair,smoke_001,3.400,34,CB,smoke_pair|smoke_001|CB|1|34,1,,,,0
synthetic,smoke_pair,smoke_pair,train,smoke_pair,smoke_001,3.400,34,CA,smoke_pair|smoke_001|CA|2|34,2,,,,0
synthetic,smoke_pair,smoke_pair,train,smoke_pair,smoke_001,3.400,34,CB,smoke_pair|smoke_001|CB|2|34,2,,,,0
synthetic,smoke_pair,smoke_pair,train,smoke_pair,smoke_001,3.400,34,CA,smoke_pair|smoke_001|CA|3|34,3,,,,0
synthetic,smoke_pair,smoke_pair,train,smoke_pair,smoke_001,3.400,34,CB,smoke_pair|smoke_001|CB|3|34,3,,,,0
synthetic,smoke_pair,smoke_pair,train,smoke_pair,smoke_001,3.400,34,CA,smoke_pair|smoke_001|CA|4|34,4,,,,0
synthetic,smoke_pair,smoke_pair,train,smoke_pair,smoke_001,3.400,34,CB,smoke_pair|smoke_001|CB|4|34,4,,,,0
synthetic,smoke_pair,smoke_pair,train,smoke_pair,smoke_001,3.400,34,CA,smoke_pair|smoke_001|CA|5|34,5,,,,0
synthetic,smoke_pair,smoke_pair,train,smoke_pair,smoke_001,3.400,34,CB,smoke_pair|smoke_001|CB|5|34,5,,,,0
synthetic,smoke_pair,smoke_pair,train,smoke_pair,smoke_001,3.400,34,CA,smoke_pair|smoke_001|CA|6|34,6,,,,0
synthetic,smoke_pair,smoke_pair,train,smoke_pair,smoke_001,3.400,34,CB,smoke_pair|smoke_001|CB|6|34,6,,,,0
synthetic,smoke_pair,smoke_pair,train,smoke_pair,smoke_001,3.400,34,CA,smoke_pair|smoke_001|CA|7|34,7,,,,0
synthetic,smoke_pair,smoke_pair,train,smoke_pair,smoke_001,3.400,34,CB,smoke_pair|smoke_001|CB|7|34,7,,,,0
synthetic,smoke_pair,smoke_pair,train,smoke_pair,smoke_001,3.400,34,CA,smoke_pair|smoke_001|CA|8|34,8,,,,0
synthetic,smoke_pair,smoke_pair,train,smoke_pair,smoke_001,3.400,34,CB,smoke_pair|smoke_001|CB|8|34,8,,,,0
synthetic,smoke_pair,smoke_pair,train,smoke_pair,smoke_001,3.500,35,CA,smoke_pair|smoke_001|CA|1|35,1,,,,0
synthetic,smoke_pair,smoke_pair,train,smoke_pair,smoke_001,3.500,35,CB,smoke_pair|smoke_001|CB|1|35,1,,,,0
synthetic,smoke_pair,smoke_pair,train,smoke_pair,smoke_001,3.500,35,CA,smoke_pair|smoke_001|CA|2|35,2,,,,0
synthetic,smoke_pair,smoke_pair,train,smoke_pair,smoke_001,3.500,35,CB,smoke_pair|smoke_001|CB|2|35,2,,,,0
synthetic,smoke_pair,smoke_pair,train,smoke_pair,smoke_001,3.500,35,CA,smoke_pair|smoke_001|CA|3|35,3,,,,0
synthetic,smoke_pair,smoke_pair,train,smoke_pair,smoke_001,3.500,35,CB,smoke_pair|smoke_001|CB|3|35,3,,,,0
synthetic,smoke_pair,smoke_pair,train,smoke_pair,smoke_001,3.500,35,CA,smoke_pair|smoke_001|CA|4|35,4,,,,0
synthetic,smoke_pair,smoke_pair,train,smoke_pair,smoke_001,3.500,35,CB,smoke_pair|smoke_001|CB|4|35,4,,,,0
synthetic,smoke_pair,smoke_pair,train,smoke_pair,smoke_001,3.500,35,CA,smoke_pair|smoke_001|CA|5|35,5,,,,0
synthetic,smoke_pair,smoke_pair,train,smoke_pair,smoke_001,3.500,35,CB,smoke_pair|smoke_001|CB|5|35,5,,,,0
synthetic,smoke_pair,smoke_pair,train,smoke_pair,smoke_001,3.500,35,CA,smoke_pair|smoke_001|CA|6|35,6,,,,0
synthetic,smoke_pair,smoke_pair,train,smoke_pair,smoke_001,3.500,35,CB,smoke_pair|smoke_001|CB|6|35,6,,,,0
synthetic,smoke_pair,smoke_pair,train,smoke_pair,smoke_001,3.500,35,CA,smoke_pair|smoke_001|CA|7|35,7,,,,0
synthetic,smoke_pair,smoke_pair,train,smoke_pair,smoke_001,3.500,35,CB,smoke_pair|smoke_001|CB|7|35,7,,,,0
synthetic,smoke_pair,smoke_pair,train,smoke_pair,smoke_001,3.500,35,CA,smoke_pair|smoke_001|CA|8|35,8,,,,0
synthetic,smoke_pair,smoke_pair,train,smoke_pair,smoke_001,3.500,35,CB,smoke_pair|smoke_001|CB|8|35,8,,,,0
synthetic,smoke_pair,smoke_pair,train,smoke_pair,smoke_001,3.600,36,CA,smoke_pair|smoke_001|CA|1|36,1,,,,0
synthetic,smoke_pair,smoke_pair,train,smoke_pair,smoke_001,3.600,36,CB,smoke_pair|smoke_001|CB|1|36,1,,,,0
synthetic,smoke_pair,smoke_pair,train,smoke_pair,smoke_001,3.600,36,CA,smoke_pair|smoke_001|CA|2|36,2,,,,0
synthetic,smoke_pair,smoke_pair,train,smoke_pair,smoke_001,3.600,36,CB,smoke_pair|smoke_001|CB|2|36,2,,,,0
synthetic,smoke_pair,smoke_pair,train,smoke_pair,smoke_001,3.600,36,CA,smoke_pair|smoke_001|CA|3|36,3,,,,0
synthetic,smoke_pair,smoke_pair,train,smoke_pair,smoke_001,3.600,36,CB,smoke_pair|smoke_001|CB|3|36,3,,,,0
synthetic,smoke_pair,smoke_pair,train,smoke_pair,smoke_001,3.600,36,CA,smoke_pair|smoke_001|CA|4|36,4,,,,0
synthetic,smoke_pair,smoke_pair,train,smoke_pair,smoke_001,3.600,36,CB,smoke_pair|smoke_001|CB|4|36,4,,,,0
synthetic,smoke_pair,smoke_pair,train,smoke_pair,smoke_001,3.600,36,CA,smoke_pair|smoke_001|CA|5|36,5,,,,0
synthetic,smoke_pair,smoke_pair,train,smoke_pair,smoke_001,3.600,36,CB,smoke_pair|smoke_001|CB|5|36,5,,,,0
synthetic,smoke_pair,smoke_pair,train,smoke_pair,smoke_001,3.600,36,CA,smoke_pair|smoke_001|CA|6|36,6,,,,0
synthetic,smoke_pair,smoke_pair,train,smoke_pair,smoke_001,3.600,36,CB,smoke_pair|smoke_001|CB|6|36,6,,,,0
synthetic,smoke_pair,smoke_pair,train,smoke_pair,smoke_001,3.600,36,CA,smoke_pair|smoke_001|CA|7|36,7,,,,0
synthetic,smoke_pair,smoke_pair,train,smoke_pair,smoke_001,3.600,36,CB,smoke_pair|smoke_001|CB|7|36,7,,,,0
synthetic,smoke_pair,smoke_pair,train,smoke_pair,smoke_001,3.600,36,CA,smoke_pair|smoke_001|CA|8|36,8,,,,0
synthetic,smoke_pair,smoke_pair,train,smoke_pair,smoke_001,3.600,36,CB,smoke_pair|smoke_001|CB|8|36,8,,,,0
synthetic,smoke_pair,smoke_pair,train,smoke_pair,smoke_001,3.700,37,CA,smoke_pair|smoke_001|CA|1|37,1,,,,0
synthetic,smoke_pair,smoke_pair,train,smoke_pair,smoke_001,3.700,37,CB,smoke_pair|smoke_001|CB|1|37,1,,,,0
synthetic,smoke_pair,smoke_pair,train,smoke_pair,smoke_001,3.700,37,CA,smoke_pair|smoke_001|CA|2|37,2,,,,0
synthetic,smoke_pair,smoke_pair,train,smoke_pair,smoke_001,3.700,37,CB,smoke_pair|smoke_001|CB|2|37,2,,,,0
synthetic,smoke_pair,smoke_pair,train,smoke_pair,smoke_001,3.700,37,CA,smoke_pair|smoke_001|CA|3|37,3,,,,0
synthetic,smoke_pair,smoke_pair,train,smoke_pair,smoke_001,3.700,37,CB,smoke_pair|smoke_001|CB|3|37,3,,,,0
synthetic,smoke_pair,smoke_pair,train,smoke_pair,smoke_001,3.700,37,CA,smoke_pair|smoke_001|CA|4|37,4,,,,0
synthetic,smoke_pair,smoke_pair,train,smoke_pair,smoke_001,3.700,37,CB,smoke_pair|smoke_001|CB|4|37,4,,,,0
synthetic,smoke_pair,smoke_pair,train,smoke_pair,smoke_001,3.700,37,CA,smoke_pair|smoke_001|CA|5|37,5,,,,0
synthetic,smoke_pair,smoke_pair,train,smoke_pair,smoke_001,3.700,37,CB,smoke_pair|smoke_001|CB|5|37,5,,,,0
synthetic,smoke_pair,smoke_pair,train,smoke_pair,smoke_001,3.700,37,CA,smoke_pair|smoke_001|CA|6|37,6,,,,0
synthetic,smoke_pair,smoke_pair,train,smoke_pair,smoke_001,3.700,37,CB,smoke_pair|smoke_001|CB|6|37,6,,,,0
synthetic,smoke_pair,smoke_pair,train,smoke_pair,smoke_001,3.700,37,CA,smoke_pair|smoke_001|CA|7|37,7,,,,0
synthetic,smoke_pair,smoke_pair,train,smoke_pair,smoke_001,3.700,37,CB,smoke_pair|smoke_001|CB|7|37,7,,,,0
synthetic,smoke_pair,smoke_pair,train,smoke_pair,smoke_001,3.700,37,CA,smoke_pair|smoke_001|CA|8|37,8,,,,0
synthetic,smoke_pair,smoke_pair,train,smoke_pair,smoke_001,3.700,37,CB,smoke_pair|smoke_001|CB|8|37,8,,,,0
synthetic,smoke_pair,smoke_pair,train,smoke_pair,smoke_001,3.800,38,CA,smoke_pair|smoke_001|CA|1|38,1,,,,0
synthetic,smoke_pair,smoke_pair,train,smoke_pair,smoke_001,3.800,38,CB,smoke_pair|smoke_001|CB|1|38,1,,,,0
synthetic,smoke_pair,smoke_pair,train,smoke_pair,smoke_001,3.800,38,CA,smoke_pair|smoke_001|CA|2|38,2,,,,0
synthetic,smoke_pair,smoke_pair,train,smoke_pair,smoke_001,3.800,38,CB,smoke_pair|smoke_001|CB|2|38,2,,,,0
synthetic,smoke_pair,smoke_pair,train,smoke_pair,smoke_001,3.800,38,CA,smoke_pair|smoke_001|CA|3|38,3,,,,0
synthetic,smoke_pair,smoke_pair,train,smoke_pair,smoke_001,3.800,38,CB,smoke_pair|smoke_001|CB|3|38,3,,,,0
synthetic,smoke_pair,smoke_pair,train,smoke_pair,smoke_001,3.800,38,CA,smoke_pair|smoke_001|CA|4|38,4,,,,0
synthetic,smoke_pair,smoke_pair,train,smoke_pair,smoke_001,3.800,38,CB,smoke_pair|smoke_001|CB|4|38,4,,,,0
synthetic,smoke_pair,smoke_pair,train,smoke_pair,smoke_001,3.800,38,CA,smoke_pair|smoke_001|CA|5|38,5,,,,0
synthetic,smoke_pair,smoke_pair,train,smoke_pair,smoke_001,3.800,38,CB,smoke_pair|smoke_001|CB|5|38,5,,,,0
synthetic,smoke_pair,smoke_pair,train,smoke_pair,smoke_001,3.800,38,CA,smoke_pair|smoke_001|CA|6|38,6,,,,0
synthetic,smoke_pair,smoke_pair,train,smoke_pair,smoke_001,3.800,38,CB,smoke_pair|smoke_001|CB|6|38,6,,,,0
synthetic,smoke_pair,smoke_pair,train,smoke_pair,smoke_001,3.800,38,CA,smoke_pair|smoke_001|CA|7|38,7,,,,0
synthetic,smoke_pair,smoke_pair,train,smoke_pair,smoke_001,3.800,38,CB,smoke_pair|smoke_001|CB|7|38,7,,,,0
synthetic,smoke_pair,smoke_pair,train,smoke_pair,smoke_001,3.800,38,CA,smoke_pair|smoke_001|CA|8|38,8,,,,0
synthetic,smoke_pair,smoke_pair,train,smoke_pair,smoke_001,3.800,38,CB,smoke_pair|smoke_001|CB|8|38,8,,,,0
synthetic,smoke_pair,smoke_pair,train,smoke_pair,smoke_001,3.900,39,CA,smoke_pair|smoke_001|CA|1|39,1,,,,0
synthetic,smoke_pair,smoke_pair,train,smoke_pair,smoke_001,3.900,39,CB,smoke_pair|smoke_001|CB|1|39,1,,,,0
synthetic,smoke_pair,smoke_pair,train,smoke_pair,smoke_001,3.900,39,CA,smoke_pair|smoke_001|CA|2|39,2,,,,0
synthetic,smoke_pair,smoke_pair,train,smoke_pair,smoke_001,3.900,39,CB,smoke_pair|smoke_001|CB|2|39,2,,,,0
synthetic,smoke_pair,smoke_pair,train,smoke_pair,smoke_001,3.900,39,CA,smoke_pair|smoke_001|CA|3|39,3,,,,0
synthetic,smoke_pair,smoke_pair,train,smoke_pair,smoke_001,3.900,39,CB,smoke_pair|smoke_001|CB|3|39,3,,,,0
synthetic,smoke_pair,smoke_pair,train,smoke_pair,smoke_001,3.900,39,CA,smoke_pair|smoke_001|CA|4|39,4,,,,0
synthetic,smoke_pair,smoke_pair,train,smoke_pair,smoke_001,3.900,39,CB,smoke_pair|smoke_001|CB|4|39,4,,,,0
synthetic,smoke_pair,smoke_pair,train,smoke_pair,smoke_001,3.900,39,CA,smoke_pair|smoke_001|CA|5|39,5,,,,0
synthetic,smoke_pair,smoke_pair,train,smoke_pair,smoke_001,3.900,39,CB,smoke_pair|smoke_001|CB|5|39,5,,,,0
synthetic,smoke_pair,smoke_pair,train,smoke_pair,smoke_001,3.900,39,CA,smoke_pair|smoke_001|CA|6|39,6,,,,0
synthetic,smoke_pair,smoke_pair,train,smoke_pair,smoke_001,3.900,39,CB,smoke_pair|smoke_001|CB|6|39,6,,,,0
synthetic,smoke_pair,smoke_pair,train,smoke_pair,smoke_001,3.900,39,CA,smoke_pair|smoke_001|CA|7|39,7,,,,0
synthetic,smoke_pair,smoke_pair,train,smoke_pair,smoke_001,3.900,39,CB,smoke_pair|smoke_001|CB|7|39,7,,,,0
synthetic,smoke_pair,smoke_pair,train,smoke_pair,smoke_001,3.900,39,CA,smoke_pair|smoke_001|CA|8|39,8,,,,0
synthetic,smoke_pair,smoke_pair,train,smoke_pair,smoke_001,3.900,39,CB,smoke_pair|smoke_001|CB|8|39,8,,,,0
synthetic,smoke_pair,smoke_pair,train,smoke_pair,smoke_001,4.000,40,CA,smoke_pair|smoke_001|CA|1|40,1,,,,0
synthetic,smoke_pair,smoke_pair,train,smoke_pair,smoke_001,4.000,40,CB,smoke_pair|smoke_001|CB|1|40,1,,,,0
synthetic,smoke_pair,smoke_pair,train,smoke_pair,smoke_001,4.000,40,CA,smoke_pair|smoke_001|CA|2|40,2,,,,0
synthetic,smoke_pair,smoke_pair,train,smoke_pair,smoke_001,4.000,40,CB,smoke_pair|smoke_001|CB|2|40,2,,,,0
synthetic,smoke_pair,smoke_pair,train,smoke_pair,smoke_001,4.000,40,CA,smoke_pair|smoke_001|CA|3|40,3,,,,0
synthetic,smoke_pair,smoke_pair,train,smoke_pair,smoke_001,4.000,40,CB,smoke_pair|smoke_001|CB|3|40,3,,,,0
synthetic,smoke_pair,smoke_pair,train,smoke_pair,smoke_001,4.000,40,CA,smoke_pair|smoke_001|CA|4|40,4,,,,0
synthetic,smoke_pair,smoke_pair,train,smoke_pair,smoke_001,4.000,40,CB,smoke_pair|smoke_001|CB|4|40,4,,,,0
synthetic,smoke_pair,smoke_pair,train,smoke_pair,smoke_001,4.000,40,CA,smoke_pair|smoke_001|CA|5|40,5,,,,0
synthetic,smoke_pair,smoke_pair,train,smoke_pair,smoke_001,4.000,40,CB,smoke_pair|smoke_001|CB|5|40,5,,,,0
synthetic,smoke_pair,smoke_pair,train,smoke_pair,smoke_001,4.000,40,CA,smoke_pair|smoke_001|CA|6|40,6,,,,0
synthetic,smoke_pair,smoke_pair,train,smoke_pair,smoke_001,4.000,40,CB,smoke_pair|smoke_001|CB|6|40,6,,,,0
synthetic,smoke_pair,smoke_pair,train,smoke_pair,smoke_001,4.000,40,CA,smoke_pair|smoke_001|CA|7|40,7,,,,0
synthetic,smoke_pair,smoke_pair,train,smoke_pair,smoke_001,4.000,40,CB,smoke_pair|smoke_001|CB|7|40,7,,,,0
synthetic,smoke_pair,smoke_pair,train,smoke_pair,smoke_001,4.000,40,CA,smoke_pair|smoke_001|CA|8|40,8,,,,0
synthetic,smoke_pair,smoke_pair,train,smoke_pair,smoke_001,4.000,40,CB,smoke_pair|smoke_001|CB|8|40,8,,,,0
synthetic,smoke_pair,smoke_pair,train,smoke_pair,smoke_001,4.100,41,CA,smoke_pair|smoke_001|CA|1|41,1,,,,0
synthetic,smoke_pair,smoke_pair,train,smoke_pair,smoke_001,4.100,41,CB,smoke_pair|smoke_001|CB|1|41,1,,,,0
synthetic,smoke_pair,smoke_pair,train,smoke_pair,smoke_001,4.100,41,CA,smoke_pair|smoke_001|CA|2|41,2,,,,0
synthetic,smoke_pair,smoke_pair,train,smoke_pair,smoke_001,4.100,41,CB,smoke_pair|smoke_001|CB|2|41,2,,,,0
synthetic,smoke_pair,smoke_pair,train,smoke_pair,smoke_001,4.100,41,CA,smoke_pair|smoke_001|CA|3|41,3,,,,0
synthetic,smoke_pair,smoke_pair,train,smoke_pair,smoke_001,4.100,41,CB,smoke_pair|smoke_001|CB|3|41,3,,,,0
synthetic,smoke_pair,smoke_pair,train,smoke_pair,smoke_001,4.100,41,CA,smoke_pair|smoke_001|CA|4|41,4,,,,0
synthetic,smoke_pair,smoke_pair,train,smoke_pair,smoke_001,4.100,41,CB,smoke_pair|smoke_001|CB|4|41,4,,,,0
synthetic,smoke_pair,smoke_pair,train,smoke_pair,smoke_001,4.100,41,CA,smoke_pair|smoke_001|CA|5|41,5,,,,0
synthetic,smoke_pair,smoke_pair,train,smoke_pair,smoke_001,4.100,41,CB,smoke_pair|smoke_001|CB|5|41,5,,,,0
synthetic,smoke_pair,smoke_pair,train,smoke_pair,smoke_001,4.100,41,CA,smoke_pair|smoke_001|CA|6|41,6,,,,0
synthetic,smoke_pair,smoke_pair,train,smoke_pair,smoke_001,4.100,41,CB,smoke_pair|smoke_001|CB|6|41,6,,,,0
synthetic,smoke_pair,smoke_pair,train,smoke_pair,smoke_001,4.100,41,CA,smoke_pair|smoke_001|CA|7|41,7,,,,0
synthetic,smoke_pair,smoke_pair,train,smoke_pair,smoke_001,4.100,41,CB,smoke_pair|smoke_001|CB|7|41,7,,,,0
synthetic,smoke_pair,smoke_pair,train,smoke_pair,smoke_001,4.100,41,CA,smoke_pair|smoke_001|CA|8|41,8,,,,0
synthetic,smoke_pair,smoke_pair,train,smoke_pair,smoke_001,4.100,41,CB,smoke_pair|smoke_001|CB|8|41,8,,,,0
synthetic,smoke_pair,smoke_pair,train,smoke_pair,smoke_001,4.200,42,CA,smoke_pair|smoke_001|CA|1|42,1,,,,0
synthetic,smoke_pair,smoke_pair,train,smoke_pair,smoke_001,4.200,42,CB,smoke_pair|smoke_001|CB|1|42,1,,,,0
synthetic,smoke_pair,smoke_pair,train,smoke_pair,smoke_001,4.200,42,CA,smoke_pair|smoke_001|CA|2|42,2,,,,0
synthetic,smoke_pair,smoke_pair,train,smoke_pair,smoke_001,4.200,42,CB,smoke_pair|smoke_001|CB|2|42,2,,,,0
synthetic,smoke_pair,smoke_pair,train,smoke_pair,smoke_001,4.200,42,CA,smoke_pair|smoke_001|CA|3|42,3,,,,0
synthetic,smoke_pair,smoke_pair,train,smoke_pair,smoke_001,4.200,42,CB,smoke_pair|smoke_001|CB|3|42,3,,,,0
synthetic,smoke_pair,smoke_pair,train,smoke_pair,smoke_001,4.200,42,CA,smoke_pair|smoke_001|CA|4|42,4,,,,0
synthetic,smoke_pair,smoke_pair,train,smoke_pair,smoke_001,4.200,42,CB,smoke_pair|smoke_001|CB|4|42,4,,,,0
synthetic,smoke_pair,smoke_pair,train,smoke_pair,smoke_001,4.200,42,CA,smoke_pair|smoke_001|CA|5|42,5,,,,0
synthetic,smoke_pair,smoke_pair,train,smoke_pair,smoke_001,4.200,42,CB,smoke_pair|smoke_001|CB|5|42,5,,,,0
synthetic,smoke_pair,smoke_pair,train,smoke_pair,smoke_001,4.200,42,CA,smoke_pair|smoke_001|CA|6|42,6,,,,0
synthetic,smoke_pair,smoke_pair,train,smoke_pair,smoke_001,4.200,42,CB,smoke_pair|smoke_001|CB|6|42,6,,,,0
synthetic,smoke_pair,smoke_pair,train,smoke_pair,smoke_001,4.200,42,CA,smoke_pair|smoke_001|CA|7|42,7,,,,0
synthetic,smoke_pair,smoke_pair,train,smoke_pair,smoke_001,4.200,42,CB,smoke_pair|smoke_001|CB|7|42,7,,,,0
synthetic,smoke_pair,smoke_pair,train,smoke_pair,smoke_001,4.200,42,CA,smoke_pair|smoke_001|CA|8|42,8,,,,0
synthetic,smoke_pair,smoke_pair,train,smoke_pair,smoke_001,4.200,42,CB,smoke_pair|smoke_001|CB|8|42,8,,,,0
synthetic,smoke_pair,smoke_pair,train,smoke_pair,smoke_001,4.300,43,CA,smoke_pair|smoke_001|CA|1|43,1,,,,0
synthetic,smoke_pair,smoke_pair,train,smoke_pair,smoke_001,4.300,43,CB,smoke_pair|smoke_001|CB|1|43,1,,,,0
synthetic,smoke_pair,smoke_pair,train,smoke_pair,smoke_001,4.300,43,CA,smoke_pair|smoke_001|CA|2|43,2,,,,0
synthetic,smoke_pair,smoke_pair,train,smoke_pair,smoke_001,4.300,43,CB,smoke_pair|smoke_001|CB|2|43,2,,,,0
synthetic,smoke_pair,smoke_pair,train,smoke_pair,smoke_001,4.300,43,CA,smoke_pair|smoke_001|CA|3|43,3,,,,0
synthetic,smoke_pair,smoke_pair,train,smoke_pair,smoke_001,4.300,43,CB,smoke_pair|smoke_001|CB|3|43,3,,,,0
synthetic,smoke_pair,smoke_pair,train,smoke_pair,smoke_001,4.300,43,CA,smoke_pair|smoke_001|CA|4|43,4,,,,0
synthetic,smoke_pair,smoke_pair,train,smoke_pair,smoke_001,4.300,43,CB,smoke_pair|smoke_001|CB|4|43,4,,,,0
synthetic,smoke_pair,smoke_pair,train,smoke_pair,smoke_001,4.300,43,CA,smoke_pair|smoke_001|CA|5|43,5,,,,0
synthetic,smoke_pair,smoke_pair,train,smoke_pair,smoke_001,4.300,43,CB,smoke_pair|smoke_001|CB|5|43,5,,,,0
synthetic,smoke_pair,smoke_pair,train,smoke_pair,smoke_001,4.300,43,CA,smoke_pair|smoke_001|CA|6|43,6,,,,0
synthetic,smoke_pair,smoke_pair,train,smoke_pair,smoke_001,4.300,43,CB,smoke_pair|smoke_001|CB|6|43,6,,,,0
synthetic,smoke_pair,smoke_pair,train,smoke_pair,smoke_001,4.300,43,CA,smoke_pair|smoke_001|CA|7|43,7,,,,0
synthetic,smoke_pair,smoke_pair,train,smoke_pair,smoke_001,4.300,43,CB,smoke_pair|smoke_001|CB|7|43,7,,,,0
synthetic,smoke_pair,smoke_pair,train,smoke_pair,smoke_001,4.300,43,CA,smoke_pair|smoke_001|CA|8|43,8,,,,0
synthetic,smoke_pair,smoke_pair,train,smoke_pair,smoke_001,4.300,43,CB,smoke_pair|smoke_001|CB|8|43,8,,,,0
synthetic,smoke_pair,smoke_pair,train,smoke_pair,smoke_001,4.400,44,CA,smoke_pair|smoke_001|CA|1|44,1,,,,0
synthetic,smoke_pair,smoke_pair,train,smoke_pair,smoke_001,4.400,44,CB,smoke_pair|smoke_001|CB|1|44,1,,,,0
synthetic,smoke_pair,smoke_pair,train,smoke_pair,smoke_001,4.400,44,CA,smoke_pair|smoke_001|CA|2|44,2,,,,0
synthetic,smoke_pair,smoke_pair,train,smoke_pair,smoke_001,4.400,44,CB,smoke_pair|smoke_001|CB|2|44,2,,,,0
synthetic,smoke_pair,smoke_pair,train,smoke_pair,smoke_001,4.400,44,CA,smoke_pair|smoke_001|CA|3|44,3,,,,0
synthetic,smoke_pair,smoke_pair,train,smoke_pair,smoke_001,4.400,44,CB,smoke_pair|smoke_001|CB|3|44,3,,,,0
synthetic,smoke_pair,smoke_pair,train,smoke_pair,smoke_001,4.400,44,CA,smoke_pair|smoke_001|CA|4|44,4,,,,0
synthetic,smoke_pair,smoke_pair,train,smoke_pair,smoke_001,4.400,44,CB,smoke_pair|smoke_001|CB|4|44,4,,,,0
synthetic,smoke_pair,smoke_pair,train,smoke_pair,smoke_001,4.400,44,CA,smoke_pair|smoke_001|CA|5|44,5,,,,0
synthetic,smoke_pair,smoke_pair,train,smoke_pair,smoke_001,4.400,44,CB,smoke_pair|smoke_001|CB|5|44,5,,,,0
synthetic,smoke_pair,smoke_pair,train,smoke_pair,smoke_001,4.400,44,CA,smoke_pair|smoke_001|CA|6|44,6,,,,0
synthetic,smoke_pair,smoke_pair,train,smoke_pair,smoke_001,4.400,44,CB,smoke_pair|smoke_001|CB|6|44,6,,,,0
synthetic,smoke_pair,smoke_pair,train,smoke_pair,smoke_001,4.400,44,CA,smoke_pair|smoke_001|CA|7|44,7,,,,0
synthetic,smoke_pair,smoke_pair,train,smoke_pair,smoke_001,4.400,44,CB,smoke_pair|smoke_001|CB|7|44,7,,,,0
synthetic,smoke_pair,smoke_pair,train,smoke_pair,smoke_001,4.400,44,CA,smoke_pair|smoke_001|CA|8|44,8,,,,0
synthetic,smoke_pair,smoke_pair,train,smoke_pair,smoke_001,4.400,44,CB,smoke_pair|smoke_001|CB|8|44,8,,,,0
synthetic,smoke_pair,smoke_pair,train,smoke_pair,smoke_001,4.500,45,CA,smoke_pair|smoke_001|CA|1|45,1,,,,0
synthetic,smoke_pair,smoke_pair,train,smoke_pair,smoke_001,4.500,45,CB,smoke_pair|smoke_001|CB|1|45,1,,,,0
synthetic,smoke_pair,smoke_pair,train,smoke_pair,smoke_001,4.500,45,CA,smoke_pair|smoke_001|CA|2|45,2,,,,0
synthetic,smoke_pair,smoke_pair,train,smoke_pair,smoke_001,4.500,45,CB,smoke_pair|smoke_001|CB|2|45,2,,,,0
synthetic,smoke_pair,smoke_pair,train,smoke_pair,smoke_001,4.500,45,CA,smoke_pair|smoke_001|CA|3|45,3,,,,0
synthetic,smoke_pair,smoke_pair,train,smoke_pair,smoke_001,4.500,45,CB,smoke_pair|smoke_001|CB|3|45,3,,,,0
synthetic,smoke_pair,smoke_pair,train,smoke_pair,smoke_001,4.500,45,CA,smoke_pair|smoke_001|CA|4|45,4,,,,0
synthetic,smoke_pair,smoke_pair,train,smoke_pair,smoke_001,4.500,45,CB,smoke_pair|smoke_001|CB|4|45,4,,,,0
synthetic,smoke_pair,smoke_pair,train,smoke_pair,smoke_001,4.500,45,CA,smoke_pair|smoke_001|CA|5|45,5,,,,0
synthetic,smoke_pair,smoke_pair,train,smoke_pair,smoke_001,4.500,45,CB,smoke_pair|smoke_001|CB|5|45,5,,,,0
synthetic,smoke_pair,smoke_pair,train,smoke_pair,smoke_001,4.500,45,CA,smoke_pair|smoke_001|CA|6|45,6,,,,0
synthetic,smoke_pair,smoke_pair,train,smoke_pair,smoke_001,4.500,45,CB,smoke_pair|smoke_001|CB|6|45,6,,,,0
synthetic,smoke_pair,smoke_pair,train,smoke_pair,smoke_001,4.500,45,CA,smoke_pair|smoke_001|CA|7|45,7,,,,0
synthetic,smoke_pair,smoke_pair,train,smoke_pair,smoke_001,4.500,45,CB,smoke_pair|smoke_001|CB|7|45,7,,,,0
synthetic,smoke_pair,smoke_pair,train,smoke_pair,smoke_001,4.500,45,CA,smoke_pair|smoke_001|CA|8|45,8,,,,0
synthetic,smoke_pair,smoke_pair,train,smoke_pair,smoke_001,4.500,45,CB,smoke_pair|smoke_001|CB|8|45,8,,,,0
synthetic,smoke_pair,smoke_pair,train,smoke_pair,smoke_001,4.600,46,CA,smoke_pair|smoke_001|CA|1|46,1,,,,0
synthetic,smoke_pair,smoke_pair,train,smoke_pair,smoke_001,4.600,46,CB,smoke_pair|smoke_001|CB|1|46,1,,,,0
synthetic,smoke_pair,smoke_pair,train,smoke_pair,smoke_001,4.600,46,CA,smoke_pair|smoke_001|CA|2|46,2,,,,0
synthetic,smoke_pair,smoke_pair,train,smoke_pair,smoke_001,4.600,46,CB,smoke_pair|smoke_001|CB|2|46,2,,,,0
synthetic,smoke_pair,smoke_pair,train,smoke_pair,smoke_001,4.600,46,CA,smoke_pair|smoke_001|CA|3|46,3,,,,0
synthetic,smoke_pair,smoke_pair,train,smoke_pair,smoke_001,4.600,46,CB,smoke_pair|smoke_001|CB|3|46,3,,,,0
synthetic,smoke_pair,smoke_pair,train,smoke_pair,smoke_001,4.600,46,CA,smoke_pair|smoke_001|CA|4|46,4,,,,0
synthetic,smoke_pair,smoke_pair,train,smoke_pair,smoke_001,4.600,46,CB,smoke_pair|smoke_001|CB|4|46,4,,,,0
synthetic,smoke_pair,smoke_pair,train,smoke_pair,smoke_001,4.600,46,CA,smoke_pair|smoke_001|CA|5|46,5,,,,0
synthetic,smoke_pair,smoke_pair,train,smoke_pair,smoke_001,4.600,46,CB,smoke_pair|smoke_001|CB|5|46,5,,,,0
synthetic,smoke_pair,smoke_pair,train,smoke_pair,smoke_001,4.600,46,CA,smoke_pair|smoke_001|CA|6|46,6,,,,0
synthetic,smoke_pair,smoke_pair,train,smoke_pair,smoke_001,4.600,46,CB,smoke_pair|smoke_001|CB|6|46,6,,,,0
synthetic,smoke_pair,smoke_pair,train,smoke_pair,smoke_001,4.600,46,CA,smoke_pair|smoke_001|CA|7|46,7,,,,0
synthetic,smoke_pair,smoke_pair,train,smoke_pair,smoke_001,4.600,46,CB,smoke_pair|smoke_001|CB|7|46,7,,,,0
synthetic,smoke_pair,smoke_pair,train,smoke_pair,smoke_001,4.600,46,CA,smoke_pair|smoke_001|CA|8|46,8,,,,0
synthetic,smoke_pair,smoke_pair,train,smoke_pair,smoke_001,4.600,46,CB,smoke_pair|smoke_001|CB|8|46,8,,,,0
synthetic,smoke_pair,smoke_pair,train,smoke_pair,smoke_001,4.700,47,CA,smoke_pair|smoke_001|CA|1|47,1,,,,0
synthetic,smoke_pair,smoke_pair,train,smoke_pair,smoke_001,4.700,47,CB,smoke_pair|smoke_001|CB|1|47,1,,,,0
synthetic,smoke_pair,smoke_pair,train,smoke_pair,smoke_001,4.700,47,CA,smoke_pair|smoke_001|CA|2|47,2,,,,0
synthetic,smoke_pair,smoke_pair,train,smoke_pair,smoke_001,4.700,47,CB,smoke_pair|smoke_001|CB|2|47,2,,,,0
synthetic,smoke_pair,smoke_pair,train,smoke_pair,smoke_001,4.700,47,CA,smoke_pair|smoke_001|CA|3|47,3,,,,0
synthetic,smoke_pair,smoke_pair,train,smoke_pair,smoke_001,4.700,47,CB,smoke_pair|smoke_001|CB|3|47,3,,,,0
synthetic,smoke_pair,smoke_pair,train,smoke_pair,smoke_001,4.700,47,CA,smoke_pair|smoke_001|CA|4|47,4,,,,0
synthetic,smoke_pair,smoke_pair,train,smoke_pair,smoke_001,4.700,47,CB,smoke_pair|smoke_001|CB|4|47,4,,,,0
synthetic,smoke_pair,smoke_pair,train,smoke_pair,smoke_001,4.700,47,CA,smoke_pair|smoke_001|CA|5|47,5,,,,0
synthetic,smoke_pair,smoke_pair,train,smoke_pair,smoke_001,4.700,47,CB,smoke_pair|smoke_001|CB|5|47,5,,,,0
synthetic,smoke_pair,smoke_pair,train,smoke_pair,smoke_001,4.700,47,CA,smoke_pair|smoke_001|CA|6|47,6,,,,0
synthetic,smoke_pair,smoke_pair,train,smoke_pair,smoke_001,4.700,47,CB,smoke_pair|smoke_001|CB|6|47,6,,,,0
synthetic,smoke_pair,smoke_pair,train,smoke_pair,smoke_001,4.700,47,CA,smoke_pair|smoke_001|CA|7|47,7,,,,0
synthetic,smoke_pair,smoke_pair,train,smoke_pair,smoke_001,4.700,47,CB,smoke_pair|smoke_001|CB|7|47,7,,,,0
synthetic,smoke_pair,smoke_pair,train,smoke_pair,smoke_001,4.700,47,CA,smoke_pair|smoke_001|CA|8|47,8,,,,0
synthetic,smoke_pair,smoke_pair,train,smoke_pair,smoke_001,4.700,47,CB,smoke_pair|smoke_001|CB|8|47,8,,,,0
synthetic,smoke_pair,smoke_pair,train,smoke_pair,smoke_001,4.800,48,CA,smoke_pair|smoke_001|CA|1|48,1,,,,0
synthetic,smoke_pair,smoke_pair,train,smoke_pair,smoke_001,4.800,48,CB,smoke_pair|smoke_001|CB|1|48,1,,,,0
synthetic,smoke_pair,smoke_pair,train,smoke_pair,smoke_001,4.800,48,CA,smoke_pair|smoke_001|CA|2|48,2,,,,0
synthetic,smoke_pair,smoke_pair,train,smoke_pair,smoke_001,4.800,48,CB,smoke_pair|smoke_001|CB|2|48,2,,,,0
synthetic,smoke_pair,smoke_pair,train,smoke_pair,smoke_001,4.800,48,CA,smoke_pair|smoke_001|CA|3|48,3,,,,0
synthetic,smoke_pair,smoke_pair,train,smoke_pair,smoke_001,4.800,48,CB,smoke_pair|smoke_001|CB|3|48,3,,,,0
synthetic,smoke_pair,smoke_pair,train,smoke_pair,smoke_001,4.800,48,CA,smoke_pair|smoke_001|CA|4|48,4,,,,0
synthetic,smoke_pair,smoke_pair,train,smoke_pair,smoke_001,4.800,48,CB,smoke_pair|smoke_001|CB|4|48,4,,,,0
synthetic,smoke_pair,smoke_pair,train,smoke_pair,smoke_001,4.800,48,CA,smoke_pair|smoke_001|CA|5|48,5,,,,0
synthetic,smoke_pair,smoke_pair,train,smoke_pair,smoke_001,4.800,48,CB,smoke_pair|smoke_001|CB|5|48,5,,,,0
synthetic,smoke_pair,smoke_pair,train,smoke_pair,smoke_001,4.800,48,CA,smoke_pair|smoke_001|CA|6|48,6,,,,0
synthetic,smoke_pair,smoke_pair,train,smoke_pair,smoke_001,4.800,48,CB,smoke_pair|smoke_001|CB|6|48,6,,,,0
synthetic,smoke_pair,smoke_pair,train,smoke_pair,smoke_001,4.800,48,CA,smoke_pair|smoke_001|CA|7|48,7,,,,0
synthetic,smoke_pair,smoke_pair,train,smoke_pair,smoke_001,4.800,48,CB,smoke_pair|smoke_001|CB|7|48,7,,,,0
synthetic,smoke_pair,smoke_pair,train,smoke_pair,smoke_001,4.800,48,CA,smoke_pair|smoke_001|CA|8|48,8,,,,0
synthetic,smoke_pair,smoke_pair,train,smoke_pair,smoke_001,4.800,48,CB,smoke_pair|smoke_001|CB|8|48,8,,,,0
synthetic,smoke_pair,smoke_pair,train,smoke_pair,smoke_001,4.900,49,CA,smoke_pair|smoke_001|CA|1|49,1,,,,0
synthetic,smoke_pair,smoke_pair,train,smoke_pair,smoke_001,4.900,49,CB,smoke_pair|smoke_001|CB|1|49,1,,,,0
synthetic,smoke_pair,smoke_pair,train,smoke_pair,smoke_001,4.900,49,CA,smoke_pair|smoke_001|CA|2|49,2,,,,0
synthetic,smoke_pair,smoke_pair,train,smoke_pair,smoke_001,4.900,49,CB,smoke_pair|smoke_001|CB|2|49,2,,,,0
synthetic,smoke_pair,smoke_pair,train,smoke_pair,smoke_001,4.900,49,CA,smoke_pair|smoke_001|CA|3|49,3,,,,0
synthetic,smoke_pair,smoke_pair,train,smoke_pair,smoke_001,4.900,49,CB,smoke_pair|smoke_001|CB|3|49,3,,,,0
synthetic,smoke_pair,smoke_pair,train,smoke_pair,smoke_001,4.900,49,CA,smoke_pair|smoke_001|CA|4|49,4,,,,0
synthetic,smoke_pair,smoke_pair,train,smoke_pair,smoke_001,4.900,49,CB,smoke_pair|smoke_001|CB|4|49,4,,,,0
synthetic,smoke_pair,smoke_pair,train,smoke_pair,smoke_001,4.900,49,CA,smoke_pair|smoke_001|CA|5|49,5,,,,0
synthetic,smoke_pair,smoke_pair,train,smoke_pair,smoke_001,4.900,49,CB,smoke_pair|smoke_001|CB|5|49,5,,,,0
synthetic,smoke_pair,smoke_pair,train,smoke_pair,smoke_001,4.900,49,CA,smoke_pair|smoke_001|CA|6|49,6,,,,0
synthetic,smoke_pair,smoke_pair,train,smoke_pair,smoke_001,4.900,49,CB,smoke_pair|smoke_001|CB|6|49,6,,,,0
synthetic,smoke_pair,smoke_pair,train,smoke_pair,smoke_001,4.900,49,CA,smoke_pair|smoke_001|CA|7|49,7,,,,0
synthetic,smoke_pair,smoke_pair,train,smoke_pair,smoke_001,4.900,49,CB,smoke_pair|smoke_001|CB|7|49,7,,,,0
synthetic,smoke_pair,smoke_pair,train,smoke_pair,smoke_001,4.900,49,CA,smoke_pair|smoke_001|CA|8|49,8,,,,0
synthetic,smoke_pair,smoke_pair,train,smoke_pair,smoke_001,4.900,49,CB,smoke_pair|smoke_001|CB|8|49,8,,,,0
synthetic,smoke_pair,smoke_pair,train,smoke_pair,smoke_001,5.000,50,CA,smoke_pair|smoke_001|CA|1|50,1,,,,0
synthetic,smoke_pair,smoke_pair,train,smoke_pair,smoke_001,5.000,50,CB,smoke_pair|smoke_001|CB|1|50,1,,,,0
synthetic,smoke_pair,smoke_pair,train,smoke_pair,smoke_001,5.000,50,CA,smoke_pair|smoke_001|CA|2|50,2,,,,0
synthetic,smoke_pair,smoke_pair,train,smoke_pair,smoke_001,5.000,50,CB,smoke_pair|smoke_001|CB|2|50,2,,,,0
synthetic,smoke_pair,smoke_pair,train,smoke_pair,smoke_001,5.000,50,CA,smoke_pair|smoke_001|CA|3|50,3,,,,0
synthetic,smoke_pair,smoke_pair,train,smoke_pair,smoke_001,5.000,50,CB,smoke_pair|smoke_001|CB|3|50,3,,,,0
synthetic,smoke_pair,smoke_pair,train,smoke_pair,smoke_001,5.000,50,CA,smoke_pair|smoke_001|CA|4|50,4,,,,0
synthetic,smoke_pair,smoke_pair,train,smoke_pair,smoke_001,5.000,50,CB,smoke_pair|smoke_001|CB|4|50,4,,,,0
synthetic,smoke_pair,smoke_pair,train,smoke_pair,smoke_001,5.000,50,CA,smoke_pair|smoke_001|CA|5|50,5,,,,0
synthetic,smoke_pair,smoke_pair,train,smoke_pair,smoke_001,5.000,50,CB,smoke_pair|smoke_001|CB|5|50,5,,,,0
synthetic,smoke_pair,smoke_pair,train,smoke_pair,smoke_001,5.000,50,CA,smoke_pair|smoke_001|CA|6|50,6,,,,0
synthetic,smoke_pair,smoke_pair,train,smoke_pair,smoke_001,5.000,50,CB,smoke_pair|smoke_001|CB|6|50,6,,,,0
synthetic,smoke_pair,smoke_pair,train,smoke_pair,smoke_001,5.000,50,CA,smoke_pair|smoke_001|CA|7|50,7,,,,0
synthetic,smoke_pair,smoke_pair,train,smoke_pair,smoke_001,5.000,50,CB,smoke_pair|smoke_001|CB|7|50,7,,,,0
synthetic,smoke_pair,smoke_pair,train,smoke_pair,smoke_001,5.000,50,CA,smoke_pair|smoke_001|CA|8|50,8,,,,0
synthetic,smoke_pair,smoke_pair,train,smoke_pair,smoke_001,5.000,50,CB,smoke_pair|smoke_001|CB|8|50,8,,,,0
synthetic,smoke_pair,smoke_pair,train,smoke_pair,smoke_001,5.100,51,CA,smoke_pair|smoke_001|CA|1|51,1,,,,0
synthetic,smoke_pair,smoke_pair,train,smoke_pair,smoke_001,5.100,51,CB,smoke_pair|smoke_001|CB|1|51,1,,,,0
synthetic,smoke_pair,smoke_pair,train,smoke_pair,smoke_001,5.100,51,CA,smoke_pair|smoke_001|CA|2|51,2,,,,0
synthetic,smoke_pair,smoke_pair,train,smoke_pair,smoke_001,5.100,51,CB,smoke_pair|smoke_001|CB|2|51,2,,,,0
synthetic,smoke_pair,smoke_pair,train,smoke_pair,smoke_001,5.100,51,CA,smoke_pair|smoke_001|CA|3|51,3,,,,0
synthetic,smoke_pair,smoke_pair,train,smoke_pair,smoke_001,5.100,51,CB,smoke_pair|smoke_001|CB|3|51,3,,,,0
synthetic,smoke_pair,smoke_pair,train,smoke_pair,smoke_001,5.100,51,CA,smoke_pair|smoke_001|CA|4|51,4,,,,0
synthetic,smoke_pair,smoke_pair,train,smoke_pair,smoke_001,5.100,51,CB,smoke_pair|smoke_001|CB|4|51,4,,,,0
synthetic,smoke_pair,smoke_pair,train,smoke_pair,smoke_001,5.100,51,CA,smoke_pair|smoke_001|CA|5|51,5,,,,0
synthetic,smoke_pair,smoke_pair,train,smoke_pair,smoke_001,5.100,51,CB,smoke_pair|smoke_001|CB|5|51,5,,,,0
synthetic,smoke_pair,smoke_pair,train,smoke_pair,smoke_001,5.100,51,CA,smoke_pair|smoke_001|CA|6|51,6,,,,0
synthetic,smoke_pair,smoke_pair,train,smoke_pair,smoke_001,5.100,51,CB,smoke_pair|smoke_001|CB|6|51,6,,,,0
synthetic,smoke_pair,smoke_pair,train,smoke_pair,smoke_001,5.100,51,CA,smoke_pair|smoke_001|CA|7|51,7,,,,0
synthetic,smoke_pair,smoke_pair,train,smoke_pair,smoke_001,5.100,51,CB,smoke_pair|smoke_001|CB|7|51,7,,,,0
synthetic,smoke_pair,smoke_pair,train,smoke_pair,smoke_001,5.100,51,CA,smoke_pair|smoke_001|CA|8|51,8,,,,0
synthetic,smoke_pair,smoke_pair,train,smoke_pair,smoke_001,5.100,51,CB,smoke_pair|smoke_001|CB|8|51,8,,,,0
synthetic,smoke_pair,smoke_pair,train,smoke_pair,smoke_001,5.200,52,CA,smoke_pair|smoke_001|CA|1|52,1,,,,0
synthetic,smoke_pair,smoke_pair,train,smoke_pair,smoke_001,5.200,52,CB,smoke_pair|smoke_001|CB|1|52,1,,,,0
synthetic,smoke_pair,smoke_pair,train,smoke_pair,smoke_001,5.200,52,CA,smoke_pair|smoke_001|CA|2|52,2,,,,0
synthetic,smoke_pair,smoke_pair,train,smoke_pair,smoke_001,5.200,52,CB,smoke_pair|smoke_001|CB|2|52,2,,,,0
synthetic,smoke_pair,smoke_pair,train,smoke_pair,smoke_001,5.200,52,CA,smoke_pair|smoke_001|CA|3|52,3,,,,0
synthetic,smoke_pair,smoke_pair,train,smoke_pair,smoke_001,5.200,52,CB,smoke_pair|smoke_001|CB|3|52,3,,,,0
synthetic,smoke_pair,smoke_pair,train,smoke_pair,smoke_001,5.200,52,CA,smoke_pair|smoke_001|CA|4|52,4,,,,0
synthetic,smoke_pair,smoke_pair,train,smoke_pair,smoke_001,5.200,52,CB,smoke_pair|smoke_001|CB|4|52,4,,,,0
synthetic,smoke_pair,smoke_pair,train,smoke_pair,smoke_001,5.200,52,CA,smoke_pair|smoke_001|CA|5|52,5,,,,0
synthetic,smoke_pair,smoke_pair,train,smoke_pair,smoke_001,5.200,52,CB,smoke_pair|smoke_001|CB|5|52,5,,,,0
synthetic,smoke_pair,smoke_pair,train,smoke_pair,smoke_001,5.200,52,CA,smoke_pair|smoke_001|CA|6|52,6,,,,0
synthetic,smoke_pair,smoke_pair,train,smoke_pair,smoke_001,5.200,52,CB,smoke_pair|smoke_001|CB|6|52,6,,,,0
synthetic,smoke_pair,smoke_pair,train,smoke_pair,smoke_001,5.200,52,CA,smoke_pair|smoke_001|CA|7|52,7,,,,0
synthetic,smoke_pair,smoke_pair,train,smoke_pair,smoke_001,5.200,52,CB,smoke_pair|smoke_001|CB|7|52,7,,,,0
synthetic,smoke_pair,smoke_pair,train,smoke_pair,smoke_001,5.200,52,CA,smoke_pair|smoke_001|CA|8|52,8,,,,0
synthetic,smoke_pair,smoke_pair,train,smoke_pair,smoke_001,5.200,52,CB,smoke_pair|smoke_001|CB|8|52,8,,,,0
synthetic,smoke_pair,smoke_pair,train,smoke_pair,smoke_001,5.300,53,CA,smoke_pair|smoke_001|CA|1|53,1,,,,0
synthetic,smoke_pair,smoke_pair,train,smoke_pair,smoke_001,5.300,53,CB,smoke_pair|smoke_001|CB|1|53,1,,,,0
synthetic,smoke_pair,smoke_pair,train,smoke_pair,smoke_001,5.300,53,CA,smoke_pair|smoke_001|CA|2|53,2,,,,0
synthetic,smoke_pair,smoke_pair,train,smoke_pair,smoke_001,5.300,53,CB,smoke_pair|smoke_001|CB|2|53,2,,,,0
synthetic,smoke_pair,smoke_pair,train,smoke_pair,smoke_001,5.300,53,CA,smoke_pair|smoke_001|CA|3|53,3,,,,0
synthetic,smoke_pair,smoke_pair,train,smoke_pair,smoke_001,5.300,53,CB,smoke_pair|smoke_001|CB|3|53,3,,,,0
synthetic,smoke_pair,smoke_pair,train,smoke_pair,smoke_001,5.300,53,CA,smoke_pair|smoke_001|CA|4|53,4,,,,0
synthetic,smoke_pair,smoke_pair,train,smoke_pair,smoke_001,5.300,53,CB,smoke_pair|smoke_001|CB|4|53,4,,,,0
synthetic,smoke_pair,smoke_pair,train,smoke_pair,smoke_001,5.300,53,CA,smoke_pair|smoke_001|CA|5|53,5,,,,0
synthetic,smoke_pair,smoke_pair,train,smoke_pair,smoke_001,5.300,53,CB,smoke_pair|smoke_001|CB|5|53,5,,,,0
synthetic,smoke_pair,smoke_pair,train,smoke_pair,smoke_001,5.300,53,CA,smoke_pair|smoke_001|CA|6|53,6,,,,0
synthetic,smoke_pair,smoke_pair,train,smoke_pair,smoke_001,5.300,53,CB,smoke_pair|smoke_001|CB|6|53,6,,,,0
synthetic,smoke_pair,smoke_pair,train,smoke_pair,smoke_001,5.300,53,CA,smoke_pair|smoke_001|CA|7|53,7,,,,0
synthetic,smoke_pair,smoke_pair,train,smoke_pair,smoke_001,5.300,53,CB,smoke_pair|smoke_001|CB|7|53,7,,,,0
synthetic,smoke_pair,smoke_pair,train,smoke_pair,smoke_001,5.300,53,CA,smoke_pair|smoke_001|CA|8|53,8,,,,0
synthetic,smoke_pair,smoke_pair,train,smoke_pair,smoke_001,5.300,53,CB,smoke_pair|smoke_001|CB|8|53,8,,,,0
synthetic,smoke_pair,smoke_pair,train,smoke_pair,smoke_001,5.400,54,CA,smoke_pair|smoke_001|CA|1|54,1,,,,0
synthetic,smoke_pair,smoke_pair,train,smoke_pair,smoke_001,5.400,54,CB,smoke_pair|smoke_001|CB|1|54,1,,,,0
synthetic,smoke_pair,smoke_pair,train,smoke_pair,smoke_001,5.400,54,CA,smoke_pair|smoke_001|CA|2|54,2,,,,0
synthetic,smoke_pair,smoke_pair,train,smoke_pair,smoke_001,5.400,54,CB,smoke_pair|smoke_001|CB|2|54,2,,,,0
synthetic,smoke_pair,smoke_pair,train,smoke_pair,smoke_001,5.400,54,CA,smoke_pair|smoke_001|CA|3|54,3,,,,0
synthetic,smoke_pair,smoke_pair,train,smoke_pair,smoke_001,5.400,54,CB,smoke_pair|smoke_001|CB|3|54,3,,,,0
synthetic,smoke_pair,smoke_pair,train,smoke_pair,smoke_001,5.400,54,CA,smoke_pair|smoke_001|CA|4|54,4,,,,0
synthetic,smoke_pair,smoke_pair,train,smoke_pair,smoke_001,5.400,54,CB,smoke_pair|smoke_001|CB|4|54,4,,,,0
synthetic,smoke_pair,smoke_pair,train,smoke_pair,smoke_001,5.400,54,CA,smoke_pair|smoke_001|CA|5|54,5,,,,0
synthetic,smoke_pair,smoke_pair,train,smoke_pair,smoke_001,5.400,54,CB,smoke_pair|smoke_001|CB|5|54,5,,,,0
synthetic,smoke_pair,smoke_pair,train,smoke_pair,smoke_001,5.400,54,CA,smoke_pair|smoke_001|CA|6|54,6,,,,0
synthetic,smoke_pair,smoke_pair,train,smoke_pair,smoke_001,5.400,54,CB,smoke_pair|smoke_001|CB|6|54,6,,,,0
synthetic,smoke_pair,smoke_pair,train,smoke_pair,smoke_001,5.400,54,CA,smoke_pair|smoke_001|CA|7|54,7,,,,0
synthetic,smoke_pair,smoke_pair,train,smoke_pair,smoke_001,5.400,54,CB,smoke_pair|smoke_001|CB|7|54,7,,,,0
synthetic,smoke_pair,smoke_pair,train,smoke_pair,smoke_001,5.400,54,CA,smoke_pair|smoke_001|CA|8|54,8,,,,0
synthetic,smoke_pair,smoke_pair,train,smoke_pair,smoke_001,5.400,54,CB,smoke_pair|smoke_001|CB|8|54,8,,,,0
synthetic,smoke_pair,smoke_pair,train,smoke_pair,smoke_001,5.500,55,CA,smoke_pair|smoke_001|CA|1|55,1,,,,0
synthetic,smoke_pair,smoke_pair,train,smoke_pair,smoke_001,5.500,55,CB,smoke_pair|smoke_001|CB|1|55,1,,,,0
synthetic,smoke_pair,smoke_pair,train,smoke_pair,smoke_001,5.500,55,CA,smoke_pair|smoke_001|CA|2|55,2,,,,0
synthetic,smoke_pair,smoke_pair,train,smoke_pair,smoke_001,5.500,55,CB,smoke_pair|smoke_001|CB|2|55,2,,,,0
synthetic,smoke_pair,smoke_pair,train,smoke_pair,smoke_001,5.500,55,CA,smoke_pair|smoke_001|CA|3|55,3,,,,0
synthetic,smoke_pair,smoke_pair,train,smoke_pair,smoke_001,5.500,55,CB,smoke_pair|smoke_001|CB|3|55,3,,,,0
synthetic,smoke_pair,smoke_pair,train,smoke_pair,smoke_001,5.500,55,CA,smoke_pair|smoke_001|CA|4|55,4,,,,0
synthetic,smoke_pair,smoke_pair,train,smoke_pair,smoke_001,5.500,55,CB,smoke_pair|smoke_001|CB|4|55,4,,,,0
synthetic,smoke_pair,smoke_pair,train,smoke_pair,smoke_001,5.500,55,CA,smoke_pair|smoke_001|CA|5|55,5,,,,0
synthetic,smoke_pair,smoke_pair,train,smoke_pair,smoke_001,5.500,55,CB,smoke_pair|smoke_001|CB|5|55,5,,,,0
synthetic,smoke_pair,smoke_pair,train,smoke_pair,smoke_001,5.500,55,CA,smoke_pair|smoke_001|CA|6|55,6,,,,0
synthetic,smoke_pair,smoke_pair,train,smoke_pair,smoke_001,5.500,55,CB,smoke_pair|smoke_001|CB|6|55,6,,,,0
synthetic,smoke_pair,smoke_pair,train,smoke_pair,smoke_001,5.500,55,CA,smoke_pair|smoke_001|CA|7|55,7,,,,0
synthetic,smoke_pair,smoke_pair,train,smoke_pair,smoke_001,5.500,55,CB,smoke_pair|smoke_001|CB|7|55,7,,,,0
synthetic,smoke_pair,smoke_pair,train,smoke_pair,smoke_001,5.500,55,CA,smoke_pair|smoke_001|CA|8|55,8,,,,0
synthetic,smoke_pair,smoke_pair,train,smoke_pair,smoke_001,5.500,55,CB,smoke_pair|smoke_001|CB|8|55,8,,,,0
synthetic,smoke_pair,smoke_pair,train,smoke_pair,smoke_001,5.600,56,CA,smoke_pair|smoke_001|CA|1|56,1,,,,0
synthetic,smoke_pair,smoke_pair,train,smoke_pair,smoke_001,5.600,56,CB,smoke_pair|smoke_001|CB|1|56,1,,,,0
synthetic,smoke_pair,smoke_pair,train,smoke_pair,smoke_001,5.600,56,CA,smoke_pair|smoke_001|CA|2|56,2,,,,0
synthetic,smoke_pair,smoke_pair,train,smoke_pair,smoke_001,5.600,56,CB,smoke_pair|smoke_001|CB|2|56,2,,,,0
synthetic,smoke_pair,smoke_pair,train,smoke_pair,smoke_001,5.600,56,CA,smoke_pair|smoke_001|CA|3|56,3,,,,0
synthetic,smoke_pair,smoke_pair,train,smoke_pair,smoke_001,5.600,56,CB,smoke_pair|smoke_001|CB|3|56,3,,,,0
synthetic,smoke_pair,smoke_pair,train,smoke_pair,smoke_001,5.600,56,CA,smoke_pair|smoke_001|CA|4|56,4,,,,0
synthetic,smoke_pair,smoke_pair,train,smoke_pair,smoke_001,5.600,56,CB,smoke_pair|smoke_001|CB|4|56,4,,,,0
synthetic,smoke_pair,smoke_pair,train,smoke_pair,smoke_001,5.600,56,CA,smoke_pair|smoke_001|CA|5|56,5,,,,0
synthetic,smoke_pair,smoke_pair,train,smoke_pair,smoke_001,5.600,56,CB,smoke_pair|smoke_001|CB|5|56,5,,,,0
synthetic,smoke_pair,smoke_pair,train,smoke_pair,smoke_001,5.600,56,CA,smoke_pair|smoke_001|CA|6|56,6,,,,0
synthetic,smoke_pair,smoke_pair,train,smoke_pair,smoke_001,5.600,56,CB,smoke_pair|smoke_001|CB|6|56,6,,,,0
synthetic,smoke_pair,smoke_pair,train,smoke_pair,smoke_001,5.600,56,CA,smoke_pair|smoke_001|CA|7|56,7,,,,0
synthetic,smoke_pair,smoke_pair,train,smoke_pair,smoke_001,5.600,56,CB,smoke_pair|smoke_001|CB|7|56,7,,,,0
synthetic,smoke_pair,smoke_pair,train,smoke_pair,smoke_001,5.600,56,CA,smoke_pair|smoke_001|CA|8|56,8,,,,0
synthetic,smoke_pair,smoke_pair,train,smoke_pair,smoke_001,5.600,56,CB,smoke_pair|smoke_001|CB|8|56,8,,,,0
synthetic,smoke_pair,smoke_pair,train,smoke_pair,smoke_001,5.700,57,CA,smoke_pair|smoke_001|CA|1|57,1,,,,0
synthetic,smoke_pair,smoke_pair,train,smoke_pair,smoke_001,5.700,57,CB,smoke_pair|smoke_001|CB|1|57,1,,,,0
synthetic,smoke_pair,smoke_pair,train,smoke_pair,smoke_001,5.700,57,CA,smoke_pair|smoke_001|CA|2|57,2,,,,0
synthetic,smoke_pair,smoke_pair,train,smoke_pair,smoke_001,5.700,57,CB,smoke_pair|smoke_001|CB|2|57,2,,,,0
synthetic,smoke_pair,smoke_pair,train,smoke_pair,smoke_001,5.700,57,CA,smoke_pair|smoke_001|CA|3|57,3,,,,0
synthetic,smoke_pair,smoke_pair,train,smoke_pair,smoke_001,5.700,57,CB,smoke_pair|smoke_001|CB|3|57,3,,,,0
synthetic,smoke_pair,smoke_pair,train,smoke_pair,smoke_001,5.700,57,CA,smoke_pair|smoke_001|CA|4|57,4,,,,0
synthetic,smoke_pair,smoke_pair,train,smoke_pair,smoke_001,5.700,57,CB,smoke_pair|smoke_001|CB|4|57,4,,,,0
synthetic,smoke_pair,smoke_pair,train,smoke_pair,smoke_001,5.700,57,CA,smoke_pair|smoke_001|CA|5|57,5,,,,0
synthetic,smoke_pair,smoke_pair,train,smoke_pair,smoke_001,5.700,57,CB,smoke_pair|smoke_001|CB|5|57,5,,,,0
synthetic,smoke_pair,smoke_pair,train,smoke_pair,smoke_001,5.700,57,CA,smoke_pair|smoke_001|CA|6|57,6,,,,0
synthetic,smoke_pair,smoke_pair,train,smoke_pair,smoke_001,5.700,57,CB,smoke_pair|smoke_001|CB|6|57,6,,,,0
synthetic,smoke_pair,smoke_pair,train,smoke_pair,smoke_001,5.700,57,CA,smoke_pair|smoke_001|CA|7|57,7,,,,0
synthetic,smoke_pair,smoke_pair,train,smoke_pair,smoke_001,5.700,57,CB,smoke_pair|smoke_001|CB|7|57,7,,,,0
synthetic,smoke_pair,smoke_pair,train,smoke_pair,smoke_001,5.700,57,CA,smoke_pair|smoke_001|CA|8|57,8,,,,0
synthetic,smoke_pair,smoke_pair,train,smoke_pair,smoke_001,5.700,57,CB,smoke_pair|smoke_001|CB|8|57,8,,,,0
synthetic,smoke_pair,smoke_pair,train,smoke_pair,smoke_001,5.800,58,CA,smoke_pair|smoke_001|CA|1|58,1,,,,0
synthetic,smoke_pair,smoke_pair,train,smoke_pair,smoke_001,5.800,58,CB,smoke_pair|smoke_001|CB|1|58,1,,,,0
synthetic,smoke_pair,smoke_pair,train,smoke_pair,smoke_001,5.800,58,CA,smoke_pair|smoke_001|CA|2|58,2,,,,0
synthetic,smoke_pair,smoke_pair,train,smoke_pair,smoke_001,5.800,58,CB,smoke_pair|smoke_001|CB|2|58,2,,,,0
synthetic,smoke_pair,smoke_pair,train,smoke_pair,smoke_001,5.800,58,CA,smoke_pair|smoke_001|CA|3|58,3,,,,0
synthetic,smoke_pair,smoke_pair,train,smoke_pair,smoke_001,5.800,58,CB,smoke_pair|smoke_001|CB|3|58,3,,,,0
synthetic,smoke_pair,smoke_pair,train,smoke_pair,smoke_001,5.800,58,CA,smoke_pair|smoke_001|CA|4|58,4,,,,0
synthetic,smoke_pair,smoke_pair,train,smoke_pair,smoke_001,5.800,58,CB,smoke_pair|smoke_001|CB|4|58,4,,,,0
synthetic,smoke_pair,smoke_pair,train,smoke_pair,smoke_001,5.800,58,CA,smoke_pair|smoke_001|CA|5|58,5,,,,0
synthetic,smoke_pair,smoke_pair,train,smoke_pair,smoke_001,5.800,58,CB,smoke_pair|smoke_001|CB|5|58,5,,,,0
synthetic,smoke_pair,smoke_pair,train,smoke_pair,smoke_001,5.800,58,CA,smoke_pair|smoke_001|CA|6|58,6,,,,0
synthetic,smoke_pair,smoke_pair,train,smoke_pair,smoke_001,5.800,58,CB,smoke_pair|smoke_001|CB|6|58,6,,,,0
synthetic,smoke_pair,smoke_pair,train,smoke_pair,smoke_001,5.800,58,CA,smoke_pair|smoke_001|CA|7|58,7,,,,0
synthetic,smoke_pair,smoke_pair,train,smoke_pair,smoke_001,5.800,58,CB,smoke_pair|smoke_001|CB|7|58,7,,,,0
synthetic,smoke_pair,smoke_pair,train,smoke_pair,smoke_001,5.800,58,CA,smoke_pair|smoke_001|CA|8|58,8,,,,0
synthetic,smoke_pair,smoke_pair,train,smoke_pair,smoke_001,5.800,58,CB,smoke_pair|smoke_001|CB|8|58,8,,,,0
synthetic,smoke_pair,smoke_pair,train,smoke_pair,smoke_001,5.900,59,CA,smoke_pair|smoke_001|CA|1|59,1,,,,0
synthetic,smoke_pair,smoke_pair,train,smoke_pair,smoke_001,5.900,59,CB,smoke_pair|smoke_001|CB|1|59,1,,,,0
synthetic,smoke_pair,smoke_pair,train,smoke_pair,smoke_001,5.900,59,CA,smoke_pair|smoke_001|CA|2|59,2,,,,0
synthetic,smoke_pair,smoke_pair,train,smoke_pair,smoke_001,5.900,59,CB,smoke_pair|smoke_001|CB|2|59,2,,,,0
synthetic,smoke_pair,smoke_pair,train,smoke_pair,smoke_001,5.900,59,CA,smoke_pair|smoke_001|CA|3|59,3,,,,0
synthetic,smoke_pair,smoke_pair,train,smoke_pair,smoke_001,5.900,59,CB,smoke_pair|smoke_001|CB|3|59,3,,,,0
synthetic,smoke_pair,smoke_pair,train,smoke_pair,smoke_001,5.900,59,CA,smoke_pair|smoke_001|CA|4|59,4,,,,0
synthetic,smoke_pair,smoke_pair,train,smoke_pair,smoke_001,5.900,59,CB,smoke_pair|smoke_001|CB|4|59,4,,,,0
synthetic,smoke_pair,smoke_pair,train,smoke_pair,smoke_001,5.900,59,CA,smoke_pair|smoke_001|CA|5|59,5,,,,0
synthetic,smoke_pair,smoke_pair,train,smoke_pair,smoke_001,5.900,59,CB,smoke_pair|smoke_001|CB|5|59,5,,,,0
synthetic,smoke_pair,smoke_pair,train,smoke_pair,smoke_001,5.900,59,CA,smoke_pair|smoke_001|CA|6|59,6,,,,0
synthetic,smoke_pair,smoke_pair,train,smoke_pair,smoke_001,5.900,59,CB,smoke_pair|smoke_001|CB|6|59,6,,,,0
synthetic,smoke_pair,smoke_pair,train,smoke_pair,smoke_001,5.900,59,CA,smoke_pair|smoke_001|CA|7|59,7,,,,0
synthetic,smoke_pair,smoke_pair,train,smoke_pair,smoke_001,5.900,59,CB,smoke_pair|smoke_001|CB|7|59,7,,,,0
synthetic,smoke_pair,smoke_pair,train,smoke_pair,smoke_001,5.900,59,CA,smoke_pair|smoke_001|CA|8|59,8,,,,0
synthetic,smoke_pair,smoke_pair,train,smoke_pair,smoke_001,5.900,59,CB,smoke_pair|smoke_001|CB|8|59,8,,,,0
synthetic,smoke_pair,smoke_pair,train,smoke_pair,smoke_001,6.000,60,CA,smoke_pair|smoke_001|CA|1|60,1,,,,0
synthetic,smoke_pair,smoke_pair,train,smoke_pair,smoke_001,6.000,60,CB,smoke_pair|smoke_001|CB|1|60,1,,,,0
synthetic,smoke_pair,smoke_pair,train,smoke_pair,smoke_001,6.000,60,CA,smoke_pair|smoke_001|CA|2|60,2,,,,0
synthetic,smoke_pair,smoke_pair,train,smoke_pair,smoke_001,6.000,60,CB,smoke_pair|smoke_001|CB|2|60,2,,,,0
synthetic,smoke_pair,smoke_pair,train,smoke_pair,smoke_001,6.000,60,CA,smoke_pair|smoke_001|CA|3|60,3,,,,0
synthetic,smoke_pair,smoke_pair,train,smoke_pair,smoke_001,6.000,60,CB,smoke_pair|smoke_001|CB|3|60,3,,,,0
synthetic,smoke_pair,smoke_pair,train,smoke_pair,smoke_001,6.000,60,CA,smoke_pair|smoke_001|CA|4|60,4,,,,0
synthetic,smoke_pair,smoke_pair,train,smoke_pair,smoke_001,6.000,60,CB,smoke_pair|smoke_001|CB|4|60,4,,,,0
synthetic,smoke_pair,smoke_pair,train,smoke_pair,smoke_001,6.000,60,CA,smoke_pair|smoke_001|CA|5|60,5,,,,0
synthetic,smoke_pair,smoke_pair,train,smoke_pair,smoke_001,6.000,60,CB,smoke_pair|smoke_001|CB|5|60,5,,,,0
synthetic,smoke_pair,smoke_pair,train,smoke_pair,smoke_001,6.000,60,CA,smoke_pair|smoke_001|CA|6|60,6,,,,0
synthetic,smoke_pair,smoke_pair,train,smoke_pair,smoke_001,6.000,60,CB,smoke_pair|smoke_001|CB|6|60,6,,,,0
synthetic,smoke_pair,smoke_pair,train,smoke_pair,smoke_001,6.000,60,CA,smoke_pair|smoke_001|CA|7|60,7,,,,0
synthetic,smoke_pair,smoke_pair,train,smoke_pair,smoke_001,6.000,60,CB,smoke_pair|smoke_001|CB|7|60,7,,,,0
synthetic,smoke_pair,smoke_pair,train,smoke_pair,smoke_001,6.000,60,CA,smoke_pair|smoke_001|CA|8|60,8,,,,0
synthetic,smoke_pair,smoke_pair,train,smoke_pair,smoke_001,6.000,60,CB,smoke_pair|smoke_001|CB|8|60,8,,,,0
synthetic,smoke_pair,smoke_pair,train,smoke_pair,smoke_001,6.100,61,CA,smoke_pair|smoke_001|CA|1|61,1,,,,0
synthetic,smoke_pair,smoke_pair,train,smoke_pair,smoke_001,6.100,61,CB,smoke_pair|smoke_001|CB|1|61,1,,,,0
synthetic,smoke_pair,smoke_pair,train,smoke_pair,smoke_001,6.100,61,CA,smoke_pair|smoke_001|CA|2|61,2,,,,0
synthetic,smoke_pair,smoke_pair,train,smoke_pair,smoke_001,6.100,61,CB,smoke_pair|smoke_001|CB|2|61,2,,,,0
synthetic,smoke_pair,smoke_pair,train,smoke_pair,smoke_001,6.100,61,CA,smoke_pair|smoke_001|CA|3|61,3,,,,0
synthetic,smoke_pair,smoke_pair,train,smoke_pair,smoke_001,6.100,61,CB,smoke_pair|smoke_001|CB|3|61,3,,,,0
synthetic,smoke_pair,smoke_pair,train,smoke_pair,smoke_001,6.100,61,CA,smoke_pair|smoke_001|CA|4|61,4,,,,0
synthetic,smoke_pair,smoke_pair,train,smoke_pair,smoke_001,6.100,61,CB,smoke_pair|smoke_001|CB|4|61,4,,,,0
synthetic,smoke_pair,smoke_pair,train,smoke_pair,smoke_001,6.100,61,CA,smoke_pair|smoke_001|CA|5|61,5,,,,0
synthetic,smoke_pair,smoke_pair,train,smoke_pair,smoke_001,6.100,61,CB,smoke_pair|smoke_001|CB|5|61,5,,,,0
synthetic,smoke_pair,smoke_pair,train,smoke_pair,smoke_001,6.100,61,CA,smoke_pair|smoke_001|CA|6|61,6,,,,0
synthetic,smoke_pair,smoke_pair,train,smoke_pair,smoke_001,6.100,61,CB,smoke_pair|smoke_001|CB|6|61,6,,,,0
synthetic,smoke_pair,smoke_pair,train,smoke_pair,smoke_001,6.100,61,CA,smoke_pair|smoke_001|CA|7|61,7,,,,0
synthetic,smoke_pair,smoke_pair,train,smoke_pair,smoke_001,6.100,61,CB,smoke_pair|smoke_001|CB|7|61,7,,,,0
synthetic,smoke_pair,smoke_pair,train,smoke_pair,smoke_001,6.100,61,CA,smoke_pair|smoke_001|CA|8|61,8,,,,0
synthetic,smoke_pair,smoke_pair,train,smoke_pair,smoke_001,6.100,61,CB,smoke_pair|smoke_001|CB|8|61,8,,,,0
synthetic,smoke_pair,smoke_pair,train,smoke_pair,smoke_001,6.200,62,CA,smoke_pair|smoke_001|CA|1|62,1,,,,0
synthetic,smoke_pair,smoke_pair,train,smoke_pair,smoke_001,6.200,62,CB,smoke_pair|smoke_001|CB|1|62,1,,,,0
synthetic,smoke_pair,smoke_pair,train,smoke_pair,smoke_001,6.200,62,CA,smoke_pair|smoke_001|CA|2|62,2,,,,0
synthetic,smoke_pair,smoke_pair,train,smoke_pair,smoke_001,6.200,62,CB,smoke_pair|smoke_001|CB|2|62,2,,,,0
synthetic,smoke_pair,smoke_pair,train,smoke_pair,smoke_001,6.200,62,CA,smoke_pair|smoke_001|CA|3|62,3,,,,0
synthetic,smoke_pair,smoke_pair,train,smoke_pair,smoke_001,6.200,62,CB,smoke_pair|smoke_001|CB|3|62,3,,,,0
synthetic,smoke_pair,smoke_pair,train,smoke_pair,smoke_001,6.200,62,CA,smoke_pair|smoke_001|CA|4|62,4,,,,0
synthetic,smoke_pair,smoke_pair,train,smoke_pair,smoke_001,6.200,62,CB,smoke_pair|smoke_001|CB|4|62,4,,,,0
synthetic,smoke_pair,smoke_pair,train,smoke_pair,smoke_001,6.200,62,CA,smoke_pair|smoke_001|CA|5|62,5,,,,0
synthetic,smoke_pair,smoke_pair,train,smoke_pair,smoke_001,6.200,62,CB,smoke_pair|smoke_001|CB|5|62,5,,,,0
synthetic,smoke_pair,smoke_pair,train,smoke_pair,smoke_001,6.200,62,CA,smoke_pair|smoke_001|CA|6|62,6,,,,0
synthetic,smoke_pair,smoke_pair,train,smoke_pair,smoke_001,6.200,62,CB,smoke_pair|smoke_001|CB|6|62,6,,,,0
synthetic,smoke_pair,smoke_pair,train,smoke_pair,smoke_001,6.200,62,CA,smoke_pair|smoke_001|CA|7|62,7,,,,0
synthetic,smoke_pair,smoke_pair,train,smoke_pair,smoke_001,6.200,62,CB,smoke_pair|smoke_001|CB|7|62,7,,,,0
synthetic,smoke_pair,smoke_pair,train,smoke_pair,smoke_001,6.200,62,CA,smoke_pair|smoke_001|CA|8|62,8,,,,0
synthetic,smoke_pair,smoke_pair,train,smoke_pair,smoke_001,6.200,62,CB,smoke_pair|smoke_001|CB|8|62,8,,,,0
synthetic,smoke_pair,smoke_pair,train,smoke_pair,smoke_001,6.300,63,CA,smoke_pair|smoke_001|CA|1|63,1,,,,0
synthetic,smoke_pair,smoke_pair,train,smoke_pair,smoke_001,6.300,63,CB,smoke_pair|smoke_001|CB|1|63,1,,,,0
synthetic,smoke_pair,smoke_pair,train,smoke_pair,smoke_001,6.300,63,CA,smoke_pair|smoke_001|CA|2|63,2,,,,0
synthetic,smoke_pair,smoke_pair,train,smoke_pair,smoke_001,6.300,63,CB,smoke_pair|smoke_001|CB|2|63,2,,,,0
synthetic,smoke_pair,smoke_pair,train,smoke_pair,smoke_001,6.300,63,CA,smoke_pair|smoke_001|CA|3|63,3,,,,0
synthetic,smoke_pair,smoke_pair,train,smoke_pair,smoke_001,6.300,63,CB,smoke_pair|smoke_001|CB|3|63,3,,,,0
synthetic,smoke_pair,smoke_pair,train,smoke_pair,smoke_001,6.300,63,CA,smoke_pair|smoke_001|CA|4|63,4,,,,0
synthetic,smoke_pair,smoke_pair,train,smoke_pair,smoke_001,6.300,63,CB,smoke_pair|smoke_001|CB|4|63,4,,,,0
synthetic,smoke_pair,smoke_pair,train,smoke_pair,smoke_001,6.300,63,CA,smoke_pair|smoke_001|CA|5|63,5,,,,0
synthetic,smoke_pair,smoke_pair,train,smoke_pair,smoke_001,6.300,63,CB,smoke_pair|smoke_001|CB|5|63,5,,,,0
synthetic,smoke_pair,smoke_pair,train,smoke_pair,smoke_001,6.300,63,CA,smoke_pair|smoke_001|CA|6|63,6,,,,0
synthetic,smoke_pair,smoke_pair,train,smoke_pair,smoke_001,6.300,63,CB,smoke_pair|smoke_001|CB|6|63,6,,,,0
synthetic,smoke_pair,smoke_pair,train,smoke_pair,smoke_001,6.300,63,CA,smoke_pair|smoke_001|CA|7|63,7,,,,0
synthetic,smoke_pair,smoke_pair,train,smoke_pair,smoke_001,6.300,63,CB,smoke_pair|smoke_001|CB|7|63,7,,,,0
synthetic,smoke_pair,smoke_pair,train,smoke_pair,smoke_001,6.300,63,CA,smoke_pair|smoke_001|CA|8|63,8,,,,0
synthetic,smoke_pair,smoke_pair,train,smoke_pair,smoke_001,6.300,63,CB,smoke_pair|smoke_001|CB|8|63,8,,,,0
synthetic,smoke_pair,smoke_pair,train,smoke_pair,smoke_001,6.400,64,CA,smoke_pair|smoke_001|CA|1|64,1,,,,0
synthetic,smoke_pair,smoke_pair,train,smoke_pair,smoke_001,6.400,64,CB,smoke_pair|smoke_001|CB|1|64,1,,,,0
synthetic,smoke_pair,smoke_pair,train,smoke_pair,smoke_001,6.400,64,CA,smoke_pair|smoke_001|CA|2|64,2,,,,0
synthetic,smoke_pair,smoke_pair,train,smoke_pair,smoke_001,6.400,64,CB,smoke_pair|smoke_001|CB|2|64,2,,,,0
synthetic,smoke_pair,smoke_pair,train,smoke_pair,smoke_001,6.400,64,CA,smoke_pair|smoke_001|CA|3|64,3,,,,0
synthetic,smoke_pair,smoke_pair,train,smoke_pair,smoke_001,6.400,64,CB,smoke_pair|smoke_001|CB|3|64,3,,,,0
synthetic,smoke_pair,smoke_pair,train,smoke_pair,smoke_001,6.400,64,CA,smoke_pair|smoke_001|CA|4|64,4,,,,0
synthetic,smoke_pair,smoke_pair,train,smoke_pair,smoke_001,6.400,64,CB,smoke_pair|smoke_001|CB|4|64,4,,,,0
synthetic,smoke_pair,smoke_pair,train,smoke_pair,smoke_001,6.400,64,CA,smoke_pair|smoke_001|CA|5|64,5,,,,0
synthetic,smoke_pair,smoke_pair,train,smoke_pair,smoke_001,6.400,64,CB,smoke_pair|smoke_001|CB|5|64,5,,,,0
synthetic,smoke_pair,smoke_pair,train,smoke_pair,smoke_001,6.400,64,CA,smoke_pair|smoke_001|CA|6|64,6,,,,0
synthetic,smoke_pair,smoke_pair,train,smoke_pair,smoke_001,6.400,64,CB,smoke_pair|smoke_001|CB|6|64,6,,,,0
synthetic,smoke_pair,smoke_pair,train,smoke_pair,smoke_001,6.400,64,CA,smoke_pair|smoke_001|CA|7|64,7,,,,0
synthetic,smoke_pair,smoke_pair,train,smoke_pair,smoke_001,6.400,64,CB,smoke_pair|smoke_001|CB|7|64,7,,,,0
synthetic,smoke_pair,smoke_pair,train,smoke_pair,smoke_001,6.400,64,CA,smoke_pair|smoke_001|CA|8|64,8,,,,0
synthetic,smoke_pair,smoke_pair,train,smoke_pair,smoke_001,6.400,64,CB,smoke_pair|smoke_001|CB|8|64,8,,,,0
synthetic,smoke_pair,smoke_pair,train,smoke_pair,smoke_001,6.500,65,CA,smoke_pair|smoke_001|CA|1|65,1,,,,0
synthetic,smoke_pair,smoke_pair,train,smoke_pair,smoke_001,6.500,65,CB,smoke_pair|smoke_001|CB|1|65,1,,,,0
synthetic,smoke_pair,smoke_pair,train,smoke_pair,smoke_001,6.500,65,CA,smoke_pair|smoke_001|CA|2|65,2,,,,0
synthetic,smoke_pair,smoke_pair,train,smoke_pair,smoke_001,6.500,65,CB,smoke_pair|smoke_001|CB|2|65,2,,,,0
synthetic,smoke_pair,smoke_pair,train,smoke_pair,smoke_001,6.500,65,CA,smoke_pair|smoke_001|CA|3|65,3,,,,0
synthetic,smoke_pair,smoke_pair,train,smoke_pair,smoke_001,6.500,65,CB,smoke_pair|smoke_001|CB|3|65,3,,,,0
synthetic,smoke_pair,smoke_pair,train,smoke_pair,smoke_001,6.500,65,CA,smoke_pair|smoke_001|CA|4|65,4,,,,0
synthetic,smoke_pair,smoke_pair,train,smoke_pair,smoke_001,6.500,65,CB,smoke_pair|smoke_001|CB|4|65,4,,,,0
synthetic,smoke_pair,smoke_pair,train,smoke_pair,smoke_001,6.500,65,CA,smoke_pair|smoke_001|CA|5|65,5,,,,0
synthetic,smoke_pair,smoke_pair,train,smoke_pair,smoke_001,6.500,65,CB,smoke_pair|smoke_001|CB|5|65,5,,,,0
synthetic,smoke_pair,smoke_pair,train,smoke_pair,smoke_001,6.500,65,CA,smoke_pair|smoke_001|CA|6|65,6,,,,0
synthetic,smoke_pair,smoke_pair,train,smoke_pair,smoke_001,6.500,65,CB,smoke_pair|smoke_001|CB|6|65,6,,,,0
synthetic,smoke_pair,smoke_pair,train,smoke_pair,smoke_001,6.500,65,CA,smoke_pair|smoke_001|CA|7|65,7,,,,0
synthetic,smoke_pair,smoke_pair,train,smoke_pair,smoke_001,6.500,65,CB,smoke_pair|smoke_001|CB|7|65,7,,,,0
synthetic,smoke_pair,smoke_pair,train,smoke_pair,smoke_001,6.500,65,CA,smoke_pair|smoke_001|CA|8|65,8,,,,0
synthetic,smoke_pair,smoke_pair,train,smoke_pair,smoke_001,6.500,65,CB,smoke_pair|smoke_001|CB|8|65,8,,,,0
synthetic,smoke_pair,smoke_pair,train,smoke_pair,smoke_001,6.600,66,CA,smoke_pair|smoke_001|CA|1|66,1,,,,0
synthetic,smoke_pair,smoke_pair,train,smoke_pair,smoke_001,6.600,66,CB,smoke_pair|smoke_001|CB|1|66,1,,,,0
synthetic,smoke_pair,smoke_pair,train,smoke_pair,smoke_001,6.600,66,CA,smoke_pair|smoke_001|CA|2|66,2,,,,0
synthetic,smoke_pair,smoke_pair,train,smoke_pair,smoke_001,6.600,66,CB,smoke_pair|smoke_001|CB|2|66,2,,,,0
synthetic,smoke_pair,smoke_pair,train,smoke_pair,smoke_001,6.600,66,CA,smoke_pair|smoke_001|CA|3|66,3,,,,0
synthetic,smoke_pair,smoke_pair,train,smoke_pair,smoke_001,6.600,66,CB,smoke_pair|smoke_001|CB|3|66,3,,,,0
synthetic,smoke_pair,smoke_pair,train,smoke_pair,smoke_001,6.600,66,CA,smoke_pair|smoke_001|CA|4|66,4,,,,0
synthetic,smoke_pair,smoke_pair,train,smoke_pair,smoke_001,6.600,66,CB,smoke_pair|smoke_001|CB|4|66,4,,,,0
synthetic,smoke_pair,smoke_pair,train,smoke_pair,smoke_001,6.600,66,CA,smoke_pair|smoke_001|CA|5|66,5,,,,0
synthetic,smoke_pair,smoke_pair,train,smoke_pair,smoke_001,6.600,66,CB,smoke_pair|smoke_001|CB|5|66,5,,,,0
synthetic,smoke_pair,smoke_pair,train,smoke_pair,smoke_001,6.600,66,CA,smoke_pair|smoke_001|CA|6|66,6,,,,0
synthetic,smoke_pair,smoke_pair,train,smoke_pair,smoke_001,6.600,66,CB,smoke_pair|smoke_001|CB|6|66,6,,,,0
synthetic,smoke_pair,smoke_pair,train,smoke_pair,smoke_001,6.600,66,CA,smoke_pair|smoke_001|CA|7|66,7,,,,0
synthetic,smoke_pair,smoke_pair,train,smoke_pair,smoke_001,6.600,66,CB,smoke_pair|smoke_001|CB|7|66,7,,,,0
synthetic,smoke_pair,smoke_pair,train,smoke_pair,smoke_001,6.600,66,CA,smoke_pair|smoke_001|CA|8|66,8,,,,0
synthetic,smoke_pair,smoke_pair,train,smoke_pair,smoke_001,6.600,66,CB,smoke_pair|smoke_001|CB|8|66,8,,,,0
synthetic,smoke_pair,smoke_pair,train,smoke_pair,smoke_001,6.700,67,CA,smoke_pair|smoke_001|CA|1|67,1,,,,0
synthetic,smoke_pair,smoke_pair,train,smoke_pair,smoke_001,6.700,67,CB,smoke_pair|smoke_001|CB|1|67,1,,,,0
synthetic,smoke_pair,smoke_pair,train,smoke_pair,smoke_001,6.700,67,CA,smoke_pair|smoke_001|CA|2|67,2,,,,0
synthetic,smoke_pair,smoke_pair,train,smoke_pair,smoke_001,6.700,67,CB,smoke_pair|smoke_001|CB|2|67,2,,,,0
synthetic,smoke_pair,smoke_pair,train,smoke_pair,smoke_001,6.700,67,CA,smoke_pair|smoke_001|CA|3|67,3,,,,0
synthetic,smoke_pair,smoke_pair,train,smoke_pair,smoke_001,6.700,67,CB,smoke_pair|smoke_001|CB|3|67,3,,,,0
synthetic,smoke_pair,smoke_pair,train,smoke_pair,smoke_001,6.700,67,CA,smoke_pair|smoke_001|CA|4|67,4,,,,0
synthetic,smoke_pair,smoke_pair,train,smoke_pair,smoke_001,6.700,67,CB,smoke_pair|smoke_001|CB|4|67,4,,,,0
synthetic,smoke_pair,smoke_pair,train,smoke_pair,smoke_001,6.700,67,CA,smoke_pair|smoke_001|CA|5|67,5,,,,0
synthetic,smoke_pair,smoke_pair,train,smoke_pair,smoke_001,6.700,67,CB,smoke_pair|smoke_001|CB|5|67,5,,,,0
synthetic,smoke_pair,smoke_pair,train,smoke_pair,smoke_001,6.700,67,CA,smoke_pair|smoke_001|CA|6|67,6,,,,0
synthetic,smoke_pair,smoke_pair,train,smoke_pair,smoke_001,6.700,67,CB,smoke_pair|smoke_001|CB|6|67,6,,,,0
synthetic,smoke_pair,smoke_pair,train,smoke_pair,smoke_001,6.700,67,CA,smoke_pair|smoke_001|CA|7|67,7,,,,0
synthetic,smoke_pair,smoke_pair,train,smoke_pair,smoke_001,6.700,67,CB,smoke_pair|smoke_001|CB|7|67,7,,,,0
synthetic,smoke_pair,smoke_pair,train,smoke_pair,smoke_001,6.700,67,CA,smoke_pair|smoke_001|CA|8|67,8,,,,0
synthetic,smoke_pair,smoke_pair,train,smoke_pair,smoke_001,6.700,67,CB,smoke_pair|smoke_001|CB|8|67,8,,,,0
synthetic,smoke_pair,smoke_pair,train,smoke_pair,smoke_001,6.800,68,CA,smoke_pair|smoke_001|CA|1|68,1,,,,0
synthetic,smoke_pair,smoke_pair,train,smoke_pair,smoke_001,6.800,68,CB,smoke_pair|smoke_001|CB|1|68,1,,,,0
synthetic,smoke_pair,smoke_pair,train,smoke_pair,smoke_001,6.800,68,CA,smoke_pair|smoke_001|CA|2|68,2,,,,0
synthetic,smoke_pair,smoke_pair,train,smoke_pair,smoke_001,6.800,68,CB,smoke_pair|smoke_001|CB|2|68,2,,,,0
synthetic,smoke_pair,smoke_pair,train,smoke_pair,smoke_001,6.800,68,CA,smoke_pair|smoke_001|CA|3|68,3,,,,0
synthetic,smoke_pair,smoke_pair,train,smoke_pair,smoke_001,6.800,68,CB,smoke_pair|smoke_001|CB|3|68,3,,,,0
synthetic,smoke_pair,smoke_pair,train,smoke_pair,smoke_001,6.800,68,CA,smoke_pair|smoke_001|CA|4|68,4,,,,0
synthetic,smoke_pair,smoke_pair,train,smoke_pair,smoke_001,6.800,68,CB,smoke_pair|smoke_001|CB|4|68,4,,,,0
synthetic,smoke_pair,smoke_pair,train,smoke_pair,smoke_001,6.800,68,CA,smoke_pair|smoke_001|CA|5|68,5,,,,0
synthetic,smoke_pair,smoke_pair,train,smoke_pair,smoke_001,6.800,68,CB,smoke_pair|smoke_001|CB|5|68,5,,,,0
synthetic,smoke_pair,smoke_pair,train,smoke_pair,smoke_001,6.800,68,CA,smoke_pair|smoke_001|CA|6|68,6,,,,0
synthetic,smoke_pair,smoke_pair,train,smoke_pair,smoke_001,6.800,68,CB,smoke_pair|smoke_001|CB|6|68,6,,,,0
synthetic,smoke_pair,smoke_pair,train,smoke_pair,smoke_001,6.800,68,CA,smoke_pair|smoke_001|CA|7|68,7,,,,0
synthetic,smoke_pair,smoke_pair,train,smoke_pair,smoke_001,6.800,68,CB,smoke_pair|smoke_001|CB|7|68,7,,,,0
synthetic,smoke_pair,smoke_pair,train,smoke_pair,smoke_001,6.800,68,CA,smoke_pair|smoke_001|CA|8|68,8,,,,0
synthetic,smoke_pair,smoke_pair,train,smoke_pair,smoke_001,6.800,68,CB,smoke_pair|smoke_001|CB|8|68,8,,,,0
synthetic,smoke_pair,smoke_pair,train,smoke_pair,smoke_001,6.900,69,CA,smoke_pair|smoke_001|CA|1|69,1,,,,0
synthetic,smoke_pair,smoke_pair,train,smoke_pair,smoke_001,6.900,69,CB,smoke_pair|smoke_001|CB|1|69,1,,,,0
synthetic,smoke_pair,smoke_pair,train,smoke_pair,smoke_001,6.900,69,CA,smoke_pair|smoke_001|CA|2|69,2,,,,0
synthetic,smoke_pair,smoke_pair,train,smoke_pair,smoke_001,6.900,69,CB,smoke_pair|smoke_001|CB|2|69,2,,,,0
synthetic,smoke_pair,smoke_pair,train,smoke_pair,smoke_001,6.900,69,CA,smoke_pair|smoke_001|CA|3|69,3,,,,0
synthetic,smoke_pair,smoke_pair,train,smoke_pair,smoke_001,6.900,69,CB,smoke_pair|smoke_001|CB|3|69,3,,,,0
synthetic,smoke_pair,smoke_pair,train,smoke_pair,smoke_001,6.900,69,CA,smoke_pair|smoke_001|CA|4|69,4,,,,0
synthetic,smoke_pair,smoke_pair,train,smoke_pair,smoke_001,6.900,69,CB,smoke_pair|smoke_001|CB|4|69,4,,,,0
synthetic,smoke_pair,smoke_pair,train,smoke_pair,smoke_001,6.900,69,CA,smoke_pair|smoke_001|CA|5|69,5,,,,0
synthetic,smoke_pair,smoke_pair,train,smoke_pair,smoke_001,6.900,69,CB,smoke_pair|smoke_001|CB|5|69,5,,,,0
synthetic,smoke_pair,smoke_pair,train,smoke_pair,smoke_001,6.900,69,CA,smoke_pair|smoke_001|CA|6|69,6,,,,0
synthetic,smoke_pair,smoke_pair,train,smoke_pair,smoke_001,6.900,69,CB,smoke_pair|smoke_001|CB|6|69,6,,,,0
synthetic,smoke_pair,smoke_pair,train,smoke_pair,smoke_001,6.900,69,CA,smoke_pair|smoke_001|CA|7|69,7,,,,0
synthetic,smoke_pair,smoke_pair,train,smoke_pair,smoke_001,6.900,69,CB,smoke_pair|smoke_001|CB|7|69,7,,,,0
synthetic,smoke_pair,smoke_pair,train,smoke_pair,smoke_001,6.900,69,CA,smoke_pair|smoke_001|CA|8|69,8,,,,0
synthetic,smoke_pair,smoke_pair,train,smoke_pair,smoke_001,6.900,69,CB,smoke_pair|smoke_001|CB|8|69,8,,,,0
synthetic,smoke_pair,smoke_pair,train,smoke_pair,smoke_001,7.000,70,CA,smoke_pair|smoke_001|CA|1|70,1,,,,0
synthetic,smoke_pair,smoke_pair,train,smoke_pair,smoke_001,7.000,70,CB,smoke_pair|smoke_001|CB|1|70,1,,,,0
synthetic,smoke_pair,smoke_pair,train,smoke_pair,smoke_001,7.000,70,CA,smoke_pair|smoke_001|CA|2|70,2,,,,0
synthetic,smoke_pair,smoke_pair,train,smoke_pair,smoke_001,7.000,70,CB,smoke_pair|smoke_001|CB|2|70,2,,,,0
synthetic,smoke_pair,smoke_pair,train,smoke_pair,smoke_001,7.000,70,CA,smoke_pair|smoke_001|CA|3|70,3,,,,0
synthetic,smoke_pair,smoke_pair,train,smoke_pair,smoke_001,7.000,70,CB,smoke_pair|smoke_001|CB|3|70,3,,,,0
synthetic,smoke_pair,smoke_pair,train,smoke_pair,smoke_001,7.000,70,CA,smoke_pair|smoke_001|CA|4|70,4,,,,0
synthetic,smoke_pair,smoke_pair,train,smoke_pair,smoke_001,7.000,70,CB,smoke_pair|smoke_001|CB|4|70,4,,,,0
synthetic,smoke_pair,smoke_pair,train,smoke_pair,smoke_001,7.000,70,CA,smoke_pair|smoke_001|CA|5|70,5,,,,0
synthetic,smoke_pair,smoke_pair,train,smoke_pair,smoke_001,7.000,70,CB,smoke_pair|smoke_001|CB|5|70,5,,,,0
synthetic,smoke_pair,smoke_pair,train,smoke_pair,smoke_001,7.000,70,CA,smoke_pair|smoke_001|CA|6|70,6,,,,0
synthetic,smoke_pair,smoke_pair,train,smoke_pair,smoke_001,7.000,70,CB,smoke_pair|smoke_001|CB|6|70,6,,,,0
synthetic,smoke_pair,smoke_pair,train,smoke_pair,smoke_001,7.000,70,CA,smoke_pair|smoke_001|CA|7|70,7,,,,0
synthetic,smoke_pair,smoke_pair,train,smoke_pair,smoke_001,7.000,70,CB,smoke_pair|smoke_001|CB|7|70,7,,,,0
synthetic,smoke_pair,smoke_pair,train,smoke_pair,smoke_001,7.000,70,CA,smoke_pair|smoke_001|CA|8|70,8,,,,0
synthetic,smoke_pair,smoke_pair,train,smoke_pair,smoke_001,7.000,70,CB,smoke_pair|smoke_001|CB|8|70,8,,,,0
synthetic,smoke_pair,smoke_pair,train,smoke_pair,smoke_001,7.100,71,CA,smoke_pair|smoke_001|CA|1|71,1,,,,0
synthetic,smoke_pair,smoke_pair,train,smoke_pair,smoke_001,7.100,71,CB,smoke_pair|smoke_001|CB|1|71,1,,,,0
synthetic,smoke_pair,smoke_pair,train,smoke_pair,smoke_001,7.100,71,CA,smoke_pair|smoke_001|CA|2|71,2,,,,0
synthetic,smoke_pair,smoke_pair,train,smoke_pair,smoke_001,7.100,71,CB,smoke_pair|smoke_001|CB|2|71,2,,,,0
synthetic,smoke_pair,smoke_pair,train,smoke_pair,smoke_001,7.100,71,CA,smoke_pair|smoke_001|CA|3|71,3,,,,0
synthetic,smoke_pair,smoke_pair,train,smoke_pair,smoke_001,7.100,71,CB,smoke_pair|smoke_001|CB|3|71,3,,,,0
synthetic,smoke_pair,smoke_pair,train,smoke_pair,smoke_001,7.100,71,CA,smoke_pair|smoke_001|CA|4|71,4,,,,0
synthetic,smoke_pair,smoke_pair,train,smoke_pair,smoke_001,7.100,71,CB,smoke_pair|smoke_001|CB|4|71,4,,,,0
synthetic,smoke_pair,smoke_pair,train,smoke_pair,smoke_001,7.100,71,CA,smoke_pair|smoke_001|CA|5|71,5,,,,0
synthetic,smoke_pair,smoke_pair,train,smoke_pair,smoke_001,7.100,71,CB,smoke_pair|smoke_001|CB|5|71,5,,,,0
synthetic,smoke_pair,smoke_pair,train,smoke_pair,smoke_001,7.100,71,CA,smoke_pair|smoke_001|CA|6|71,6,,,,0
synthetic,smoke_pair,smoke_pair,train,smoke_pair,smoke_001,7.100,71,CB,smoke_pair|smoke_001|CB|6|71,6,,,,0
synthetic,smoke_pair,smoke_pair,train,smoke_pair,smoke_001,7.100,71,CA,smoke_pair|smoke_001|CA|7|71,7,,,,0
synthetic,smoke_pair,smoke_pair,train,smoke_pair,smoke_001,7.100,71,CB,smoke_pair|smoke_001|CB|7|71,7,,,,0
synthetic,smoke_pair,smoke_pair,train,smoke_pair,smoke_001,7.100,71,CA,smoke_pair|smoke_001|CA|8|71,8,,,,0
synthetic,smoke_pair,smoke_pair,train,smoke_pair,smoke_001,7.100,71,CB,smoke_pair|smoke_001|CB|8|71,8,,,,0
synthetic,smoke_pair,smoke_pair,train,smoke_pair,smoke_001,7.200,72,CA,smoke_pair|smoke_001|CA|1|72,1,,,,0
synthetic,smoke_pair,smoke_pair,train,smoke_pair,smoke_001,7.200,72,CB,smoke_pair|smoke_001|CB|1|72,1,,,,0
synthetic,smoke_pair,smoke_pair,train,smoke_pair,smoke_001,7.200,72,CA,smoke_pair|smoke_001|CA|2|72,2,,,,0
synthetic,smoke_pair,smoke_pair,train,smoke_pair,smoke_001,7.200,72,CB,smoke_pair|smoke_001|CB|2|72,2,,,,0
synthetic,smoke_pair,smoke_pair,train,smoke_pair,smoke_001,7.200,72,CA,smoke_pair|smoke_001|CA|3|72,3,,,,0
synthetic,smoke_pair,smoke_pair,train,smoke_pair,smoke_001,7.200,72,CB,smoke_pair|smoke_001|CB|3|72,3,,,,0
synthetic,smoke_pair,smoke_pair,train,smoke_pair,smoke_001,7.200,72,CA,smoke_pair|smoke_001|CA|4|72,4,,,,0
synthetic,smoke_pair,smoke_pair,train,smoke_pair,smoke_001,7.200,72,CB,smoke_pair|smoke_001|CB|4|72,4,,,,0
synthetic,smoke_pair,smoke_pair,train,smoke_pair,smoke_001,7.200,72,CA,smoke_pair|smoke_001|CA|5|72,5,,,,0
synthetic,smoke_pair,smoke_pair,train,smoke_pair,smoke_001,7.200,72,CB,smoke_pair|smoke_001|CB|5|72,5,,,,0
synthetic,smoke_pair,smoke_pair,train,smoke_pair,smoke_001,7.200,72,CA,smoke_pair|smoke_001|CA|6|72,6,,,,0
synthetic,smoke_pair,smoke_pair,train,smoke_pair,smoke_001,7.200,72,CB,smoke_pair|smoke_001|CB|6|72,6,,,,0
synthetic,smoke_pair,smoke_pair,train,smoke_pair,smoke_001,7.200,72,CA,smoke_pair|smoke_001|CA|7|72,7,,,,0
synthetic,smoke_pair,smoke_pair,train,smoke_pair,smoke_001,7.200,72,CB,smoke_pair|smoke_001|CB|7|72,7,,,,0
synthetic,smoke_pair,smoke_pair,train,smoke_pair,smoke_001,7.200,72,CA,smoke_pair|smoke_001|CA|8|72,8,,,,0
synthetic,smoke_pair,smoke_pair,train,smoke_pair,smoke_001,7.200,72,CB,smoke_pair|smoke_001|CB|8|72,8,,,,0
synthetic,smoke_pair,smoke_pair,train,smoke_pair,smoke_001,7.300,73,CA,smoke_pair|smoke_001|CA|1|73,1,,,,0
synthetic,smoke_pair,smoke_pair,train,smoke_pair,smoke_001,7.300,73,CB,smoke_pair|smoke_001|CB|1|73,1,,,,0
synthetic,smoke_pair,smoke_pair,train,smoke_pair,smoke_001,7.300,73,CA,smoke_pair|smoke_001|CA|2|73,2,,,,0
synthetic,smoke_pair,smoke_pair,train,smoke_pair,smoke_001,7.300,73,CB,smoke_pair|smoke_001|CB|2|73,2,,,,0
synthetic,smoke_pair,smoke_pair,train,smoke_pair,smoke_001,7.300,73,CA,smoke_pair|smoke_001|CA|3|73,3,,,,0
synthetic,smoke_pair,smoke_pair,train,smoke_pair,smoke_001,7.300,73,CB,smoke_pair|smoke_001|CB|3|73,3,,,,0
synthetic,smoke_pair,smoke_pair,train,smoke_pair,smoke_001,7.300,73,CA,smoke_pair|smoke_001|CA|4|73,4,,,,0
synthetic,smoke_pair,smoke_pair,train,smoke_pair,smoke_001,7.300,73,CB,smoke_pair|smoke_001|CB|4|73,4,,,,0
synthetic,smoke_pair,smoke_pair,train,smoke_pair,smoke_001,7.300,73,CA,smoke_pair|smoke_001|CA|5|73,5,,,,0
synthetic,smoke_pair,smoke_pair,train,smoke_pair,smoke_001,7.300,73,CB,smoke_pair|smoke_001|CB|5|73,5,,,,0
synthetic,smoke_pair,smoke_pair,train,smoke_pair,smoke_001,7.300,73,CA,smoke_pair|smoke_001|CA|6|73,6,,,,0
synthetic,smoke_pair,smoke_pair,train,smoke_pair,smoke_001,7.300,73,CB,smoke_pair|smoke_001|CB|6|73,6,,,,0
synthetic,smoke_pair,smoke_pair,train,smoke_pair,smoke_001,7.300,73,CA,smoke_pair|smoke_001|CA|7|73,7,,,,0
synthetic,smoke_pair,smoke_pair,train,smoke_pair,smoke_001,7.300,73,CB,smoke_pair|smoke_001|CB|7|73,7,,,,0
synthetic,smoke_pair,smoke_pair,train,smoke_pair,smoke_001,7.300,73,CA,smoke_pair|smoke_001|CA|8|73,8,,,,0
synthetic,smoke_pair,smoke_pair,train,smoke_pair,smoke_001,7.300,73,CB,smoke_pair|smoke_001|CB|8|73,8,,,,0
synthetic,smoke_pair,smoke_pair,train,smoke_pair,smoke_001,7.400,74,CA,smoke_pair|smoke_001|CA|1|74,1,,,,0
synthetic,smoke_pair,smoke_pair,train,smoke_pair,smoke_001,7.400,74,CB,smoke_pair|smoke_001|CB|1|74,1,,,,0
synthetic,smoke_pair,smoke_pair,train,smoke_pair,smoke_001,7.400,74,CA,smoke_pair|smoke_001|CA|2|74,2,,,,0
synthetic,smoke_pair,smoke_pair,train,smoke_pair,smoke_001,7.400,74,CB,smoke_pair|smoke_001|CB|2|74,2,,,,0
synthetic,smoke_pair,smoke_pair,train,smoke_pair,smoke_001,7.400,74,CA,smoke_pair|smoke_001|CA|3|74,3,,,,0
synthetic,smoke_pair,smoke_pair,train,smoke_pair,smoke_001,7.400,74,CB,smoke_pair|smoke_001|CB|3|74,3,,,,0
synthetic,smoke_pair,smoke_pair,train,smoke_pair,smoke_001,7.400,74,CA,smoke_pair|smoke_001|CA|4|74,4,,,,0
synthetic,smoke_pair,smoke_pair,train,smoke_pair,smoke_001,7.400,74,CB,smoke_pair|smoke_001|CB|4|74,4,,,,0
synthetic,smoke_pair,smoke_pair,train,smoke_pair,smoke_001,7.400,74,CA,smoke_pair|smoke_001|CA|5|74,5,,,,0
synthetic,smoke_pair,smoke_pair,train,smoke_pair,smoke_001,7.400,74,CB,smoke_pair|smoke_001|CB|5|74,5,,,,0
synthetic,smoke_pair,smoke_pair,train,smoke_pair,smoke_001,7.400,74,CA,smoke_pair|smoke_001|CA|6|74,6,,,,0
synthetic,smoke_pair,smoke_pair,train,smoke_pair,smoke_001,7.400,74,CB,smoke_pair|smoke_001|CB|6|74,6,,,,0
synthetic,smoke_pair,smoke_pair,train,smoke_pair,smoke_001,7.400,74,CA,smoke_pair|smoke_001|CA|7|74,7,,,,0
synthetic,smoke_pair,smoke_pair,train,smoke_pair,smoke_001,7.400,74,CB,smoke_pair|smoke_001|CB|7|74,7,,,,0
synthetic,smoke_pair,smoke_pair,train,smoke_pair,smoke_001,7.400,74,CA,smoke_pair|smoke_001|CA|8|74,8,,,,0
synthetic,smoke_pair,smoke_pair,train,smoke_pair,smoke_001,7.400,74,CB,smoke_pair|smoke_001|CB|8|74,8,,,,0
synthetic,smoke_pair,smoke_pair,train,smoke_pair,smoke_001,7.500,75,CA,smoke_pair|smoke_001|CA|1|75,1,,,,0
synthetic,smoke_pair,smoke_pair,train,smoke_pair,smoke_001,7.500,75,CB,smoke_pair|smoke_001|CB|1|75,1,,,,0
synthetic,smoke_pair,smoke_pair,train,smoke_pair,smoke_001,7.500,75,CA,smoke_pair|smoke_001|CA|2|75,2,,,,0
synthetic,smoke_pair,smoke_pair,train,smoke_pair,smoke_001,7.500,75,CB,smoke_pair|smoke_001|CB|2|75,2,,,,0
synthetic,smoke_pair,smoke_pair,train,smoke_pair,smoke_001,7.500,75,CA,smoke_pair|smoke_001|CA|3|75,3,,,,0
synthetic,smoke_pair,smoke_pair,train,smoke_pair,smoke_001,7.500,75,CB,smoke_pair|smoke_001|CB|3|75,3,,,,0
synthetic,smoke_pair,smoke_pair,train,smoke_pair,smoke_001,7.500,75,CA,smoke_pair|smoke_001|CA|4|75,4,,,,0
synthetic,smoke_pair,smoke_pair,train,smoke_pair,smoke_001,7.500,75,CB,smoke_pair|smoke_001|CB|4|75,4,,,,0
synthetic,smoke_pair,smoke_pair,train,smoke_pair,smoke_001,7.500,75,CA,smoke_pair|smoke_001|CA|5|75,5,,,,0
synthetic,smoke_pair,smoke_pair,train,smoke_pair,smoke_001,7.500,75,CB,smoke_pair|smoke_001|CB|5|75,5,,,,0
synthetic,smoke_pair,smoke_pair,train,smoke_pair,smoke_001,7.500,75,CA,smoke_pair|smoke_001|CA|6|75,6,,,,0
synthetic,smoke_pair,smoke_pair,train,smoke_pair,smoke_001,7.500,75,CB,smoke_pair|smoke_001|CB|6|75,6,,,,0
synthetic,smoke_pair,smoke_pair,train,smoke_pair,smoke_001,7.500,75,CA,smoke_pair|smoke_001|CA|7|75,7,,,,0
synthetic,smoke_pair,smoke_pair,train,smoke_pair,smoke_001,7.500,75,CB,smoke_pair|smoke_001|CB|7|75,7,,,,0
synthetic,smoke_pair,smoke_pair,train,smoke_pair,smoke_001,7.500,75,CA,smoke_pair|smoke_001|CA|8|75,8,,,,0
synthetic,smoke_pair,smoke_pair,train,smoke_pair,smoke_001,7.500,75,CB,smoke_pair|smoke_001|CB|8|75,8,,,,0
synthetic,smoke_pair,smoke_pair,train,smoke_pair,smoke_001,7.600,76,CA,smoke_pair|smoke_001|CA|1|76,1,,,,0
synthetic,smoke_pair,smoke_pair,train,smoke_pair,smoke_001,7.600,76,CB,smoke_pair|smoke_001|CB|1|76,1,,,,0
synthetic,smoke_pair,smoke_pair,train,smoke_pair,smoke_001,7.600,76,CA,smoke_pair|smoke_001|CA|2|76,2,,,,0
synthetic,smoke_pair,smoke_pair,train,smoke_pair,smoke_001,7.600,76,CB,smoke_pair|smoke_001|CB|2|76,2,,,,0
synthetic,smoke_pair,smoke_pair,train,smoke_pair,smoke_001,7.600,76,CA,smoke_pair|smoke_001|CA|3|76,3,,,,0
synthetic,smoke_pair,smoke_pair,train,smoke_pair,smoke_001,7.600,76,CB,smoke_pair|smoke_001|CB|3|76,3,,,,0
synthetic,smoke_pair,smoke_pair,train,smoke_pair,smoke_001,7.600,76,CA,smoke_pair|smoke_001|CA|4|76,4,,,,0
synthetic,smoke_pair,smoke_pair,train,smoke_pair,smoke_001,7.600,76,CB,smoke_pair|smoke_001|CB|4|76,4,,,,0
synthetic,smoke_pair,smoke_pair,train,smoke_pair,smoke_001,7.600,76,CA,smoke_pair|smoke_001|CA|5|76,5,,,,0
synthetic,smoke_pair,smoke_pair,train,smoke_pair,smoke_001,7.600,76,CB,smoke_pair|smoke_001|CB|5|76,5,,,,0
synthetic,smoke_pair,smoke_pair,train,smoke_pair,smoke_001,7.600,76,CA,smoke_pair|smoke_001|CA|6|76,6,,,,0
synthetic,smoke_pair,smoke_pair,train,smoke_pair,smoke_001,7.600,76,CB,smoke_pair|smoke_001|CB|6|76,6,,,,0
synthetic,smoke_pair,smoke_pair,train,smoke_pair,smoke_001,7.600,76,CA,smoke_pair|smoke_001|CA|7|76,7,,,,0
synthetic,smoke_pair,smoke_pair,train,smoke_pair,smoke_001,7.600,76,CB,smoke_pair|smoke_001|CB|7|76,7,,,,0
synthetic,smoke_pair,smoke_pair,train,smoke_pair,smoke_001,7.600,76,CA,smoke_pair|smoke_001|CA|8|76,8,,,,0
synthetic,smoke_pair,smoke_pair,train,smoke_pair,smoke_001,7.600,76,CB,smoke_pair|smoke_001|CB|8|76,8,,,,0
synthetic,smoke_pair,smoke_pair,train,smoke_pair,smoke_001,7.700,77,CA,smoke_pair|smoke_001|CA|1|77,1,,,,0
synthetic,smoke_pair,smoke_pair,train,smoke_pair,smoke_001,7.700,77,CB,smoke_pair|smoke_001|CB|1|77,1,,,,0
synthetic,smoke_pair,smoke_pair,train,smoke_pair,smoke_001,7.700,77,CA,smoke_pair|smoke_001|CA|2|77,2,,,,0
synthetic,smoke_pair,smoke_pair,train,smoke_pair,smoke_001,7.700,77,CB,smoke_pair|smoke_001|CB|2|77,2,,,,0
synthetic,smoke_pair,smoke_pair,train,smoke_pair,smoke_001,7.700,77,CA,smoke_pair|smoke_001|CA|3|77,3,,,,0
synthetic,smoke_pair,smoke_pair,train,smoke_pair,smoke_001,7.700,77,CB,smoke_pair|smoke_001|CB|3|77,3,,,,0
synthetic,smoke_pair,smoke_pair,train,smoke_pair,smoke_001,7.700,77,CA,smoke_pair|smoke_001|CA|4|77,4,,,,0
synthetic,smoke_pair,smoke_pair,train,smoke_pair,smoke_001,7.700,77,CB,smoke_pair|smoke_001|CB|4|77,4,,,,0
synthetic,smoke_pair,smoke_pair,train,smoke_pair,smoke_001,7.700,77,CA,smoke_pair|smoke_001|CA|5|77,5,,,,0
synthetic,smoke_pair,smoke_pair,train,smoke_pair,smoke_001,7.700,77,CB,smoke_pair|smoke_001|CB|5|77,5,,,,0
synthetic,smoke_pair,smoke_pair,train,smoke_pair,smoke_001,7.700,77,CA,smoke_pair|smoke_001|CA|6|77,6,,,,0
synthetic,smoke_pair,smoke_pair,train,smoke_pair,smoke_001,7.700,77,CB,smoke_pair|smoke_001|CB|6|77,6,,,,0
synthetic,smoke_pair,smoke_pair,train,smoke_pair,smoke_001,7.700,77,CA,smoke_pair|smoke_001|CA|7|77,7,,,,0
synthetic,smoke_pair,smoke_pair,train,smoke_pair,smoke_001,7.700,77,CB,smoke_pair|smoke_001|CB|7|77,7,,,,0
synthetic,smoke_pair,smoke_pair,train,smoke_pair,smoke_001,7.700,77,CA,smoke_pair|smoke_001|CA|8|77,8,,,,0
synthetic,smoke_pair,smoke_pair,train,smoke_pair,smoke_001,7.700,77,CB,smoke_pair|smoke_001|CB|8|77,8,,,,0
synthetic,smoke_pair,smoke_pair,train,smoke_pair,smoke_001,7.800,78,CA,smoke_pair|smoke_001|CA|1|78,1,,,,0
synthetic,smoke_pair,smoke_pair,train,smoke_pair,smoke_001,7.800,78,CB,smoke_pair|smoke_001|CB|1|78,1,,,,0
synthetic,smoke_pair,smoke_pair,train,smoke_pair,smoke_001,7.800,78,CA,smoke_pair|smoke_001|CA|2|78,2,,,,0
synthetic,smoke_pair,smoke_pair,train,smoke_pair,smoke_001,7.800,78,CB,smoke_pair|smoke_001|CB|2|78,2,,,,0
synthetic,smoke_pair,smoke_pair,train,smoke_pair,smoke_001,7.800,78,CA,smoke_pair|smoke_001|CA|3|78,3,,,,0
synthetic,smoke_pair,smoke_pair,train,smoke_pair,smoke_001,7.800,78,CB,smoke_pair|smoke_001|CB|3|78,3,,,,0
synthetic,smoke_pair,smoke_pair,train,smoke_pair,smoke_001,7.800,78,CA,smoke_pair|smoke_001|CA|4|78,4,,,,0
synthetic,smoke_pair,smoke_pair,train,smoke_pair,smoke_001,7.800,78,CB,smoke_pair|smoke_001|CB|4|78,4,,,,0
synthetic,smoke_pair,smoke_pair,train,smoke_pair,smoke_001,7.800,78,CA,smoke_pair|smoke_001|CA|5|78,5,,,,0
synthetic,smoke_pair,smoke_pair,train,smoke_pair,smoke_001,7.800,78,CB,smoke_pair|smoke_001|CB|5|78,5,,,,0
synthetic,smoke_pair,smoke_pair,train,smoke_pair,smoke_001,7.800,78,CA,smoke_pair|smoke_001|CA|6|78,6,,,,0
synthetic,smoke_pair,smoke_pair,train,smoke_pair,smoke_001,7.800,78,CB,smoke_pair|smoke_001|CB|6|78,6,,,,0
synthetic,smoke_pair,smoke_pair,train,smoke_pair,smoke_001,7.800,78,CA,smoke_pair|smoke_001|CA|7|78,7,,,,0
synthetic,smoke_pair,smoke_pair,train,smoke_pair,smoke_001,7.800,78,CB,smoke_pair|smoke_001|CB|7|78,7,,,,0
synthetic,smoke_pair,smoke_pair,train,smoke_pair,smoke_001,7.800,78,CA,smoke_pair|smoke_001|CA|8|78,8,,,,0
synthetic,smoke_pair,smoke_pair,train,smoke_pair,smoke_001,7.800,78,CB,smoke_pair|smoke_001|CB|8|78,8,,,,0
synthetic,smoke_pair,smoke_pair,train,smoke_pair,smoke_001,7.900,79,CA,smoke_pair|smoke_001|CA|1|79,1,,,,0
synthetic,smoke_pair,smoke_pair,train,smoke_pair,smoke_001,7.900,79,CB,smoke_pair|smoke_001|CB|1|79,1,,,,0
synthetic,smoke_pair,smoke_pair,train,smoke_pair,smoke_001,7.900,79,CA,smoke_pair|smoke_001|CA|2|79,2,,,,0
synthetic,smoke_pair,smoke_pair,train,smoke_pair,smoke_001,7.900,79,CB,smoke_pair|smoke_001|CB|2|79,2,,,,0
synthetic,smoke_pair,smoke_pair,train,smoke_pair,smoke_001,7.900,79,CA,smoke_pair|smoke_001|CA|3|79,3,,,,0
synthetic,smoke_pair,smoke_pair,train,smoke_pair,smoke_001,7.900,79,CB,smoke_pair|smoke_001|CB|3|79,3,,,,0
synthetic,smoke_pair,smoke_pair,train,smoke_pair,smoke_001,7.900,79,CA,smoke_pair|smoke_001|CA|4|79,4,,,,0
synthetic,smoke_pair,smoke_pair,train,smoke_pair,smoke_001,7.900,79,CB,smoke_pair|smoke_001|CB|4|79,4,,,,0
synthetic,smoke_pair,smoke_pair,train,smoke_pair,smoke_001,7.900,79,CA,smoke_pair|smoke_001|CA|5|79,5,,,,0
synthetic,smoke_pair,smoke_pair,train,smoke_pair,smoke_001,7.900,79,CB,smoke_pair|smoke_001|CB|5|79,5,,,,0
synthetic,smoke_pair,smoke_pair,train,smoke_pair,smoke_001,7.900,79,CA,smoke_pair|smoke_001|CA|6|79,6,,,,0
synthetic,smoke_pair,smoke_pair,train,smoke_pair,smoke_001,7.900,79,CB,smoke_pair|smoke_001|CB|6|79,6,,,,0
synthetic,smoke_pair,smoke_pair,train,smoke_pair,smoke_001,7.900,79,CA,smoke_pair|smoke_001|CA|7|79,7,,,,0
synthetic,smoke_pair,smoke_pair,train,smoke_pair,smoke_001,7.900,79,CB,smoke_pair|smoke_001|CB|7|79,7,,,,0
synthetic,smoke_pair,smoke_pair,train,smoke_pair,smoke_001,7.900,79,CA,smoke_pair|smoke_001|CA|8|79,8,,,,0
synthetic,smoke_pair,smoke_pair,train,smoke_pair,smoke_001,7.900,79,CB,smoke_pair|smoke_001|CB|8|79,8,,,,0
synthetic,smoke_pair,smoke_pair,train,smoke_pair,smoke_001,8.000,80,CA,smoke_pair|smoke_001|CA|1|80,1,,,,0
synthetic,smoke_pair,smoke_pair,train,smoke_pair,smoke_001,8.000,80,CB,smoke_pair|smoke_001|CB|1|80,1,,,,0
synthetic,smoke_pair,smoke_pair,train,smoke_pair,smoke_001,8.000,80,CA,smoke_pair|smoke_001|CA|2|80,2,,,,0
synthetic,smoke_pair,smoke_pair,train,smoke_pair,smoke_001,8.000,80,CB,smoke_pair|smoke_001|CB|2|80,2,,,,0
synthetic,smoke_pair,smoke_pair,train,smoke_pair,smoke_001,8.000,80,CA,smoke_pair|smoke_001|CA|3|80,3,,,,0
synthetic,smoke_pair,smoke_pair,train,smoke_pair,smoke_001,8.000,80,CB,smoke_pair|smoke_001|CB|3|80,3,,,,0
synthetic,smoke_pair,smoke_pair,train,smoke_pair,smoke_001,8.000,80,CA,smoke_pair|smoke_001|CA|4|80,4,,,,0
synthetic,smoke_pair,smoke_pair,train,smoke_pair,smoke_001,8.000,80,CB,smoke_pair|smoke_001|CB|4|80,4,,,,0
synthetic,smoke_pair,smoke_pair,train,smoke_pair,smoke_001,8.000,80,CA,smoke_pair|smoke_001|CA|5|80,5,,,,0
synthetic,smoke_pair,smoke_pair,train,smoke_pair,smoke_001,8.000,80,CB,smoke_pair|smoke_001|CB|5|80,5,,,,0
synthetic,smoke_pair,smoke_pair,train,smoke_pair,smoke_001,8.000,80,CA,smoke_pair|smoke_001|CA|6|80,6,,,,0
synthetic,smoke_pair,smoke_pair,train,smoke_pair,smoke_001,8.000,80,CB,smoke_pair|smoke_001|CB|6|80,6,,,,0
synthetic,smoke_pair,smoke_pair,train,smoke_pair,smoke_001,8.000,80,CA,smoke_pair|smoke_001|CA|7|80,7,,,,0
synthetic,smoke_pair,smoke_pair,train,smoke_pair,smoke_001,8.000,80,CB,smoke_pair|smoke_001|CB|7|80,7,,,,0
synthetic,smoke_pair,smoke_pair,train,smoke_pair,smoke_001,8.000,80,CA,smoke_pair|smoke_001|CA|8|80,8,,,,0
synthetic,smoke_pair,smoke_pair,train,smoke_pair,smoke_001,8.000,80,CB,smoke_pair|smoke_001|CB|8|80,8,,,,0
synthetic,smoke_pair,smoke_pair,train,smoke_pair,smoke_001,8.100,81,CA,smoke_pair|smoke_001|CA|1|81,1,,,,0
synthetic,smoke_pair,smoke_pair,train,smoke_pair,smoke_001,8.100,81,CB,smoke_pair|smoke_001|CB|1|81,1,,,,0
synthetic,smoke_pair,smoke_pair,train,smoke_pair,smoke_001,8.100,81,CA,smoke_pair|smoke_001|CA|2|81,2,,,,0
synthetic,smoke_pair,smoke_pair,train,smoke_pair,smoke_001,8.100,81,CB,smoke_pair|smoke_001|CB|2|81,2,,,,0
synthetic,smoke_pair,smoke_pair,train,smoke_pair,smoke_001,8.100,81,CA,smoke_pair|smoke_001|CA|3|81,3,,,,0
synthetic,smoke_pair,smoke_pair,train,smoke_pair,smoke_001,8.100,81,CB,smoke_pair|smoke_001|CB|3|81,3,,,,0
synthetic,smoke_pair,smoke_pair,train,smoke_pair,smoke_001,8.100,81,CA,smoke_pair|smoke_001|CA|4|81,4,,,,0
synthetic,smoke_pair,smoke_pair,train,smoke_pair,smoke_001,8.100,81,CB,smoke_pair|smoke_001|CB|4|81,4,,,,0
synthetic,smoke_pair,smoke_pair,train,smoke_pair,smoke_001,8.100,81,CA,smoke_pair|smoke_001|CA|5|81,5,,,,0
synthetic,smoke_pair,smoke_pair,train,smoke_pair,smoke_001,8.100,81,CB,smoke_pair|smoke_001|CB|5|81,5,,,,0
synthetic,smoke_pair,smoke_pair,train,smoke_pair,smoke_001,8.100,81,CA,smoke_pair|smoke_001|CA|6|81,6,,,,0
synthetic,smoke_pair,smoke_pair,train,smoke_pair,smoke_001,8.100,81,CB,smoke_pair|smoke_001|CB|6|81,6,,,,0
synthetic,smoke_pair,smoke_pair,train,smoke_pair,smoke_001,8.100,81,CA,smoke_pair|smoke_001|CA|7|81,7,,,,0
synthetic,smoke_pair,smoke_pair,train,smoke_pair,smoke_001,8.100,81,CB,smoke_pair|smoke_001|CB|7|81,7,,,,0
synthetic,smoke_pair,smoke_pair,train,smoke_pair,smoke_001,8.100,81,CA,smoke_pair|smoke_001|CA|8|81,8,,,,0
synthetic,smoke_pair,smoke_pair,train,smoke_pair,smoke_001,8.100,81,CB,smoke_pair|smoke_001|CB|8|81,8,,,,0
synthetic,smoke_pair,smoke_pair,train,smoke_pair,smoke_001,8.200,82,CA,smoke_pair|smoke_001|CA|1|82,1,,,,0
synthetic,smoke_pair,smoke_pair,train,smoke_pair,smoke_001,8.200,82,CB,smoke_pair|smoke_001|CB|1|82,1,,,,0
synthetic,smoke_pair,smoke_pair,train,smoke_pair,smoke_001,8.200,82,CA,smoke_pair|smoke_001|CA|2|82,2,,,,0
synthetic,smoke_pair,smoke_pair,train,smoke_pair,smoke_001,8.200,82,CB,smoke_pair|smoke_001|CB|2|82,2,,,,0
synthetic,smoke_pair,smoke_pair,train,smoke_pair,smoke_001,8.200,82,CA,smoke_pair|smoke_001|CA|3|82,3,,,,0
synthetic,smoke_pair,smoke_pair,train,smoke_pair,smoke_001,8.200,82,CB,smoke_pair|smoke_001|CB|3|82,3,,,,0
synthetic,smoke_pair,smoke_pair,train,smoke_pair,smoke_001,8.200,82,CA,smoke_pair|smoke_001|CA|4|82,4,,,,0
synthetic,smoke_pair,smoke_pair,train,smoke_pair,smoke_001,8.200,82,CB,smoke_pair|smoke_001|CB|4|82,4,,,,0
synthetic,smoke_pair,smoke_pair,train,smoke_pair,smoke_001,8.200,82,CA,smoke_pair|smoke_001|CA|5|82,5,,,,0
synthetic,smoke_pair,smoke_pair,train,smoke_pair,smoke_001,8.200,82,CB,smoke_pair|smoke_001|CB|5|82,5,,,,0
synthetic,smoke_pair,smoke_pair,train,smoke_pair,smoke_001,8.200,82,CA,smoke_pair|smoke_001|CA|6|82,6,,,,0
synthetic,smoke_pair,smoke_pair,train,smoke_pair,smoke_001,8.200,82,CB,smoke_pair|smoke_001|CB|6|82,6,,,,0
synthetic,smoke_pair,smoke_pair,train,smoke_pair,smoke_001,8.200,82,CA,smoke_pair|smoke_001|CA|7|82,7,,,,0
synthetic,smoke_pair,smoke_pair,train,smoke_pair,smoke_001,8.200,82,CB,smoke_pair|smoke_001|CB|7|82,7,,,,0
synthetic,smoke_pair,smoke_pair,train,smoke_pair,smoke_001,8.200,82,CA,smoke_pair|smoke_001|CA|8|82,8,,,,0
synthetic,smoke_pair,smoke_pair,train,smoke_pair,smoke_001,8.200,82,CB,smoke_pair|smoke_001|CB|8|82,8,,,,0
synthetic,smoke_pair,smoke_pair,train,smoke_pair,smoke_001,8.300,83,CA,smoke_pair|smoke_001|CA|1|83,1,,,,0
synthetic,smoke_pair,smoke_pair,train,smoke_pair,smoke_001,8.300,83,CB,smoke_pair|smoke_001|CB|1|83,1,,,,0
synthetic,smoke_pair,smoke_pair,train,smoke_pair,smoke_001,8.300,83,CA,smoke_pair|smoke_001|CA|2|83,2,,,,0
synthetic,smoke_pair,smoke_pair,train,smoke_pair,smoke_001,8.300,83,CB,smoke_pair|smoke_001|CB|2|83,2,,,,0
synthetic,smoke_pair,smoke_pair,train,smoke_pair,smoke_001,8.300,83,CA,smoke_pair|smoke_001|CA|3|83,3,,,,0
synthetic,smoke_pair,smoke_pair,train,smoke_pair,smoke_001,8.300,83,CB,smoke_pair|smoke_001|CB|3|83,3,,,,0
synthetic,smoke_pair,smoke_pair,train,smoke_pair,smoke_001,8.300,83,CA,smoke_pair|smoke_001|CA|4|83,4,,,,0
synthetic,smoke_pair,smoke_pair,train,smoke_pair,smoke_001,8.300,83,CB,smoke_pair|smoke_001|CB|4|83,4,,,,0
synthetic,smoke_pair,smoke_pair,train,smoke_pair,smoke_001,8.300,83,CA,smoke_pair|smoke_001|CA|5|83,5,,,,0
synthetic,smoke_pair,smoke_pair,train,smoke_pair,smoke_001,8.300,83,CB,smoke_pair|smoke_001|CB|5|83,5,,,,0
synthetic,smoke_pair,smoke_pair,train,smoke_pair,smoke_001,8.300,83,CA,smoke_pair|smoke_001|CA|6|83,6,,,,0
synthetic,smoke_pair,smoke_pair,train,smoke_pair,smoke_001,8.300,83,CB,smoke_pair|smoke_001|CB|6|83,6,,,,0
synthetic,smoke_pair,smoke_pair,train,smoke_pair,smoke_001,8.300,83,CA,smoke_pair|smoke_001|CA|7|83,7,,,,0
synthetic,smoke_pair,smoke_pair,train,smoke_pair,smoke_001,8.300,83,CB,smoke_pair|smoke_001|CB|7|83,7,,,,0
synthetic,smoke_pair,smoke_pair,train,smoke_pair,smoke_001,8.300,83,CA,smoke_pair|smoke_001|CA|8|83,8,,,,0
synthetic,smoke_pair,smoke_pair,train,smoke_pair,smoke_001,8.300,83,CB,smoke_pair|smoke_001|CB|8|83,8,,,,0
synthetic,smoke_pair,smoke_pair,train,smoke_pair,smoke_001,8.400,84,CA,smoke_pair|smoke_001|CA|1|84,1,,,,0
synthetic,smoke_pair,smoke_pair,train,smoke_pair,smoke_001,8.400,84,CB,smoke_pair|smoke_001|CB|1|84,1,,,,0
synthetic,smoke_pair,smoke_pair,train,smoke_pair,smoke_001,8.400,84,CA,smoke_pair|smoke_001|CA|2|84,2,,,,0
synthetic,smoke_pair,smoke_pair,train,smoke_pair,smoke_001,8.400,84,CB,smoke_pair|smoke_001|CB|2|84,2,,,,0
synthetic,smoke_pair,smoke_pair,train,smoke_pair,smoke_001,8.400,84,CA,smoke_pair|smoke_001|CA|3|84,3,,,,0
synthetic,smoke_pair,smoke_pair,train,smoke_pair,smoke_001,8.400,84,CB,smoke_pair|smoke_001|CB|3|84,3,,,,0
synthetic,smoke_pair,smoke_pair,train,smoke_pair,smoke_001,8.400,84,CA,smoke_pair|smoke_001|CA|4|84,4,,,,0
synthetic,smoke_pair,smoke_pair,train,smoke_pair,smoke_001,8.400,84,CB,smoke_pair|smoke_001|CB|4|84,4,,,,0
synthetic,smoke_pair,smoke_pair,train,smoke_pair,smoke_001,8.400,84,CA,smoke_pair|smoke_001|CA|5|84,5,,,,0
synthetic,smoke_pair,smoke_pair,train,smoke_pair,smoke_001,8.400,84,CB,smoke_pair|smoke_001|CB|5|84,5,,,,0
synthetic,smoke_pair,smoke_pair,train,smoke_pair,smoke_001,8.400,84,CA,smoke_pair|smoke_001|CA|6|84,6,,,,0
synthetic,smoke_pair,smoke_pair,train,smoke_pair,smoke_001,8.400,84,CB,smoke_pair|smoke_001|CB|6|84,6,,,,0
synthetic,smoke_pair,smoke_pair,train,smoke_pair,smoke_001,8.400,84,CA,smoke_pair|smoke_001|CA|7|84,7,,,,0
synthetic,smoke_pair,smoke_pair,train,smoke_pair,smoke_001,8.400,84,CB,smoke_pair|smoke_001|CB|7|84,7,,,,0
synthetic,smoke_pair,smoke_pair,train,smoke_pair,smoke_001,8.400,84,CA,smoke_pair|smoke_001|CA|8|84,8,,,,0
synthetic,smoke_pair,smoke_pair,train,smoke_pair,smoke_001,8.400,84,CB,smoke_pair|smoke_001|CB|8|84,8,,,,0
synthetic,smoke_pair,smoke_pair,train,smoke_pair,smoke_001,8.500,85,CA,smoke_pair|smoke_001|CA|1|85,1,,,,0
synthetic,smoke_pair,smoke_pair,train,smoke_pair,smoke_001,8.500,85,CB,smoke_pair|smoke_001|CB|1|85,1,,,,0
synthetic,smoke_pair,smoke_pair,train,smoke_pair,smoke_001,8.500,85,CA,smoke_pair|smoke_001|CA|2|85,2,,,,0
synthetic,smoke_pair,smoke_pair,train,smoke_pair,smoke_001,8.500,85,CB,smoke_pair|smoke_001|CB|2|85,2,,,,0
synthetic,smoke_pair,smoke_pair,train,smoke_pair,smoke_001,8.500,85,CA,smoke_pair|smoke_001|CA|3|85,3,,,,0
synthetic,smoke_pair,smoke_pair,train,smoke_pair,smoke_001,8.500,85,CB,smoke_pair|smoke_001|CB|3|85,3,,,,0
synthetic,smoke_pair,smoke_pair,train,smoke_pair,smoke_001,8.500,85,CA,smoke_pair|smoke_001|CA|4|85,4,,,,0
synthetic,smoke_pair,smoke_pair,train,smoke_pair,smoke_001,8.500,85,CB,smoke_pair|smoke_001|CB|4|85,4,,,,0
synthetic,smoke_pair,smoke_pair,train,smoke_pair,smoke_001,8.500,85,CA,smoke_pair|smoke_001|CA|5|85,5,,,,0
synthetic,smoke_pair,smoke_pair,train,smoke_pair,smoke_001,8.500,85,CB,smoke_pair|smoke_001|CB|5|85,5,,,,0
synthetic,smoke_pair,smoke_pair,train,smoke_pair,smoke_001,8.500,85,CA,smoke_pair|smoke_001|CA|6|85,6,,,,0
synthetic,smoke_pair,smoke_pair,train,smoke_pair,smoke_001,8.500,85,CB,smoke_pair|smoke_001|CB|6|85,6,,,,0
synthetic,smoke_pair,smoke_pair,train,smoke_pair,smoke_001,8.500,85,CA,smoke_pair|smoke_001|CA|7|85,7,,,,0
synthetic,smoke_pair,smoke_pair,train,smoke_pair,smoke_001,8.500,85,CB,smoke_pair|smoke_001|CB|7|85,7,,,,0
synthetic,smoke_pair,smoke_pair,train,smoke_pair,smoke_001,8.500,85,CA,smoke_pair|smoke_001|CA|8|85,8,,,,0
synthetic,smoke_pair,smoke_pair,train,smoke_pair,smoke_001,8.500,85,CB,smoke_pair|smoke_001|CB|8|85,8,,,,0
synthetic,smoke_pair,smoke_pair,train,smoke_pair,smoke_001,8.600,86,CA,smoke_pair|smoke_001|CA|1|86,1,,,,0
synthetic,smoke_pair,smoke_pair,train,smoke_pair,smoke_001,8.600,86,CB,smoke_pair|smoke_001|CB|1|86,1,,,,0
synthetic,smoke_pair,smoke_pair,train,smoke_pair,smoke_001,8.600,86,CA,smoke_pair|smoke_001|CA|2|86,2,,,,0
synthetic,smoke_pair,smoke_pair,train,smoke_pair,smoke_001,8.600,86,CB,smoke_pair|smoke_001|CB|2|86,2,,,,0
synthetic,smoke_pair,smoke_pair,train,smoke_pair,smoke_001,8.600,86,CA,smoke_pair|smoke_001|CA|3|86,3,,,,0
synthetic,smoke_pair,smoke_pair,train,smoke_pair,smoke_001,8.600,86,CB,smoke_pair|smoke_001|CB|3|86,3,,,,0
synthetic,smoke_pair,smoke_pair,train,smoke_pair,smoke_001,8.600,86,CA,smoke_pair|smoke_001|CA|4|86,4,,,,0
synthetic,smoke_pair,smoke_pair,train,smoke_pair,smoke_001,8.600,86,CB,smoke_pair|smoke_001|CB|4|86,4,,,,0
synthetic,smoke_pair,smoke_pair,train,smoke_pair,smoke_001,8.600,86,CA,smoke_pair|smoke_001|CA|5|86,5,,,,0
synthetic,smoke_pair,smoke_pair,train,smoke_pair,smoke_001,8.600,86,CB,smoke_pair|smoke_001|CB|5|86,5,,,,0
synthetic,smoke_pair,smoke_pair,train,smoke_pair,smoke_001,8.600,86,CA,smoke_pair|smoke_001|CA|6|86,6,,,,0
synthetic,smoke_pair,smoke_pair,train,smoke_pair,smoke_001,8.600,86,CB,smoke_pair|smoke_001|CB|6|86,6,,,,0
synthetic,smoke_pair,smoke_pair,train,smoke_pair,smoke_001,8.600,86,CA,smoke_pair|smoke_001|CA|7|86,7,,,,0
synthetic,smoke_pair,smoke_pair,train,smoke_pair,smoke_001,8.600,86,CB,smoke_pair|smoke_001|CB|7|86,7,,,,0
synthetic,smoke_pair,smoke_pair,train,smoke_pair,smoke_001,8.600,86,CA,smoke_pair|smoke_001|CA|8|86,8,,,,0
synthetic,smoke_pair,smoke_pair,train,smoke_pair,smoke_001,8.600,86,CB,smoke_pair|smoke_001|CB|8|86,8,,,,0
synthetic,smoke_pair,smoke_pair,train,smoke_pair,smoke_001,8.700,87,CA,smoke_pair|smoke_001|CA|1|87,1,,,,0
synthetic,smoke_pair,smoke_pair,train,smoke_pair,smoke_001,8.700,87,CB,smoke_pair|smoke_001|CB|1|87,1,,,,0
synthetic,smoke_pair,smoke_pair,train,smoke_pair,smoke_001,8.700,87,CA,smoke_pair|smoke_001|CA|2|87,2,,,,0
synthetic,smoke_pair,smoke_pair,train,smoke_pair,smoke_001,8.700,87,CB,smoke_pair|smoke_001|CB|2|87,2,,,,0
synthetic,smoke_pair,smoke_pair,train,smoke_pair,smoke_001,8.700,87,CA,smoke_pair|smoke_001|CA|3|87,3,,,,0
synthetic,smoke_pair,smoke_pair,train,smoke_pair,smoke_001,8.700,87,CB,smoke_pair|smoke_001|CB|3|87,3,,,,0
synthetic,smoke_pair,smoke_pair,train,smoke_pair,smoke_001,8.700,87,CA,smoke_pair|smoke_001|CA|4|87,4,,,,0
synthetic,smoke_pair,smoke_pair,train,smoke_pair,smoke_001,8.700,87,CB,smoke_pair|smoke_001|CB|4|87,4,,,,0
synthetic,smoke_pair,smoke_pair,train,smoke_pair,smoke_001,8.700,87,CA,smoke_pair|smoke_001|CA|5|87,5,,,,0
synthetic,smoke_pair,smoke_pair,train,smoke_pair,smoke_001,8.700,87,CB,smoke_pair|smoke_001|CB|5|87,5,,,,0
synthetic,smoke_pair,smoke_pair,train,smoke_pair,smoke_001,8.700,87,CA,smoke_pair|smoke_001|CA|6|87,6,,,,0
synthetic,smoke_pair,smoke_pair,train,smoke_pair,smoke_001,8.700,87,CB,smoke_pair|smoke_001|CB|6|87,6,,,,0
synthetic,smoke_pair,smoke_pair,train,smoke_pair,smoke_001,8.700,87,CA,smoke_pair|smoke_001|CA|7|87,7,,,,0
synthetic,smoke_pair,smoke_pair,train,smoke_pair,smoke_001,8.700,87,CB,smoke_pair|smoke_001|CB|7|87,7,,,,0
synthetic,smoke_pair,smoke_pair,train,smoke_pair,smoke_001,8.700,87,CA,smoke_pair|smoke_001|CA|8|87,8,,,,0
synthetic,smoke_pair,smoke_pair,train,smoke_pair,smoke_001,8.700,87,CB,smoke_pair|smoke_001|CB|8|87,8,,,,0
synthetic,smoke_pair,smoke_pair,train,smoke_pair,smoke_001,8.800,88,CA,smoke_pair|smoke_001|CA|1|88,1,,,,0
synthetic,smoke_pair,smoke_pair,train,smoke_pair,smoke_001,8.800,88,CB,smoke_pair|smoke_001|CB|1|88,1,,,,0
synthetic,smoke_pair,smoke_pair,train,smoke_pair,smoke_001,8.800,88,CA,smoke_pair|smoke_001|CA|2|88,2,,,,0
synthetic,smoke_pair,smoke_pair,train,smoke_pair,smoke_001,8.800,88,CB,smoke_pair|smoke_001|CB|2|88,2,,,,0
synthetic,smoke_pair,smoke_pair,train,smoke_pair,smoke_001,8.800,88,CA,smoke_pair|smoke_001|CA|3|88,3,,,,0
synthetic,smoke_pair,smoke_pair,train,smoke_pair,smoke_001,8.800,88,CB,smoke_pair|smoke_001|CB|3|88,3,,,,0
synthetic,smoke_pair,smoke_pair,train,smoke_pair,smoke_001,8.800,88,CA,smoke_pair|smoke_001|CA|4|88,4,,,,0
synthetic,smoke_pair,smoke_pair,train,smoke_pair,smoke_001,8.800,88,CB,smoke_pair|smoke_001|CB|4|88,4,,,,0
synthetic,smoke_pair,smoke_pair,train,smoke_pair,smoke_001,8.800,88,CA,smoke_pair|smoke_001|CA|5|88,5,,,,0
synthetic,smoke_pair,smoke_pair,train,smoke_pair,smoke_001,8.800,88,CB,smoke_pair|smoke_001|CB|5|88,5,,,,0
synthetic,smoke_pair,smoke_pair,train,smoke_pair,smoke_001,8.800,88,CA,smoke_pair|smoke_001|CA|6|88,6,,,,0
synthetic,smoke_pair,smoke_pair,train,smoke_pair,smoke_001,8.800,88,CB,smoke_pair|smoke_001|CB|6|88,6,,,,0
synthetic,smoke_pair,smoke_pair,train,smoke_pair,smoke_001,8.800,88,CA,smoke_pair|smoke_001|CA|7|88,7,,,,0
synthetic,smoke_pair,smoke_pair,train,smoke_pair,smoke_001,8.800,88,CB,smoke_pair|smoke_001|CB|7|88,7,,,,0
synthetic,smoke_pair,smoke_pair,train,smoke_pair,smoke_001,8.800,88,CA,smoke_pair|smoke_001|CA|8|88,8,,,,0
synthetic,smoke_pair,smoke_pair,train,smoke_pair,smoke_001,8.800,88,CB,smoke_pair|smoke_001|CB|8|88,8,,,,0
synthetic,smoke_pair,smoke_pair,train,smoke_pair,smoke_001,8.900,89,CA,smoke_pair|smoke_001|CA|1|89,1,,,,0
synthetic,smoke_pair,smoke_pair,train,smoke_pair,smoke_001,8.900,89,CB,smoke_pair|smoke_001|CB|1|89,1,,,,0
synthetic,smoke_pair,smoke_pair,train,smoke_pair,smoke_001,8.900,89,CA,smoke_pair|smoke_001|CA|2|89,2,,,,0
synthetic,smoke_pair,smoke_pair,train,smoke_pair,smoke_001,8.900,89,CB,smoke_pair|smoke_001|CB|2|89,2,,,,0
synthetic,smoke_pair,smoke_pair,train,smoke_pair,smoke_001,8.900,89,CA,smoke_pair|smoke_001|CA|3|89,3,,,,0
synthetic,smoke_pair,smoke_pair,train,smoke_pair,smoke_001,8.900,89,CB,smoke_pair|smoke_001|CB|3|89,3,,,,0
synthetic,smoke_pair,smoke_pair,train,smoke_pair,smoke_001,8.900,89,CA,smoke_pair|smoke_001|CA|4|89,4,,,,0
synthetic,smoke_pair,smoke_pair,train,smoke_pair,smoke_001,8.900,89,CB,smoke_pair|smoke_001|CB|4|89,4,,,,0
synthetic,smoke_pair,smoke_pair,train,smoke_pair,smoke_001,8.900,89,CA,smoke_pair|smoke_001|CA|5|89,5,,,,0
synthetic,smoke_pair,smoke_pair,train,smoke_pair,smoke_001,8.900,89,CB,smoke_pair|smoke_001|CB|5|89,5,,,,0
synthetic,smoke_pair,smoke_pair,train,smoke_pair,smoke_001,8.900,89,CA,smoke_pair|smoke_001|CA|6|89,6,,,,0
synthetic,smoke_pair,smoke_pair,train,smoke_pair,smoke_001,8.900,89,CB,smoke_pair|smoke_001|CB|6|89,6,,,,0
synthetic,smoke_pair,smoke_pair,train,smoke_pair,smoke_001,8.900,89,CA,smoke_pair|smoke_001|CA|7|89,7,,,,0
synthetic,smoke_pair,smoke_pair,train,smoke_pair,smoke_001,8.900,89,CB,smoke_pair|smoke_001|CB|7|89,7,,,,0
synthetic,smoke_pair,smoke_pair,train,smoke_pair,smoke_001,8.900,89,CA,smoke_pair|smoke_001|CA|8|89,8,,,,0
synthetic,smoke_pair,smoke_pair,train,smoke_pair,smoke_001,8.900,89,CB,smoke_pair|smoke_001|CB|8|89,8,,,,0
synthetic,smoke_pair,smoke_pair,train,smoke_pair,smoke_001,9.000,90,CA,smoke_pair|smoke_001|CA|1|90,1,,,,0
synthetic,smoke_pair,smoke_pair,train,smoke_pair,smoke_001,9.000,90,CB,smoke_pair|smoke_001|CB|1|90,1,,,,0
synthetic,smoke_pair,smoke_pair,train,smoke_pair,smoke_001,9.000,90,CA,smoke_pair|smoke_001|CA|2|90,2,,,,0
synthetic,smoke_pair,smoke_pair,train,smoke_pair,smoke_001,9.000,90,CB,smoke_pair|smoke_001|CB|2|90,2,,,,0
synthetic,smoke_pair,smoke_pair,train,smoke_pair,smoke_001,9.000,90,CA,smoke_pair|smoke_001|CA|3|90,3,,,,0
synthetic,smoke_pair,smoke_pair,train,smoke_pair,smoke_001,9.000,90,CB,smoke_pair|smoke_001|CB|3|90,3,,,,0
synthetic,smoke_pair,smoke_pair,train,smoke_pair,smoke_001,9.000,90,CA,smoke_pair|smoke_001|CA|4|90,4,,,,0
synthetic,smoke_pair,smoke_pair,train,smoke_pair,smoke_001,9.000,90,CB,smoke_pair|smoke_001|CB|4|90,4,,,,0
synthetic,smoke_pair,smoke_pair,train,smoke_pair,smoke_001,9.000,90,CA,smoke_pair|smoke_001|CA|5|90,5,,,,0
synthetic,smoke_pair,smoke_pair,train,smoke_pair,smoke_001,9.000,90,CB,smoke_pair|smoke_001|CB|5|90,5,,,,0
synthetic,smoke_pair,smoke_pair,train,smoke_pair,smoke_001,9.000,90,CA,smoke_pair|smoke_001|CA|6|90,6,,,,0
synthetic,smoke_pair,smoke_pair,train,smoke_pair,smoke_001,9.000,90,CB,smoke_pair|smoke_001|CB|6|90,6,,,,0
synthetic,smoke_pair,smoke_pair,train,smoke_pair,smoke_001,9.000,90,CA,smoke_pair|smoke_001|CA|7|90,7,,,,0
synthetic,smoke_pair,smoke_pair,train,smoke_pair,smoke_001,9.000,90,CB,smoke_pair|smoke_001|CB|7|90,7,,,,0
synthetic,smoke_pair,smoke_pair,train,smoke_pair,smoke_001,9.000,90,CA,smoke_pair|smoke_001|CA|8|90,8,,,,0
synthetic,smoke_pair,smoke_pair,train,smoke_pair,smoke_001,9.000,90,CB,smoke_pair|smoke_001|CB|8|90,8,,,,0
synthetic,smoke_pair,smoke_pair,train,smoke_pair,smoke_001,9.100,91,CA,smoke_pair|smoke_001|CA|1|91,1,,,,0
synthetic,smoke_pair,smoke_pair,train,smoke_pair,smoke_001,9.100,91,CB,smoke_pair|smoke_001|CB|1|91,1,,,,0
synthetic,smoke_pair,smoke_pair,train,smoke_pair,smoke_001,9.100,91,CA,smoke_pair|smoke_001|CA|2|91,2,,,,0
synthetic,smoke_pair,smoke_pair,train,smoke_pair,smoke_001,9.100,91,CB,smoke_pair|smoke_001|CB|2|91,2,,,,0
synthetic,smoke_pair,smoke_pair,train,smoke_pair,smoke_001,9.100,91,CA,smoke_pair|smoke_001|CA|3|91,3,,,,0
synthetic,smoke_pair,smoke_pair,train,smoke_pair,smoke_001,9.100,91,CB,smoke_pair|smoke_001|CB|3|91,3,,,,0
synthetic,smoke_pair,smoke_pair,train,smoke_pair,smoke_001,9.100,91,CA,smoke_pair|smoke_001|CA|4|91,4,,,,0
synthetic,smoke_pair,smoke_pair,train,smoke_pair,smoke_001,9.100,91,CB,smoke_pair|smoke_001|CB|4|91,4,,,,0
synthetic,smoke_pair,smoke_pair,train,smoke_pair,smoke_001,9.100,91,CA,smoke_pair|smoke_001|CA|5|91,5,,,,0
synthetic,smoke_pair,smoke_pair,train,smoke_pair,smoke_001,9.100,91,CB,smoke_pair|smoke_001|CB|5|91,5,,,,0
synthetic,smoke_pair,smoke_pair,train,smoke_pair,smoke_001,9.100,91,CA,smoke_pair|smoke_001|CA|6|91,6,,,,0
synthetic,smoke_pair,smoke_pair,train,smoke_pair,smoke_001,9.100,91,CB,smoke_pair|smoke_001|CB|6|91,6,,,,0
synthetic,smoke_pair,smoke_pair,train,smoke_pair,smoke_001,9.100,91,CA,smoke_pair|smoke_001|CA|7|91,7,,,,0
synthetic,smoke_pair,smoke_pair,train,smoke_pair,smoke_001,9.100,91,CB,smoke_pair|smoke_001|CB|7|91,7,,,,0
synthetic,smoke_pair,smoke_pair,train,smoke_pair,smoke_001,9.100,91,CA,smoke_pair|smoke_001|CA|8|91,8,,,,0
synthetic,smoke_pair,smoke_pair,train,smoke_pair,smoke_001,9.100,91,CB,smoke_pair|smoke_001|CB|8|91,8,,,,0
synthetic,smoke_pair,smoke_pair,train,smoke_pair,smoke_001,9.200,92,CA,smoke_pair|smoke_001|CA|1|92,1,,,,0
synthetic,smoke_pair,smoke_pair,train,smoke_pair,smoke_001,9.200,92,CB,smoke_pair|smoke_001|CB|1|92,1,,,,0
synthetic,smoke_pair,smoke_pair,train,smoke_pair,smoke_001,9.200,92,CA,smoke_pair|smoke_001|CA|2|92,2,,,,0
synthetic,smoke_pair,smoke_pair,train,smoke_pair,smoke_001,9.200,92,CB,smoke_pair|smoke_001|CB|2|92,2,,,,0
synthetic,smoke_pair,smoke_pair,train,smoke_pair,smoke_001,9.200,92,CA,smoke_pair|smoke_001|CA|3|92,3,,,,0
synthetic,smoke_pair,smoke_pair,train,smoke_pair,smoke_001,9.200,92,CB,smoke_pair|smoke_001|CB|3|92,3,,,,0
synthetic,smoke_pair,smoke_pair,train,smoke_pair,smoke_001,9.200,92,CA,smoke_pair|smoke_001|CA|4|92,4,,,,0
synthetic,smoke_pair,smoke_pair,train,smoke_pair,smoke_001,9.200,92,CB,smoke_pair|smoke_001|CB|4|92,4,,,,0
synthetic,smoke_pair,smoke_pair,train,smoke_pair,smoke_001,9.200,92,CA,smoke_pair|smoke_001|CA|5|92,5,,,,0
synthetic,smoke_pair,smoke_pair,train,smoke_pair,smoke_001,9.200,92,CB,smoke_pair|smoke_001|CB|5|92,5,,,,0
synthetic,smoke_pair,smoke_pair,train,smoke_pair,smoke_001,9.200,92,CA,smoke_pair|smoke_001|CA|6|92,6,,,,0
synthetic,smoke_pair,smoke_pair,train,smoke_pair,smoke_001,9.200,92,CB,smoke_pair|smoke_001|CB|6|92,6,,,,0
synthetic,smoke_pair,smoke_pair,train,smoke_pair,smoke_001,9.200,92,CA,smoke_pair|smoke_001|CA|7|92,7,,,,0
synthetic,smoke_pair,smoke_pair,train,smoke_pair,smoke_001,9.200,92,CB,smoke_pair|smoke_001|CB|7|92,7,,,,0
synthetic,smoke_pair,smoke_pair,train,smoke_pair,smoke_001,9.200,92,CA,smoke_pair|smoke_001|CA|8|92,8,,,,0
synthetic,smoke_pair,smoke_pair,train,smoke_pair,smoke_001,9.200,92,CB,smoke_pair|smoke_001|CB|8|92,8,,,,0
synthetic,smoke_pair,smoke_pair,train,smoke_pair,smoke_001,9.300,93,CA,smoke_pair|smoke_001|CA|1|93,1,,,,0
synthetic,smoke_pair,smoke_pair,train,smoke_pair,smoke_001,9.300,93,CB,smoke_pair|smoke_001|CB|1|93,1,,,,0
synthetic,smoke_pair,smoke_pair,train,smoke_pair,smoke_001,9.300,93,CA,smoke_pair|smoke_001|CA|2|93,2,,,,0
synthetic,smoke_pair,smoke_pair,train,smoke_pair,smoke_001,9.300,93,CB,smoke_pair|smoke_001|CB|2|93,2,,,,0
synthetic,smoke_pair,smoke_pair,train,smoke_pair,smoke_001,9.300,93,CA,smoke_pair|smoke_001|CA|3|93,3,,,,0
synthetic,smoke_pair,smoke_pair,train,smoke_pair,smoke_001,9.300,93,CB,smoke_pair|smoke_001|CB|3|93,3,,,,0
synthetic,smoke_pair,smoke_pair,train,smoke_pair,smoke_001,9.300,93,CA,smoke_pair|smoke_001|CA|4|93,4,,,,0
synthetic,smoke_pair,smoke_pair,train,smoke_pair,smoke_001,9.300,93,CB,smoke_pair|smoke_001|CB|4|93,4,,,,0
synthetic,smoke_pair,smoke_pair,train,smoke_pair,smoke_001,9.300,93,CA,smoke_pair|smoke_001|CA|5|93,5,,,,0
synthetic,smoke_pair,smoke_pair,train,smoke_pair,smoke_001,9.300,93,CB,smoke_pair|smoke_001|CB|5|93,5,,,,0
synthetic,smoke_pair,smoke_pair,train,smoke_pair,smoke_001,9.300,93,CA,smoke_pair|smoke_001|CA|6|93,6,,,,0
synthetic,smoke_pair,smoke_pair,train,smoke_pair,smoke_001,9.300,93,CB,smoke_pair|smoke_001|CB|6|93,6,,,,0
synthetic,smoke_pair,smoke_pair,train,smoke_pair,smoke_001,9.300,93,CA,smoke_pair|smoke_001|CA|7|93,7,,,,0
synthetic,smoke_pair,smoke_pair,train,smoke_pair,smoke_001,9.300,93,CB,smoke_pair|smoke_001|CB|7|93,7,,,,0
synthetic,smoke_pair,smoke_pair,train,smoke_pair,smoke_001,9.300,93,CA,smoke_pair|smoke_001|CA|8|93,8,,,,0
synthetic,smoke_pair,smoke_pair,train,smoke_pair,smoke_001,9.300,93,CB,smoke_pair|smoke_001|CB|8|93,8,,,,0
synthetic,smoke_pair,smoke_pair,train,smoke_pair,smoke_001,9.400,94,CA,smoke_pair|smoke_001|CA|1|94,1,,,,0
synthetic,smoke_pair,smoke_pair,train,smoke_pair,smoke_001,9.400,94,CB,smoke_pair|smoke_001|CB|1|94,1,,,,0
synthetic,smoke_pair,smoke_pair,train,smoke_pair,smoke_001,9.400,94,CA,smoke_pair|smoke_001|CA|2|94,2,,,,0
synthetic,smoke_pair,smoke_pair,train,smoke_pair,smoke_001,9.400,94,CB,smoke_pair|smoke_001|CB|2|94,2,,,,0
synthetic,smoke_pair,smoke_pair,train,smoke_pair,smoke_001,9.400,94,CA,smoke_pair|smoke_001|CA|3|94,3,,,,0
synthetic,smoke_pair,smoke_pair,train,smoke_pair,smoke_001,9.400,94,CB,smoke_pair|smoke_001|CB|3|94,3,,,,0
synthetic,smoke_pair,smoke_pair,train,smoke_pair,smoke_001,9.400,94,CA,smoke_pair|smoke_001|CA|4|94,4,,,,0
synthetic,smoke_pair,smoke_pair,train,smoke_pair,smoke_001,9.400,94,CB,smoke_pair|smoke_001|CB|4|94,4,,,,0
synthetic,smoke_pair,smoke_pair,train,smoke_pair,smoke_001,9.400,94,CA,smoke_pair|smoke_001|CA|5|94,5,,,,0
synthetic,smoke_pair,smoke_pair,train,smoke_pair,smoke_001,9.400,94,CB,smoke_pair|smoke_001|CB|5|94,5,,,,0
synthetic,smoke_pair,smoke_pair,train,smoke_pair,smoke_001,9.400,94,CA,smoke_pair|smoke_001|CA|6|94,6,,,,0
synthetic,smoke_pair,smoke_pair,train,smoke_pair,smoke_001,9.400,94,CB,smoke_pair|smoke_001|CB|6|94,6,,,,0
synthetic,smoke_pair,smoke_pair,train,smoke_pair,smoke_001,9.400,94,CA,smoke_pair|smoke_001|CA|7|94,7,,,,0
synthetic,smoke_pair,smoke_pair,train,smoke_pair,smoke_001,9.400,94,CB,smoke_pair|smoke_001|CB|7|94,7,,,,0
synthetic,smoke_pair,smoke_pair,train,smoke_pair,smoke_001,9.400,94,CA,smoke_pair|smoke_001|CA|8|94,8,,,,0
synthetic,smoke_pair,smoke_pair,train,smoke_pair,smoke_001,9.400,94,CB,smoke_pair|smoke_001|CB|8|94,8,,,,0
synthetic,smoke_pair,smoke_pair,train,smoke_pair,smoke_001,9.500,95,CA,smoke_pair|smoke_001|CA|1|95,1,,,,0
synthetic,smoke_pair,smoke_pair,train,smoke_pair,smoke_001,9.500,95,CB,smoke_pair|smoke_001|CB|1|95,1,,,,0
synthetic,smoke_pair,smoke_pair,train,smoke_pair,smoke_001,9.500,95,CA,smoke_pair|smoke_001|CA|2|95,2,,,,0
synthetic,smoke_pair,smoke_pair,train,smoke_pair,smoke_001,9.500,95,CB,smoke_pair|smoke_001|CB|2|95,2,,,,0
synthetic,smoke_pair,smoke_pair,train,smoke_pair,smoke_001,9.500,95,CA,smoke_pair|smoke_001|CA|3|95,3,,,,0
synthetic,smoke_pair,smoke_pair,train,smoke_pair,smoke_001,9.500,95,CB,smoke_pair|smoke_001|CB|3|95,3,,,,0
synthetic,smoke_pair,smoke_pair,train,smoke_pair,smoke_001,9.500,95,CA,smoke_pair|smoke_001|CA|4|95,4,,,,0
synthetic,smoke_pair,smoke_pair,train,smoke_pair,smoke_001,9.500,95,CB,smoke_pair|smoke_001|CB|4|95,4,,,,0
synthetic,smoke_pair,smoke_pair,train,smoke_pair,smoke_001,9.500,95,CA,smoke_pair|smoke_001|CA|5|95,5,,,,0
synthetic,smoke_pair,smoke_pair,train,smoke_pair,smoke_001,9.500,95,CB,smoke_pair|smoke_001|CB|5|95,5,,,,0
synthetic,smoke_pair,smoke_pair,train,smoke_pair,smoke_001,9.500,95,CA,smoke_pair|smoke_001|CA|6|95,6,,,,0
synthetic,smoke_pair,smoke_pair,train,smoke_pair,smoke_001,9.500,95,CB,smoke_pair|smoke_001|CB|6|95,6,,,,0
synthetic,smoke_pair,smoke_pair,train,smoke_pair,smoke_001,9.500,95,CA,smoke_pair|smoke_001|CA|7|95,7,,,,0
synthetic,smoke_pair,smoke_pair,train,smoke_pair,smoke_001,9.500,95,CB,smoke_pair|smoke_001|CB|7|95,7,,,,0
synthetic,smoke_pair,smoke_pair,train,smoke_pair,smoke_001,9.500,95,CA,smoke_pair|smoke_001|CA|8|95,8,,,,0
synthetic,smoke_pair,smoke_pair,train,smoke_pair,smoke_001,9.500,95,CB,smoke_pair|smoke_001|CB|8|95,8,,,,0
synthetic,smoke_pair,smoke_pair,train,smoke_pair,smoke_001,9.600,96,CA,smoke_pair|smoke_001|CA|1|96,1,,,,0
synthetic,smoke_pair,smoke_pair,train,smoke_pair,smoke_001,9.600,96,CB,smoke_pair|smoke_001|CB|1|96,1,,,,0
synthetic,smoke_pair,smoke_pair,train,smoke_pair,smoke_001,9.600,96,CA,smoke_pair|smoke_001|CA|2|96,2,,,,0
synthetic,smoke_pair,smoke_pair,train,smoke_pair,smoke_001,9.600,96,CB,smoke_pair|smoke_001|CB|2|96,2,,,,0
synthetic,smoke_pair,smoke_pair,train,smoke_pair,smoke_001,9.600,96,CA,smoke_pair|smoke_001|CA|3|96,3,,,,0
synthetic,smoke_pair,smoke_pair,train,smoke_pair,smoke_001,9.600,96,CB,smoke_pair|smoke_001|CB|3|96,3,,,,0
synthetic,smoke_pair,smoke_pair,train,smoke_pair,smoke_001,9.600,96,CA,smoke_pair|smoke_001|CA|4|96,4,,,,0
synthetic,smoke_pair,smoke_pair,train,smoke_pair,smoke_001,9.600,96,CB,smoke_pair|smoke_001|CB|4|96,4,,,,0
synthetic,smoke_pair,smoke_pair,train,smoke_pair,smoke_001,9.600,96,CA,smoke_pair|smoke_001|CA|5|96,5,,,,0
synthetic,smoke_pair,smoke_pair,train,smoke_pair,smoke_001,9.600,96,CB,smoke_pair|smoke_001|CB|5|96,5,,,,0
synthetic,smoke_pair,smoke_pair,train,smoke_pair,smoke_001,9.600,96,CA,smoke_pair|smoke_001|CA|6|96,6,,,,0
synthetic,smoke_pair,smoke_pair,train,smoke_pair,smoke_001,9.600,96,CB,smoke_pair|smoke_001|CB|6|96,6,,,,0
synthetic,smoke_pair,smoke_pair,train,smoke_pair,smoke_001,9.600,96,CA,smoke_pair|smoke_001|CA|7|96,7,,,,0
synthetic,smoke_pair,smoke_pair,train,smoke_pair,smoke_001,9.600,96,CB,smoke_pair|smoke_001|CB|7|96,7,,,,0
synthetic,smoke_pair,smoke_pair,train,smoke_pair,smoke_001,9.600,96,CA,smoke_pair|smoke_001|CA|8|96,8,,,,0
synthetic,smoke_pair,smoke_pair,train,smoke_pair,smoke_001,9.600,96,CB,smoke_pair|smoke_001|CB|8|96,8,,,,0
synthetic,smoke_pair,smoke_pair,train,smoke_pair,smoke_001,9.700,97,CA,smoke_pair|smoke_001|CA|1|97,1,,,,0
synthetic,smoke_pair,smoke_pair,train,smoke_pair,smoke_001,9.700,97,CB,smoke_pair|smoke_001|CB|1|97,1,,,,0
synthetic,smoke_pair,smoke_pair,train,smoke_pair,smoke_001,9.700,97,CA,smoke_pair|smoke_001|CA|2|97,2,,,,0
synthetic,smoke_pair,smoke_pair,train,smoke_pair,smoke_001,9.700,97,CB,smoke_pair|smoke_001|CB|2|97,2,,,,0
synthetic,smoke_pair,smoke_pair,train,smoke_pair,smoke_001,9.700,97,CA,smoke_pair|smoke_001|CA|3|97,3,,,,0
synthetic,smoke_pair,smoke_pair,train,smoke_pair,smoke_001,9.700,97,CB,smoke_pair|smoke_001|CB|3|97,3,,,,0
synthetic,smoke_pair,smoke_pair,train,smoke_pair,smoke_001,9.700,97,CA,smoke_pair|smoke_001|CA|4|97,4,,,,0
synthetic,smoke_pair,smoke_pair,train,smoke_pair,smoke_001,9.700,97,CB,smoke_pair|smoke_001|CB|4|97,4,,,,0
synthetic,smoke_pair,smoke_pair,train,smoke_pair,smoke_001,9.700,97,CA,smoke_pair|smoke_001|CA|5|97,5,,,,0
synthetic,smoke_pair,smoke_pair,train,smoke_pair,smoke_001,9.700,97,CB,smoke_pair|smoke_001|CB|5|97,5,,,,0
synthetic,smoke_pair,smoke_pair,train,smoke_pair,smoke_001,9.700,97,CA,smoke_pair|smoke_001|CA|6|97,6,,,,0
synthetic,smoke_pair,smoke_pair,train,smoke_pair,smoke_001,9.700,97,CB,smoke_pair|smoke_001|CB|6|97,6,,,,0
synthetic,smoke_pair,smoke_pair,train,smoke_pair,smoke_001,9.700,97,CA,smoke_pair|smoke_001|CA|7|97,7,,,,0
synthetic,smoke_pair,smoke_pair,train,smoke_pair,smoke_001,9.700,97,CB,smoke_pair|smoke_001|CB|7|97,7,,,,0
synthetic,smoke_pair,smoke_pair,train,smoke_pair,smoke_001,9.700,97,CA,smoke_pair|smoke_001|CA|8|97,8,,,,0
synthetic,smoke_pair,smoke_pair,train,smoke_pair,smoke_001,9.700,97,CB,smoke_pair|smoke_001|CB|8|97,8,,,,0
synthetic,smoke_pair,smoke_pair,train,smoke_pair,smoke_001,9.800,98,CA,smoke_pair|smoke_001|CA|1|98,1,,,,0
synthetic,smoke_pair,smoke_pair,train,smoke_pair,smoke_001,9.800,98,CB,smoke_pair|smoke_001|CB|1|98,1,,,,0
synthetic,smoke_pair,smoke_pair,train,smoke_pair,smoke_001,9.800,98,CA,smoke_pair|smoke_001|CA|2|98,2,,,,0
synthetic,smoke_pair,smoke_pair,train,smoke_pair,smoke_001,9.800,98,CB,smoke_pair|smoke_001|CB|2|98,2,,,,0
synthetic,smoke_pair,smoke_pair,train,smoke_pair,smoke_001,9.800,98,CA,smoke_pair|smoke_001|CA|3|98,3,,,,0
synthetic,smoke_pair,smoke_pair,train,smoke_pair,smoke_001,9.800,98,CB,smoke_pair|smoke_001|CB|3|98,3,,,,0
synthetic,smoke_pair,smoke_pair,train,smoke_pair,smoke_001,9.800,98,CA,smoke_pair|smoke_001|CA|4|98,4,,,,0
synthetic,smoke_pair,smoke_pair,train,smoke_pair,smoke_001,9.800,98,CB,smoke_pair|smoke_001|CB|4|98,4,,,,0
synthetic,smoke_pair,smoke_pair,train,smoke_pair,smoke_001,9.800,98,CA,smoke_pair|smoke_001|CA|5|98,5,,,,0
synthetic,smoke_pair,smoke_pair,train,smoke_pair,smoke_001,9.800,98,CB,smoke_pair|smoke_001|CB|5|98,5,,,,0
synthetic,smoke_pair,smoke_pair,train,smoke_pair,smoke_001,9.800,98,CA,smoke_pair|smoke_001|CA|6|98,6,,,,0
synthetic,smoke_pair,smoke_pair,train,smoke_pair,smoke_001,9.800,98,CB,smoke_pair|smoke_001|CB|6|98,6,,,,0
synthetic,smoke_pair,smoke_pair,train,smoke_pair,smoke_001,9.800,98,CA,smoke_pair|smoke_001|CA|7|98,7,,,,0
synthetic,smoke_pair,smoke_pair,train,smoke_pair,smoke_001,9.800,98,CB,smoke_pair|smoke_001|CB|7|98,7,,,,0
synthetic,smoke_pair,smoke_pair,train,smoke_pair,smoke_001,9.800,98,CA,smoke_pair|smoke_001|CA|8|98,8,,,,0
synthetic,smoke_pair,smoke_pair,train,smoke_pair,smoke_001,9.800,98,CB,smoke_pair|smoke_001|CB|8|98,8,,,,0
synthetic,smoke_pair,smoke_pair,train,smoke_pair,smoke_001,9.900,99,CA,smoke_pair|smoke_001|CA|1|99,1,,,,0
synthetic,smoke_pair,smoke_pair,train,smoke_pair,smoke_001,9.900,99,CB,smoke_pair|smoke_001|CB|1|99,1,,,,0
synthetic,smoke_pair,smoke_pair,train,smoke_pair,smoke_001,9.900,99,CA,smoke_pair|smoke_001|CA|2|99,2,,,,0
synthetic,smoke_pair,smoke_pair,train,smoke_pair,smoke_001,9.900,99,CB,smoke_pair|smoke_001|CB|2|99,2,,,,0
synthetic,smoke_pair,smoke_pair,train,smoke_pair,smoke_001,9.900,99,CA,smoke_pair|smoke_001|CA|3|99,3,,,,0
synthetic,smoke_pair,smoke_pair,train,smoke_pair,smoke_001,9.900,99,CB,smoke_pair|smoke_001|CB|3|99,3,,,,0
synthetic,smoke_pair,smoke_pair,train,smoke_pair,smoke_001,9.900,99,CA,smoke_pair|smoke_001|CA|4|99,4,,,,0
synthetic,smoke_pair,smoke_pair,train,smoke_pair,smoke_001,9.900,99,CB,smoke_pair|smoke_001|CB|4|99,4,,,,0
synthetic,smoke_pair,smoke_pair,train,smoke_pair,smoke_001,9.900,99,CA,smoke_pair|smoke_001|CA|5|99,5,,,,0
synthetic,smoke_pair,smoke_pair,train,smoke_pair,smoke_001,9.900,99,CB,smoke_pair|smoke_001|CB|5|99,5,,,,0
synthetic,smoke_pair,smoke_pair,train,smoke_pair,smoke_001,9.900,99,CA,smoke_pair|smoke_001|CA|6|99,6,,,,0
synthetic,smoke_pair,smoke_pair,train,smoke_pair,smoke_001,9.900,99,CB,smoke_pair|smoke_001|CB|6|99,6,,,,0
synthetic,smoke_pair,smoke_pair,train,smoke_pair,smoke_001,9.900,99,CA,smoke_pair|smoke_001|CA|7|99,7,,,,0
synthetic,smoke_pair,smoke_pair,train,smoke_pair,smoke_001,9.900,99,CB,smoke_pair|smoke_001|CB|7|99,7,,,,0
synthetic,smoke_pair,smoke_pair,train,smoke_pair,smoke_001,9.900,99,CA,smoke_pair|smoke_001|CA|8|99,8,,,,0
synthetic,smoke_pair,smoke_pair,train,smoke_pair,smoke_001,9.900,99,CB,smoke_pair|smoke_001|CB|8|99,8,,,,0
synthetic,smoke_pair,smoke_pair,train,smoke_pair,smoke_001,10.000,100,CA,smoke_pair|smoke_001|CA|1|100,1,,,,0
synthetic,smoke_pair,smoke_pair,train,smoke_pair,smoke_001,10.000,100,CB,smoke_pair|smoke_001|CB|1|100,1,,,,0
synthetic,smoke_pair,smoke_pair,train,smoke_pair,smoke_001,10.000,100,CA,smoke_pair|smoke_001|CA|2|100,2,,,,0
synthetic,smoke_pair,smoke_pair,train,smoke_pair,smoke_001,10.000,100,CB,smoke_pair|smoke_001|CB|2|100,2,,,,0
synthetic,smoke_pair,smoke_pair,train,smoke_pair,smoke_001,10.000,100,CA,smoke_pair|smoke_001|CA|3|100,3,,,,0
synthetic,smoke_pair,smoke_pair,train,smoke_pair,smoke_001,10.000,100,CB,smoke_pair|smoke_001|CB|3|100,3,,,,0
synthetic,smoke_pair,smoke_pair,train,smoke_pair,smoke_001,10.000,100,CA,smoke_pair|smoke_001|CA|4|100,4,,,,0
synthetic,smoke_pair,smoke_pair,train,smoke_pair,smoke_001,10.000,100,CB,smoke_pair|smoke_001|CB|4|100,4,,,,0
synthetic,smoke_pair,smoke_pair,train,smoke_pair,smoke_001,10.000,100,CA,smoke_pair|smoke_001|CA|5|100,5,,,,0
synthetic,smoke_pair,smoke_pair,train,smoke_pair,smoke_001,10.000,100,CB,smoke_pair|smoke_001|CB|5|100,5,,,,0
synthetic,smoke_pair,smoke_pair,train,smoke_pair,smoke_001,10.000,100,CA,smoke_pair|smoke_001|CA|6|100,6,,,,0
synthetic,smoke_pair,smoke_pair,train,smoke_pair,smoke_001,10.000,100,CB,smoke_pair|smoke_001|CB|6|100,6,,,,0
synthetic,smoke_pair,smoke_pair,train,smoke_pair,smoke_001,10.000,100,CA,smoke_pair|smoke_001|CA|7|100,7,,,,0
synthetic,smoke_pair,smoke_pair,train,smoke_pair,smoke_001,10.000,100,CB,smoke_pair|smoke_001|CB|7|100,7,,,,0
synthetic,smoke_pair,smoke_pair,train,smoke_pair,smoke_001,10.000,100,CA,smoke_pair|smoke_001|CA|8|100,8,,,,0
synthetic,smoke_pair,smoke_pair,train,smoke_pair,smoke_001,10.000,100,CB,smoke_pair|smoke_001|CB|8|100,8,,,,0
synthetic,smoke_pair,smoke_pair,train,smoke_pair,smoke_001,10.100,101,CA,smoke_pair|smoke_001|CA|1|101,1,,,,0
synthetic,smoke_pair,smoke_pair,train,smoke_pair,smoke_001,10.100,101,CB,smoke_pair|smoke_001|CB|1|101,1,,,,0
synthetic,smoke_pair,smoke_pair,train,smoke_pair,smoke_001,10.100,101,CA,smoke_pair|smoke_001|CA|2|101,2,,,,0
synthetic,smoke_pair,smoke_pair,train,smoke_pair,smoke_001,10.100,101,CB,smoke_pair|smoke_001|CB|2|101,2,,,,0
synthetic,smoke_pair,smoke_pair,train,smoke_pair,smoke_001,10.100,101,CA,smoke_pair|smoke_001|CA|3|101,3,,,,0
synthetic,smoke_pair,smoke_pair,train,smoke_pair,smoke_001,10.100,101,CB,smoke_pair|smoke_001|CB|3|101,3,,,,0
synthetic,smoke_pair,smoke_pair,train,smoke_pair,smoke_001,10.100,101,CA,smoke_pair|smoke_001|CA|4|101,4,,,,0
synthetic,smoke_pair,smoke_pair,train,smoke_pair,smoke_001,10.100,101,CB,smoke_pair|smoke_001|CB|4|101,4,,,,0
synthetic,smoke_pair,smoke_pair,train,smoke_pair,smoke_001,10.100,101,CA,smoke_pair|smoke_001|CA|5|101,5,,,,0
synthetic,smoke_pair,smoke_pair,train,smoke_pair,smoke_001,10.100,101,CB,smoke_pair|smoke_001|CB|5|101,5,,,,0
synthetic,smoke_pair,smoke_pair,train,smoke_pair,smoke_001,10.100,101,CA,smoke_pair|smoke_001|CA|6|101,6,,,,0
synthetic,smoke_pair,smoke_pair,train,smoke_pair,smoke_001,10.100,101,CB,smoke_pair|smoke_001|CB|6|101,6,,,,0
synthetic,smoke_pair,smoke_pair,train,smoke_pair,smoke_001,10.100,101,CA,smoke_pair|smoke_001|CA|7|101,7,,,,0
synthetic,smoke_pair,smoke_pair,train,smoke_pair,smoke_001,10.100,101,CB,smoke_pair|smoke_001|CB|7|101,7,,,,0
synthetic,smoke_pair,smoke_pair,train,smoke_pair,smoke_001,10.100,101,CA,smoke_pair|smoke_001|CA|8|101,8,,,,0
synthetic,smoke_pair,smoke_pair,train,smoke_pair,smoke_001,10.100,101,CB,smoke_pair|smoke_001|CB|8|101,8,,,,0
synthetic,smoke_pair,smoke_pair,train,smoke_pair,smoke_001,10.200,102,CA,smoke_pair|smoke_001|CA|1|102,1,,,,0
synthetic,smoke_pair,smoke_pair,train,smoke_pair,smoke_001,10.200,102,CB,smoke_pair|smoke_001|CB|1|102,1,,,,0
synthetic,smoke_pair,smoke_pair,train,smoke_pair,smoke_001,10.200,102,CA,smoke_pair|smoke_001|CA|2|102,2,,,,0
synthetic,smoke_pair,smoke_pair,train,smoke_pair,smoke_001,10.200,102,CB,smoke_pair|smoke_001|CB|2|102,2,,,,0
synthetic,smoke_pair,smoke_pair,train,smoke_pair,smoke_001,10.200,102,CA,smoke_pair|smoke_001|CA|3|102,3,,,,0
synthetic,smoke_pair,smoke_pair,train,smoke_pair,smoke_001,10.200,102,CB,smoke_pair|smoke_001|CB|3|102,3,,,,0
synthetic,smoke_pair,smoke_pair,train,smoke_pair,smoke_001,10.200,102,CA,smoke_pair|smoke_001|CA|4|102,4,,,,0
synthetic,smoke_pair,smoke_pair,train,smoke_pair,smoke_001,10.200,102,CB,smoke_pair|smoke_001|CB|4|102,4,,,,0
synthetic,smoke_pair,smoke_pair,train,smoke_pair,smoke_001,10.200,102,CA,smoke_pair|smoke_001|CA|5|102,5,,,,0
synthetic,smoke_pair,smoke_pair,train,smoke_pair,smoke_001,10.200,102,CB,smoke_pair|smoke_001|CB|5|102,5,,,,0
synthetic,smoke_pair,smoke_pair,train,smoke_pair,smoke_001,10.200,102,CA,smoke_pair|smoke_001|CA|6|102,6,,,,0
synthetic,smoke_pair,smoke_pair,train,smoke_pair,smoke_001,10.200,102,CB,smoke_pair|smoke_001|CB|6|102,6,,,,0
synthetic,smoke_pair,smoke_pair,train,smoke_pair,smoke_001,10.200,102,CA,smoke_pair|smoke_001|CA|7|102,7,,,,0
synthetic,smoke_pair,smoke_pair,train,smoke_pair,smoke_001,10.200,102,CB,smoke_pair|smoke_001|CB|7|102,7,,,,0
synthetic,smoke_pair,smoke_pair,train,smoke_pair,smoke_001,10.200,102,CA,smoke_pair|smoke_001|CA|8|102,8,,,,0
synthetic,smoke_pair,smoke_pair,train,smoke_pair,smoke_001,10.200,102,CB,smoke_pair|smoke_001|CB|8|102,8,,,,0
synthetic,smoke_pair,smoke_pair,train,smoke_pair,smoke_001,10.300,103,CA,smoke_pair|smoke_001|CA|1|103,1,,,,0
synthetic,smoke_pair,smoke_pair,train,smoke_pair,smoke_001,10.300,103,CB,smoke_pair|smoke_001|CB|1|103,1,,,,0
synthetic,smoke_pair,smoke_pair,train,smoke_pair,smoke_001,10.300,103,CA,smoke_pair|smoke_001|CA|2|103,2,,,,0
synthetic,smoke_pair,smoke_pair,train,smoke_pair,smoke_001,10.300,103,CB,smoke_pair|smoke_001|CB|2|103,2,,,,0
synthetic,smoke_pair,smoke_pair,train,smoke_pair,smoke_001,10.300,103,CA,smoke_pair|smoke_001|CA|3|103,3,,,,0
synthetic,smoke_pair,smoke_pair,train,smoke_pair,smoke_001,10.300,103,CB,smoke_pair|smoke_001|CB|3|103,3,,,,0
synthetic,smoke_pair,smoke_pair,train,smoke_pair,smoke_001,10.300,103,CA,smoke_pair|smoke_001|CA|4|103,4,,,,0
synthetic,smoke_pair,smoke_pair,train,smoke_pair,smoke_001,10.300,103,CB,smoke_pair|smoke_001|CB|4|103,4,,,,0
synthetic,smoke_pair,smoke_pair,train,smoke_pair,smoke_001,10.300,103,CA,smoke_pair|smoke_001|CA|5|103,5,,,,0
synthetic,smoke_pair,smoke_pair,train,smoke_pair,smoke_001,10.300,103,CB,smoke_pair|smoke_001|CB|5|103,5,,,,0
synthetic,smoke_pair,smoke_pair,train,smoke_pair,smoke_001,10.300,103,CA,smoke_pair|smoke_001|CA|6|103,6,,,,0
synthetic,smoke_pair,smoke_pair,train,smoke_pair,smoke_001,10.300,103,CB,smoke_pair|smoke_001|CB|6|103,6,,,,0
synthetic,smoke_pair,smoke_pair,train,smoke_pair,smoke_001,10.300,103,CA,smoke_pair|smoke_001|CA|7|103,7,,,,0
synthetic,smoke_pair,smoke_pair,train,smoke_pair,smoke_001,10.300,103,CB,smoke_pair|smoke_001|CB|7|103,7,,,,0
synthetic,smoke_pair,smoke_pair,train,smoke_pair,smoke_001,10.300,103,CA,smoke_pair|smoke_001|CA|8|103,8,,,,0
synthetic,smoke_pair,smoke_pair,train,smoke_pair,smoke_001,10.300,103,CB,smoke_pair|smoke_001|CB|8|103,8,,,,0
synthetic,smoke_pair,smoke_pair,train,smoke_pair,smoke_001,10.400,104,CA,smoke_pair|smoke_001|CA|1|104,1,,,,0
synthetic,smoke_pair,smoke_pair,train,smoke_pair,smoke_001,10.400,104,CB,smoke_pair|smoke_001|CB|1|104,1,,,,0
synthetic,smoke_pair,smoke_pair,train,smoke_pair,smoke_001,10.400,104,CA,smoke_pair|smoke_001|CA|2|104,2,,,,0
synthetic,smoke_pair,smoke_pair,train,smoke_pair,smoke_001,10.400,104,CB,smoke_pair|smoke_001|CB|2|104,2,,,,0
synthetic,smoke_pair,smoke_pair,train,smoke_pair,smoke_001,10.400,104,CA,smoke_pair|smoke_001|CA|3|104,3,,,,0
synthetic,smoke_pair,smoke_pair,train,smoke_pair,smoke_001,10.400,104,CB,smoke_pair|smoke_001|CB|3|104,3,,,,0
synthetic,smoke_pair,smoke_pair,train,smoke_pair,smoke_001,10.400,104,CA,smoke_pair|smoke_001|CA|4|104,4,,,,0
synthetic,smoke_pair,smoke_pair,train,smoke_pair,smoke_001,10.400,104,CB,smoke_pair|smoke_001|CB|4|104,4,,,,0
synthetic,smoke_pair,smoke_pair,train,smoke_pair,smoke_001,10.400,104,CA,smoke_pair|smoke_001|CA|5|104,5,,,,0
synthetic,smoke_pair,smoke_pair,train,smoke_pair,smoke_001,10.400,104,CB,smoke_pair|smoke_001|CB|5|104,5,,,,0
synthetic,smoke_pair,smoke_pair,train,smoke_pair,smoke_001,10.400,104,CA,smoke_pair|smoke_001|CA|6|104,6,,,,0
synthetic,smoke_pair,smoke_pair,train,smoke_pair,smoke_001,10.400,104,CB,smoke_pair|smoke_001|CB|6|104,6,,,,0
synthetic,smoke_pair,smoke_pair,train,smoke_pair,smoke_001,10.400,104,CA,smoke_pair|smoke_001|CA|7|104,7,,,,0
synthetic,smoke_pair,smoke_pair,train,smoke_pair,smoke_001,10.400,104,CB,smoke_pair|smoke_001|CB|7|104,7,,,,0
synthetic,smoke_pair,smoke_pair,train,smoke_pair,smoke_001,10.400,104,CA,smoke_pair|smoke_001|CA|8|104,8,,,,0
synthetic,smoke_pair,smoke_pair,train,smoke_pair,smoke_001,10.400,104,CB,smoke_pair|smoke_001|CB|8|104,8,,,,0
synthetic,smoke_pair,smoke_pair,train,smoke_pair,smoke_001,10.500,105,CA,smoke_pair|smoke_001|CA|1|105,1,,,,0
synthetic,smoke_pair,smoke_pair,train,smoke_pair,smoke_001,10.500,105,CB,smoke_pair|smoke_001|CB|1|105,1,,,,0
synthetic,smoke_pair,smoke_pair,train,smoke_pair,smoke_001,10.500,105,CA,smoke_pair|smoke_001|CA|2|105,2,,,,0
synthetic,smoke_pair,smoke_pair,train,smoke_pair,smoke_001,10.500,105,CB,smoke_pair|smoke_001|CB|2|105,2,,,,0
synthetic,smoke_pair,smoke_pair,train,smoke_pair,smoke_001,10.500,105,CA,smoke_pair|smoke_001|CA|3|105,3,,,,0
synthetic,smoke_pair,smoke_pair,train,smoke_pair,smoke_001,10.500,105,CB,smoke_pair|smoke_001|CB|3|105,3,,,,0
synthetic,smoke_pair,smoke_pair,train,smoke_pair,smoke_001,10.500,105,CA,smoke_pair|smoke_001|CA|4|105,4,,,,0
synthetic,smoke_pair,smoke_pair,train,smoke_pair,smoke_001,10.500,105,CB,smoke_pair|smoke_001|CB|4|105,4,,,,0
synthetic,smoke_pair,smoke_pair,train,smoke_pair,smoke_001,10.500,105,CA,smoke_pair|smoke_001|CA|5|105,5,,,,0
synthetic,smoke_pair,smoke_pair,train,smoke_pair,smoke_001,10.500,105,CB,smoke_pair|smoke_001|CB|5|105,5,,,,0
synthetic,smoke_pair,smoke_pair,train,smoke_pair,smoke_001,10.500,105,CA,smoke_pair|smoke_001|CA|6|105,6,,,,0
synthetic,smoke_pair,smoke_pair,train,smoke_pair,smoke_001,10.500,105,CB,smoke_pair|smoke_001|CB|6|105,6,,,,0
synthetic,smoke_pair,smoke_pair,train,smoke_pair,smoke_001,10.500,105,CA,smoke_pair|smoke_001|CA|7|105,7,,,,0
synthetic,smoke_pair,smoke_pair,train,smoke_pair,smoke_001,10.500,105,CB,smoke_pair|smoke_001|CB|7|105,7,,,,0
synthetic,smoke_pair,smoke_pair,train,smoke_pair,smoke_001,10.500,105,CA,smoke_pair|smoke_001|CA|8|105,8,,,,0
synthetic,smoke_pair,smoke_pair,train,smoke_pair,smoke_001,10.500,105,CB,smoke_pair|smoke_001|CB|8|105,8,,,,0
synthetic,smoke_pair,smoke_pair,train,smoke_pair,smoke_001,10.600,106,CA,smoke_pair|smoke_001|CA|1|106,1,,,,0
synthetic,smoke_pair,smoke_pair,train,smoke_pair,smoke_001,10.600,106,CB,smoke_pair|smoke_001|CB|1|106,1,,,,0
synthetic,smoke_pair,smoke_pair,train,smoke_pair,smoke_001,10.600,106,CA,smoke_pair|smoke_001|CA|2|106,2,,,,0
synthetic,smoke_pair,smoke_pair,train,smoke_pair,smoke_001,10.600,106,CB,smoke_pair|smoke_001|CB|2|106,2,,,,0
synthetic,smoke_pair,smoke_pair,train,smoke_pair,smoke_001,10.600,106,CA,smoke_pair|smoke_001|CA|3|106,3,,,,0
synthetic,smoke_pair,smoke_pair,train,smoke_pair,smoke_001,10.600,106,CB,smoke_pair|smoke_001|CB|3|106,3,,,,0
synthetic,smoke_pair,smoke_pair,train,smoke_pair,smoke_001,10.600,106,CA,smoke_pair|smoke_001|CA|4|106,4,,,,0
synthetic,smoke_pair,smoke_pair,train,smoke_pair,smoke_001,10.600,106,CB,smoke_pair|smoke_001|CB|4|106,4,,,,0
synthetic,smoke_pair,smoke_pair,train,smoke_pair,smoke_001,10.600,106,CA,smoke_pair|smoke_001|CA|5|106,5,,,,0
synthetic,smoke_pair,smoke_pair,train,smoke_pair,smoke_001,10.600,106,CB,smoke_pair|smoke_001|CB|5|106,5,,,,0
synthetic,smoke_pair,smoke_pair,train,smoke_pair,smoke_001,10.600,106,CA,smoke_pair|smoke_001|CA|6|106,6,,,,0
synthetic,smoke_pair,smoke_pair,train,smoke_pair,smoke_001,10.600,106,CB,smoke_pair|smoke_001|CB|6|106,6,,,,0
synthetic,smoke_pair,smoke_pair,train,smoke_pair,smoke_001,10.600,106,CA,smoke_pair|smoke_001|CA|7|106,7,,,,0
synthetic,smoke_pair,smoke_pair,train,smoke_pair,smoke_001,10.600,106,CB,smoke_pair|smoke_001|CB|7|106,7,,,,0
synthetic,smoke_pair,smoke_pair,train,smoke_pair,smoke_001,10.600,106,CA,smoke_pair|smoke_001|CA|8|106,8,,,,0
synthetic,smoke_pair,smoke_pair,train,smoke_pair,smoke_001,10.600,106,CB,smoke_pair|smoke_001|CB|8|106,8,,,,0
synthetic,smoke_pair,smoke_pair,train,smoke_pair,smoke_001,10.700,107,CA,smoke_pair|smoke_001|CA|1|107,1,,,,0
synthetic,smoke_pair,smoke_pair,train,smoke_pair,smoke_001,10.700,107,CB,smoke_pair|smoke_001|CB|1|107,1,,,,0
synthetic,smoke_pair,smoke_pair,train,smoke_pair,smoke_001,10.700,107,CA,smoke_pair|smoke_001|CA|2|107,2,,,,0
synthetic,smoke_pair,smoke_pair,train,smoke_pair,smoke_001,10.700,107,CB,smoke_pair|smoke_001|CB|2|107,2,,,,0
synthetic,smoke_pair,smoke_pair,train,smoke_pair,smoke_001,10.700,107,CA,smoke_pair|smoke_001|CA|3|107,3,,,,0
synthetic,smoke_pair,smoke_pair,train,smoke_pair,smoke_001,10.700,107,CB,smoke_pair|smoke_001|CB|3|107,3,,,,0
synthetic,smoke_pair,smoke_pair,train,smoke_pair,smoke_001,10.700,107,CA,smoke_pair|smoke_001|CA|4|107,4,,,,0
synthetic,smoke_pair,smoke_pair,train,smoke_pair,smoke_001,10.700,107,CB,smoke_pair|smoke_001|CB|4|107,4,,,,0
synthetic,smoke_pair,smoke_pair,train,smoke_pair,smoke_001,10.700,107,CA,smoke_pair|smoke_001|CA|5|107,5,,,,0
synthetic,smoke_pair,smoke_pair,train,smoke_pair,smoke_001,10.700,107,CB,smoke_pair|smoke_001|CB|5|107,5,,,,0
synthetic,smoke_pair,smoke_pair,train,smoke_pair,smoke_001,10.700,107,CA,smoke_pair|smoke_001|CA|6|107,6,,,,0
synthetic,smoke_pair,smoke_pair,train,smoke_pair,smoke_001,10.700,107,CB,smoke_pair|smoke_001|CB|6|107,6,,,,0
synthetic,smoke_pair,smoke_pair,train,smoke_pair,smoke_001,10.700,107,CA,smoke_pair|smoke_001|CA|7|107,7,,,,0
synthetic,smoke_pair,smoke_pair,train,smoke_pair,smoke_001,10.700,107,CB,smoke_pair|smoke_001|CB|7|107,7,,,,0
synthetic,smoke_pair,smoke_pair,train,smoke_pair,smoke_001,10.700,107,CA,smoke_pair|smoke_001|CA|8|107,8,,,,0
synthetic,smoke_pair,smoke_pair,train,smoke_pair,smoke_001,10.700,107,CB,smoke_pair|smoke_001|CB|8|107,8,,,,0
synthetic,smoke_pair,smoke_pair,train,smoke_pair,smoke_001,10.800,108,CA,smoke_pair|smoke_001|CA|1|108,1,,,,0
synthetic,smoke_pair,smoke_pair,train,smoke_pair,smoke_001,10.800,108,CB,smoke_pair|smoke_001|CB|1|108,1,,,,0
synthetic,smoke_pair,smoke_pair,train,smoke_pair,smoke_001,10.800,108,CA,smoke_pair|smoke_001|CA|2|108,2,,,,0
synthetic,smoke_pair,smoke_pair,train,smoke_pair,smoke_001,10.800,108,CB,smoke_pair|smoke_001|CB|2|108,2,,,,0
synthetic,smoke_pair,smoke_pair,train,smoke_pair,smoke_001,10.800,108,CA,smoke_pair|smoke_001|CA|3|108,3,,,,0
synthetic,smoke_pair,smoke_pair,train,smoke_pair,smoke_001,10.800,108,CB,smoke_pair|smoke_001|CB|3|108,3,,,,0
synthetic,smoke_pair,smoke_pair,train,smoke_pair,smoke_001,10.800,108,CA,smoke_pair|smoke_001|CA|4|108,4,,,,0
synthetic,smoke_pair,smoke_pair,train,smoke_pair,smoke_001,10.800,108,CB,smoke_pair|smoke_001|CB|4|108,4,,,,0
synthetic,smoke_pair,smoke_pair,train,smoke_pair,smoke_001,10.800,108,CA,smoke_pair|smoke_001|CA|5|108,5,,,,0
synthetic,smoke_pair,smoke_pair,train,smoke_pair,smoke_001,10.800,108,CB,smoke_pair|smoke_001|CB|5|108,5,,,,0
synthetic,smoke_pair,smoke_pair,train,smoke_pair,smoke_001,10.800,108,CA,smoke_pair|smoke_001|CA|6|108,6,,,,0
synthetic,smoke_pair,smoke_pair,train,smoke_pair,smoke_001,10.800,108,CB,smoke_pair|smoke_001|CB|6|108,6,,,,0
synthetic,smoke_pair,smoke_pair,train,smoke_pair,smoke_001,10.800,108,CA,smoke_pair|smoke_001|CA|7|108,7,,,,0
synthetic,smoke_pair,smoke_pair,train,smoke_pair,smoke_001,10.800,108,CB,smoke_pair|smoke_001|CB|7|108,7,,,,0
synthetic,smoke_pair,smoke_pair,train,smoke_pair,smoke_001,10.800,108,CA,smoke_pair|smoke_001|CA|8|108,8,,,,0
synthetic,smoke_pair,smoke_pair,train,smoke_pair,smoke_001,10.800,108,CB,smoke_pair|smoke_001|CB|8|108,8,,,,0
synthetic,smoke_pair,smoke_pair,train,smoke_pair,smoke_001,10.900,109,CA,smoke_pair|smoke_001|CA|1|109,1,,,,0
synthetic,smoke_pair,smoke_pair,train,smoke_pair,smoke_001,10.900,109,CB,smoke_pair|smoke_001|CB|1|109,1,,,,0
synthetic,smoke_pair,smoke_pair,train,smoke_pair,smoke_001,10.900,109,CA,smoke_pair|smoke_001|CA|2|109,2,,,,0
synthetic,smoke_pair,smoke_pair,train,smoke_pair,smoke_001,10.900,109,CB,smoke_pair|smoke_001|CB|2|109,2,,,,0
synthetic,smoke_pair,smoke_pair,train,smoke_pair,smoke_001,10.900,109,CA,smoke_pair|smoke_001|CA|3|109,3,,,,0
synthetic,smoke_pair,smoke_pair,train,smoke_pair,smoke_001,10.900,109,CB,smoke_pair|smoke_001|CB|3|109,3,,,,0
synthetic,smoke_pair,smoke_pair,train,smoke_pair,smoke_001,10.900,109,CA,smoke_pair|smoke_001|CA|4|109,4,,,,0
synthetic,smoke_pair,smoke_pair,train,smoke_pair,smoke_001,10.900,109,CB,smoke_pair|smoke_001|CB|4|109,4,,,,0
synthetic,smoke_pair,smoke_pair,train,smoke_pair,smoke_001,10.900,109,CA,smoke_pair|smoke_001|CA|5|109,5,,,,0
synthetic,smoke_pair,smoke_pair,train,smoke_pair,smoke_001,10.900,109,CB,smoke_pair|smoke_001|CB|5|109,5,,,,0
synthetic,smoke_pair,smoke_pair,train,smoke_pair,smoke_001,10.900,109,CA,smoke_pair|smoke_001|CA|6|109,6,,,,0
synthetic,smoke_pair,smoke_pair,train,smoke_pair,smoke_001,10.900,109,CB,smoke_pair|smoke_001|CB|6|109,6,,,,0
synthetic,smoke_pair,smoke_pair,train,smoke_pair,smoke_001,10.900,109,CA,smoke_pair|smoke_001|CA|7|109,7,,,,0
synthetic,smoke_pair,smoke_pair,train,smoke_pair,smoke_001,10.900,109,CB,smoke_pair|smoke_001|CB|7|109,7,,,,0
synthetic,smoke_pair,smoke_pair,train,smoke_pair,smoke_001,10.900,109,CA,smoke_pair|smoke_001|CA|8|109,8,,,,0
synthetic,smoke_pair,smoke_pair,train,smoke_pair,smoke_001,10.900,109,CB,smoke_pair|smoke_001|CB|8|109,8,,,,0
synthetic,smoke_pair,smoke_pair,train,smoke_pair,smoke_001,11.000,110,CA,smoke_pair|smoke_001|CA|1|110,1,,,,0
synthetic,smoke_pair,smoke_pair,train,smoke_pair,smoke_001,11.000,110,CB,smoke_pair|smoke_001|CB|1|110,1,,,,0
synthetic,smoke_pair,smoke_pair,train,smoke_pair,smoke_001,11.000,110,CA,smoke_pair|smoke_001|CA|2|110,2,,,,0
synthetic,smoke_pair,smoke_pair,train,smoke_pair,smoke_001,11.000,110,CB,smoke_pair|smoke_001|CB|2|110,2,,,,0
synthetic,smoke_pair,smoke_pair,train,smoke_pair,smoke_001,11.000,110,CA,smoke_pair|smoke_001|CA|3|110,3,,,,0
synthetic,smoke_pair,smoke_pair,train,smoke_pair,smoke_001,11.000,110,CB,smoke_pair|smoke_001|CB|3|110,3,,,,0
synthetic,smoke_pair,smoke_pair,train,smoke_pair,smoke_001,11.000,110,CA,smoke_pair|smoke_001|CA|4|110,4,,,,0
synthetic,smoke_pair,smoke_pair,train,smoke_pair,smoke_001,11.000,110,CB,smoke_pair|smoke_001|CB|4|110,4,,,,0
synthetic,smoke_pair,smoke_pair,train,smoke_pair,smoke_001,11.000,110,CA,smoke_pair|smoke_001|CA|5|110,5,,,,0
synthetic,smoke_pair,smoke_pair,train,smoke_pair,smoke_001,11.000,110,CB,smoke_pair|smoke_001|CB|5|110,5,,,,0
synthetic,smoke_pair,smoke_pair,train,smoke_pair,smoke_001,11.000,110,CA,smoke_pair|smoke_001|CA|6|110,6,,,,0
synthetic,smoke_pair,smoke_pair,train,smoke_pair,smoke_001,11.000,110,CB,smoke_pair|smoke_001|CB|6|110,6,,,,0
synthetic,smoke_pair,smoke_pair,train,smoke_pair,smoke_001,11.000,110,CA,smoke_pair|smoke_001|CA|7|110,7,,,,0
synthetic,smoke_pair,smoke_pair,train,smoke_pair,smoke_001,11.000,110,CB,smoke_pair|smoke_001|CB|7|110,7,,,,0
synthetic,smoke_pair,smoke_pair,train,smoke_pair,smoke_001,11.000,110,CA,smoke_pair|smoke_001|CA|8|110,8,,,,0
synthetic,smoke_pair,smoke_pair,train,smoke_pair,smoke_001,11.000,110,CB,smoke_pair|smoke_001|CB|8|110,8,,,,0
synthetic,smoke_pair,smoke_pair,train,smoke_pair,smoke_001,11.100,111,CA,smoke_pair|smoke_001|CA|1|111,1,,,,0
synthetic,smoke_pair,smoke_pair,train,smoke_pair,smoke_001,11.100,111,CB,smoke_pair|smoke_001|CB|1|111,1,,,,0
synthetic,smoke_pair,smoke_pair,train,smoke_pair,smoke_001,11.100,111,CA,smoke_pair|smoke_001|CA|2|111,2,,,,0
synthetic,smoke_pair,smoke_pair,train,smoke_pair,smoke_001,11.100,111,CB,smoke_pair|smoke_001|CB|2|111,2,,,,0
synthetic,smoke_pair,smoke_pair,train,smoke_pair,smoke_001,11.100,111,CA,smoke_pair|smoke_001|CA|3|111,3,,,,0
synthetic,smoke_pair,smoke_pair,train,smoke_pair,smoke_001,11.100,111,CB,smoke_pair|smoke_001|CB|3|111,3,,,,0
synthetic,smoke_pair,smoke_pair,train,smoke_pair,smoke_001,11.100,111,CA,smoke_pair|smoke_001|CA|4|111,4,,,,0
synthetic,smoke_pair,smoke_pair,train,smoke_pair,smoke_001,11.100,111,CB,smoke_pair|smoke_001|CB|4|111,4,,,,0
synthetic,smoke_pair,smoke_pair,train,smoke_pair,smoke_001,11.100,111,CA,smoke_pair|smoke_001|CA|5|111,5,,,,0
synthetic,smoke_pair,smoke_pair,train,smoke_pair,smoke_001,11.100,111,CB,smoke_pair|smoke_001|CB|5|111,5,,,,0
synthetic,smoke_pair,smoke_pair,train,smoke_pair,smoke_001,11.100,111,CA,smoke_pair|smoke_001|CA|6|111,6,,,,0
synthetic,smoke_pair,smoke_pair,train,smoke_pair,smoke_001,11.100,111,CB,smoke_pair|smoke_001|CB|6|111,6,,,,0
synthetic,smoke_pair,smoke_pair,train,smoke_pair,smoke_001,11.100,111,CA,smoke_pair|smoke_001|CA|7|111,7,,,,0
synthetic,smoke_pair,smoke_pair,train,smoke_pair,smoke_001,11.100,111,CB,smoke_pair|smoke_001|CB|7|111,7,,,,0
synthetic,smoke_pair,smoke_pair,train,smoke_pair,smoke_001,11.100,111,CA,smoke_pair|smoke_001|CA|8|111,8,,,,0
synthetic,smoke_pair,smoke_pair,train,smoke_pair,smoke_001,11.100,111,CB,smoke_pair|smoke_001|CB|8|111,8,,,,0
synthetic,smoke_pair,smoke_pair,train,smoke_pair,smoke_001,11.200,112,CA,smoke_pair|smoke_001|CA|1|112,1,,,,0
synthetic,smoke_pair,smoke_pair,train,smoke_pair,smoke_001,11.200,112,CB,smoke_pair|smoke_001|CB|1|112,1,,,,0
synthetic,smoke_pair,smoke_pair,train,smoke_pair,smoke_001,11.200,112,CA,smoke_pair|smoke_001|CA|2|112,2,,,,0
synthetic,smoke_pair,smoke_pair,train,smoke_pair,smoke_001,11.200,112,CB,smoke_pair|smoke_001|CB|2|112,2,,,,0
synthetic,smoke_pair,smoke_pair,train,smoke_pair,smoke_001,11.200,112,CA,smoke_pair|smoke_001|CA|3|112,3,,,,0
synthetic,smoke_pair,smoke_pair,train,smoke_pair,smoke_001,11.200,112,CB,smoke_pair|smoke_001|CB|3|112,3,,,,0
synthetic,smoke_pair,smoke_pair,train,smoke_pair,smoke_001,11.200,112,CA,smoke_pair|smoke_001|CA|4|112,4,,,,0
synthetic,smoke_pair,smoke_pair,train,smoke_pair,smoke_001,11.200,112,CB,smoke_pair|smoke_001|CB|4|112,4,,,,0
synthetic,smoke_pair,smoke_pair,train,smoke_pair,smoke_001,11.200,112,CA,smoke_pair|smoke_001|CA|5|112,5,,,,0
synthetic,smoke_pair,smoke_pair,train,smoke_pair,smoke_001,11.200,112,CB,smoke_pair|smoke_001|CB|5|112,5,,,,0
synthetic,smoke_pair,smoke_pair,train,smoke_pair,smoke_001,11.200,112,CA,smoke_pair|smoke_001|CA|6|112,6,,,,0
synthetic,smoke_pair,smoke_pair,train,smoke_pair,smoke_001,11.200,112,CB,smoke_pair|smoke_001|CB|6|112,6,,,,0
synthetic,smoke_pair,smoke_pair,train,smoke_pair,smoke_001,11.200,112,CA,smoke_pair|smoke_001|CA|7|112,7,,,,0
synthetic,smoke_pair,smoke_pair,train,smoke_pair,smoke_001,11.200,112,CB,smoke_pair|smoke_001|CB|7|112,7,,,,0
synthetic,smoke_pair,smoke_pair,train,smoke_pair,smoke_001,11.200,112,CA,smoke_pair|smoke_001|CA|8|112,8,,,,0
synthetic,smoke_pair,smoke_pair,train,smoke_pair,smoke_001,11.200,112,CB,smoke_pair|smoke_001|CB|8|112,8,,,,0
synthetic,smoke_pair,smoke_pair,train,smoke_pair,smoke_001,11.300,113,CA,smoke_pair|smoke_001|CA|1|113,1,,,,0
synthetic,smoke_pair,smoke_pair,train,smoke_pair,smoke_001,11.300,113,CB,smoke_pair|smoke_001|CB|1|113,1,,,,0
synthetic,smoke_pair,smoke_pair,train,smoke_pair,smoke_001,11.300,113,CA,smoke_pair|smoke_001|CA|2|113,2,,,,0
synthetic,smoke_pair,smoke_pair,train,smoke_pair,smoke_001,11.300,113,CB,smoke_pair|smoke_001|CB|2|113,2,,,,0
synthetic,smoke_pair,smoke_pair,train,smoke_pair,smoke_001,11.300,113,CA,smoke_pair|smoke_001|CA|3|113,3,,,,0
synthetic,smoke_pair,smoke_pair,train,smoke_pair,smoke_001,11.300,113,CB,smoke_pair|smoke_001|CB|3|113,3,,,,0
synthetic,smoke_pair,smoke_pair,train,smoke_pair,smoke_001,11.300,113,CA,smoke_pair|smoke_001|CA|4|113,4,,,,0
synthetic,smoke_pair,smoke_pair,train,smoke_pair,smoke_001,11.300,113,CB,smoke_pair|smoke_001|CB|4|113,4,,,,0
synthetic,smoke_pair,smoke_pair,train,smoke_pair,smoke_001,11.300,113,CA,smoke_pair|smoke_001|CA|5|113,5,,,,0
synthetic,smoke_pair,smoke_pair,train,smoke_pair,smoke_001,11.300,113,CB,smoke_pair|smoke_001|CB|5|113,5,,,,0
synthetic,smoke_pair,smoke_pair,train,smoke_pair,smoke_001,11.300,113,CA,smoke_pair|smoke_001|CA|6|113,6,,,,0
synthetic,smoke_pair,smoke_pair,train,smoke_pair,smoke_001,11.300,113,CB,smoke_pair|smoke_001|CB|6|113,6,,,,0
synthetic,smoke_pair,smoke_pair,train,smoke_pair,smoke_001,11.300,113,CA,smoke_pair|smoke_001|CA|7|113,7,,,,0
synthetic,smoke_pair,smoke_pair,train,smoke_pair,smoke_001,11.300,113,CB,smoke_pair|smoke_001|CB|7|113,7,,,,0
synthetic,smoke_pair,smoke_pair,train,smoke_pair,smoke_001,11.300,113,CA,smoke_pair|smoke_001|CA|8|113,8,,,,0
synthetic,smoke_pair,smoke_pair,train,smoke_pair,smoke_001,11.300,113,CB,smoke_pair|smoke_001|CB|8|113,8,,,,0
synthetic,smoke_pair,smoke_pair,train,smoke_pair,smoke_001,11.400,114,CA,smoke_pair|smoke_001|CA|1|114,1,,,,0
synthetic,smoke_pair,smoke_pair,train,smoke_pair,smoke_001,11.400,114,CB,smoke_pair|smoke_001|CB|1|114,1,,,,0
synthetic,smoke_pair,smoke_pair,train,smoke_pair,smoke_001,11.400,114,CA,smoke_pair|smoke_001|CA|2|114,2,,,,0
synthetic,smoke_pair,smoke_pair,train,smoke_pair,smoke_001,11.400,114,CB,smoke_pair|smoke_001|CB|2|114,2,,,,0
synthetic,smoke_pair,smoke_pair,train,smoke_pair,smoke_001,11.400,114,CA,smoke_pair|smoke_001|CA|3|114,3,,,,0
synthetic,smoke_pair,smoke_pair,train,smoke_pair,smoke_001,11.400,114,CB,smoke_pair|smoke_001|CB|3|114,3,,,,0
synthetic,smoke_pair,smoke_pair,train,smoke_pair,smoke_001,11.400,114,CA,smoke_pair|smoke_001|CA|4|114,4,,,,0
synthetic,smoke_pair,smoke_pair,train,smoke_pair,smoke_001,11.400,114,CB,smoke_pair|smoke_001|CB|4|114,4,,,,0
synthetic,smoke_pair,smoke_pair,train,smoke_pair,smoke_001,11.400,114,CA,smoke_pair|smoke_001|CA|5|114,5,,,,0
synthetic,smoke_pair,smoke_pair,train,smoke_pair,smoke_001,11.400,114,CB,smoke_pair|smoke_001|CB|5|114,5,,,,0
synthetic,smoke_pair,smoke_pair,train,smoke_pair,smoke_001,11.400,114,CA,smoke_pair|smoke_001|CA|6|114,6,,,,0
synthetic,smoke_pair,smoke_pair,train,smoke_pair,smoke_001,11.400,114,CB,smoke_pair|smoke_001|CB|6|114,6,,,,0
synthetic,smoke_pair,smoke_pair,train,smoke_pair,smoke_001,11.400,114,CA,smoke_pair|smoke_001|CA|7|114,7,,,,0
synthetic,smoke_pair,smoke_pair,train,smoke_pair,smoke_001,11.400,114,CB,smoke_pair|smoke_001|CB|7|114,7,,,,0
synthetic,smoke_pair,smoke_pair,train,smoke_pair,smoke_001,11.400,114,CA,smoke_pair|smoke_001|CA|8|114,8,,,,0
synthetic,smoke_pair,smoke_pair,train,smoke_pair,smoke_001,11.400,114,CB,smoke_pair|smoke_001|CB|8|114,8,,,,0
synthetic,smoke_pair,smoke_pair,train,smoke_pair,smoke_001,11.500,115,CA,smoke_pair|smoke_001|CA|1|115,1,,,,0
synthetic,smoke_pair,smoke_pair,train,smoke_pair,smoke_001,11.500,115,CB,smoke_pair|smoke_001|CB|1|115,1,,,,0
synthetic,smoke_pair,smoke_pair,train,smoke_pair,smoke_001,11.500,115,CA,smoke_pair|smoke_001|CA|2|115,2,,,,0
synthetic,smoke_pair,smoke_pair,train,smoke_pair,smoke_001,11.500,115,CB,smoke_pair|smoke_001|CB|2|115,2,,,,0
synthetic,smoke_pair,smoke_pair,train,smoke_pair,smoke_001,11.500,115,CA,smoke_pair|smoke_001|CA|3|115,3,,,,0
synthetic,smoke_pair,smoke_pair,train,smoke_pair,smoke_001,11.500,115,CB,smoke_pair|smoke_001|CB|3|115,3,,,,0
synthetic,smoke_pair,smoke_pair,train,smoke_pair,smoke_001,11.500,115,CA,smoke_pair|smoke_001|CA|4|115,4,,,,0
synthetic,smoke_pair,smoke_pair,train,smoke_pair,smoke_001,11.500,115,CB,smoke_pair|smoke_001|CB|4|115,4,,,,0
synthetic,smoke_pair,smoke_pair,train,smoke_pair,smoke_001,11.500,115,CA,smoke_pair|smoke_001|CA|5|115,5,,,,0
synthetic,smoke_pair,smoke_pair,train,smoke_pair,smoke_001,11.500,115,CB,smoke_pair|smoke_001|CB|5|115,5,,,,0
synthetic,smoke_pair,smoke_pair,train,smoke_pair,smoke_001,11.500,115,CA,smoke_pair|smoke_001|CA|6|115,6,,,,0
synthetic,smoke_pair,smoke_pair,train,smoke_pair,smoke_001,11.500,115,CB,smoke_pair|smoke_001|CB|6|115,6,,,,0
synthetic,smoke_pair,smoke_pair,train,smoke_pair,smoke_001,11.500,115,CA,smoke_pair|smoke_001|CA|7|115,7,,,,0
synthetic,smoke_pair,smoke_pair,train,smoke_pair,smoke_001,11.500,115,CB,smoke_pair|smoke_001|CB|7|115,7,,,,0
synthetic,smoke_pair,smoke_pair,train,smoke_pair,smoke_001,11.500,115,CA,smoke_pair|smoke_001|CA|8|115,8,,,,0
synthetic,smoke_pair,smoke_pair,train,smoke_pair,smoke_001,11.500,115,CB,smoke_pair|smoke_001|CB|8|115,8,,,,0
synthetic,smoke_pair,smoke_pair,train,smoke_pair,smoke_001,11.600,116,CA,smoke_pair|smoke_001|CA|1|116,1,,,,0
synthetic,smoke_pair,smoke_pair,train,smoke_pair,smoke_001,11.600,116,CB,smoke_pair|smoke_001|CB|1|116,1,,,,0
synthetic,smoke_pair,smoke_pair,train,smoke_pair,smoke_001,11.600,116,CA,smoke_pair|smoke_001|CA|2|116,2,,,,0
synthetic,smoke_pair,smoke_pair,train,smoke_pair,smoke_001,11.600,116,CB,smoke_pair|smoke_001|CB|2|116,2,,,,0
synthetic,smoke_pair,smoke_pair,train,smoke_pair,smoke_001,11.600,116,CA,smoke_pair|smoke_001|CA|3|116,3,,,,0
synthetic,smoke_pair,smoke_pair,train,smoke_pair,smoke_001,11.600,116,CB,smoke_pair|smoke_001|CB|3|116,3,,,,0
synthetic,smoke_pair,smoke_pair,train,smoke_pair,smoke_001,11.600,116,CA,smoke_pair|smoke_001|CA|4|116,4,,,,0
synthetic,smoke_pair,smoke_pair,train,smoke_pair,smoke_001,11.600,116,CB,smoke_pair|smoke_001|CB|4|116,4,,,,0
synthetic,smoke_pair,smoke_pair,train,smoke_pair,smoke_001,11.600,116,CA,smoke_pair|smoke_001|CA|5|116,5,,,,0
synthetic,smoke_pair,smoke_pair,train,smoke_pair,smoke_001,11.600,116,CB,smoke_pair|smoke_001|CB|5|116,5,,,,0
synthetic,smoke_pair,smoke_pair,train,smoke_pair,smoke_001,11.600,116,CA,smoke_pair|smoke_001|CA|6|116,6,,,,0
synthetic,smoke_pair,smoke_pair,train,smoke_pair,smoke_001,11.600,116,CB,smoke_pair|smoke_001|CB|6|116,6,,,,0
synthetic,smoke_pair,smoke_pair,train,smoke_pair,smoke_001,11.600,116,CA,smoke_pair|smoke_001|CA|7|116,7,,,,0
synthetic,smoke_pair,smoke_pair,train,smoke_pair,smoke_001,11.600,116,CB,smoke_pair|smoke_001|CB|7|116,7,,,,0
synthetic,smoke_pair,smoke_pair,train,smoke_pair,smoke_001,11.600,116,CA,smoke_pair|smoke_001|CA|8|116,8,,,,0
synthetic,smoke_pair,smoke_pair,train,smoke_pair,smoke_001,11.600,116,CB,smoke_pair|smoke_001|CB|8|116,8,,,,0
synthetic,smoke_pair,smoke_pair,train,smoke_pair,smoke_001,11.700,117,CA,smoke_pair|smoke_001|CA|1|117,1,,,,0
synthetic,smoke_pair,smoke_pair,train,smoke_pair,smoke_001,11.700,117,CB,smoke_pair|smoke_001|CB|1|117,1,,,,0
synthetic,smoke_pair,smoke_pair,train,smoke_pair,smoke_001,11.700,117,CA,smoke_pair|smoke_001|CA|2|117,2,,,,0
synthetic,smoke_pair,smoke_pair,train,smoke_pair,smoke_001,11.700,117,CB,smoke_pair|smoke_001|CB|2|117,2,,,,0
synthetic,smoke_pair,smoke_pair,train,smoke_pair,smoke_001,11.700,117,CA,smoke_pair|smoke_001|CA|3|117,3,,,,0
synthetic,smoke_pair,smoke_pair,train,smoke_pair,smoke_001,11.700,117,CB,smoke_pair|smoke_001|CB|3|117,3,,,,0
synthetic,smoke_pair,smoke_pair,train,smoke_pair,smoke_001,11.700,117,CA,smoke_pair|smoke_001|CA|4|117,4,,,,0
synthetic,smoke_pair,smoke_pair,train,smoke_pair,smoke_001,11.700,117,CB,smoke_pair|smoke_001|CB|4|117,4,,,,0
synthetic,smoke_pair,smoke_pair,train,smoke_pair,smoke_001,11.700,117,CA,smoke_pair|smoke_001|CA|5|117,5,,,,0
synthetic,smoke_pair,smoke_pair,train,smoke_pair,smoke_001,11.700,117,CB,smoke_pair|smoke_001|CB|5|117,5,,,,0
synthetic,smoke_pair,smoke_pair,train,smoke_pair,smoke_001,11.700,117,CA,smoke_pair|smoke_001|CA|6|117,6,,,,0
synthetic,smoke_pair,smoke_pair,train,smoke_pair,smoke_001,11.700,117,CB,smoke_pair|smoke_001|CB|6|117,6,,,,0
synthetic,smoke_pair,smoke_pair,train,smoke_pair,smoke_001,11.700,117,CA,smoke_pair|smoke_001|CA|7|117,7,,,,0
synthetic,smoke_pair,smoke_pair,train,smoke_pair,smoke_001,11.700,117,CB,smoke_pair|smoke_001|CB|7|117,7,,,,0
synthetic,smoke_pair,smoke_pair,train,smoke_pair,smoke_001,11.700,117,CA,smoke_pair|smoke_001|CA|8|117,8,,,,0
synthetic,smoke_pair,smoke_pair,train,smoke_pair,smoke_001,11.700,117,CB,smoke_pair|smoke_001|CB|8|117,8,,,,0
synthetic,smoke_pair,smoke_pair,train,smoke_pair,smoke_001,11.800,118,CA,smoke_pair|smoke_001|CA|1|118,1,,,,0
synthetic,smoke_pair,smoke_pair,train,smoke_pair,smoke_001,11.800,118,CB,smoke_pair|smoke_001|CB|1|118,1,,,,0
synthetic,smoke_pair,smoke_pair,train,smoke_pair,smoke_001,11.800,118,CA,smoke_pair|smoke_001|CA|2|118,2,,,,0
synthetic,smoke_pair,smoke_pair,train,smoke_pair,smoke_001,11.800,118,CB,smoke_pair|smoke_001|CB|2|118,2,,,,0
synthetic,smoke_pair,smoke_pair,train,smoke_pair,smoke_001,11.800,118,CA,smoke_pair|smoke_001|CA|3|118,3,,,,0
synthetic,smoke_pair,smoke_pair,train,smoke_pair,smoke_001,11.800,118,CB,smoke_pair|smoke_001|CB|3|118,3,,,,0
synthetic,smoke_pair,smoke_pair,train,smoke_pair,smoke_001,11.800,118,CA,smoke_pair|smoke_001|CA|4|118,4,,,,0
synthetic,smoke_pair,smoke_pair,train,smoke_pair,smoke_001,11.800,118,CB,smoke_pair|smoke_001|CB|4|118,4,,,,0
synthetic,smoke_pair,smoke_pair,train,smoke_pair,smoke_001,11.800,118,CA,smoke_pair|smoke_001|CA|5|118,5,,,,0
synthetic,smoke_pair,smoke_pair,train,smoke_pair,smoke_001,11.800,118,CB,smoke_pair|smoke_001|CB|5|118,5,,,,0
synthetic,smoke_pair,smoke_pair,train,smoke_pair,smoke_001,11.800,118,CA,smoke_pair|smoke_001|CA|6|118,6,,,,0
synthetic,smoke_pair,smoke_pair,train,smoke_pair,smoke_001,11.800,118,CB,smoke_pair|smoke_001|CB|6|118,6,,,,0
synthetic,smoke_pair,smoke_pair,train,smoke_pair,smoke_001,11.800,118,CA,smoke_pair|smoke_001|CA|7|118,7,,,,0
synthetic,smoke_pair,smoke_pair,train,smoke_pair,smoke_001,11.800,118,CB,smoke_pair|smoke_001|CB|7|118,7,,,,0
synthetic,smoke_pair,smoke_pair,train,smoke_pair,smoke_001,11.800,118,CA,smoke_pair|smoke_001|CA|8|118,8,,,,0
synthetic,smoke_pair,smoke_pair,train,smoke_pair,smoke_001,11.800,118,CB,smoke_pair|smoke_001|CB|8|118,8,,,,0
synthetic,smoke_pair,smoke_pair,train,smoke_pair,smoke_001,11.900,119,CA,smoke_pair|smoke_001|CA|1|119,1,,,,0
synthetic,smoke_pair,smoke_pair,train,smoke_pair,smoke_001,11.900,119,CB,smoke_pair|smoke_001|CB|1|119,1,,,,0
synthetic,smoke_pair,smoke_pair,train,smoke_pair,smoke_001,11.900,119,CA,smoke_pair|smoke_001|CA|2|119,2,,,,0
synthetic,smoke_pair,smoke_pair,train,smoke_pair,smoke_001,11.900,119,CB,smoke_pair|smoke_001|CB|2|119,2,,,,0
synthetic,smoke_pair,smoke_pair,train,smoke_pair,smoke_001,11.900,119,CA,smoke_pair|smoke_001|CA|3|119,3,,,,0
synthetic,smoke_pair,smoke_pair,train,smoke_pair,smoke_001,11.900,119,CB,smoke_pair|smoke_001|CB|3|119,3,,,,0
synthetic,smoke_pair,smoke_pair,train,smoke_pair,smoke_001,11.900,119,CA,smoke_pair|smoke_001|CA|4|119,4,,,,0
synthetic,smoke_pair,smoke_pair,train,smoke_pair,smoke_001,11.900,119,CB,smoke_pair|smoke_001|CB|4|119,4,,,,0
synthetic,smoke_pair,smoke_pair,train,smoke_pair,smoke_001,11.900,119,CA,smoke_pair|smoke_001|CA|5|119,5,,,,0
synthetic,smoke_pair,smoke_pair,train,smoke_pair,smoke_001,11.900,119,CB,smoke_pair|smoke_001|CB|5|119,5,,,,0
synthetic,smoke_pair,smoke_pair,train,smoke_pair,smoke_001,11.900,119,CA,smoke_pair|smoke_001|CA|6|119,6,,,,0
synthetic,smoke_pair,smoke_pair,train,smoke_pair,smoke_001,11.900,119,CB,smoke_pair|smoke_001|CB|6|119,6,,,,0
synthetic,smoke_pair,smoke_pair,train,smoke_pair,smoke_001,11.900,119,CA,smoke_pair|smoke_001|CA|7|119,7,,,,0
synthetic,smoke_pair,smoke_pair,train,smoke_pair,smoke_001,11.900,119,CB,smoke_pair|smoke_001|CB|7|119,7,,,,0
synthetic,smoke_pair,smoke_pair,train,smoke_pair,smoke_001,11.900,119,CA,smoke_pair|smoke_001|CA|8|119,8,,,,0
synthetic,smoke_pair,smoke_pair,train,smoke_pair,smoke_001,11.900,119,CB,smoke_pair|smoke_001|CB|8|119,8,,,,0
synthetic,smoke_pair,smoke_pair,train,smoke_pair,smoke_001,12.000,120,CA,smoke_pair|smoke_001|CA|1|120,1,,,,0
synthetic,smoke_pair,smoke_pair,train,smoke_pair,smoke_001,12.000,120,CB,smoke_pair|smoke_001|CB|1|120,1,,,,0
synthetic,smoke_pair,smoke_pair,train,smoke_pair,smoke_001,12.000,120,CA,smoke_pair|smoke_001|CA|2|120,2,,,,0
synthetic,smoke_pair,smoke_pair,train,smoke_pair,smoke_001,12.000,120,CB,smoke_pair|smoke_001|CB|2|120,2,,,,0
synthetic,smoke_pair,smoke_pair,train,smoke_pair,smoke_001,12.000,120,CA,smoke_pair|smoke_001|CA|3|120,3,,,,0
synthetic,smoke_pair,smoke_pair,train,smoke_pair,smoke_001,12.000,120,CB,smoke_pair|smoke_001|CB|3|120,3,,,,0
synthetic,smoke_pair,smoke_pair,train,smoke_pair,smoke_001,12.000,120,CA,smoke_pair|smoke_001|CA|4|120,4,,,,0
synthetic,smoke_pair,smoke_pair,train,smoke_pair,smoke_001,12.000,120,CB,smoke_pair|smoke_001|CB|4|120,4,,,,0
synthetic,smoke_pair,smoke_pair,train,smoke_pair,smoke_001,12.000,120,CA,smoke_pair|smoke_001|CA|5|120,5,,,,0
synthetic,smoke_pair,smoke_pair,train,smoke_pair,smoke_001,12.000,120,CB,smoke_pair|smoke_001|CB|5|120,5,,,,0
synthetic,smoke_pair,smoke_pair,train,smoke_pair,smoke_001,12.000,120,CA,smoke_pair|smoke_001|CA|6|120,6,,,,0
synthetic,smoke_pair,smoke_pair,train,smoke_pair,smoke_001,12.000,120,CB,smoke_pair|smoke_001|CB|6|120,6,,,,0
synthetic,smoke_pair,smoke_pair,train,smoke_pair,smoke_001,12.000,120,CA,smoke_pair|smoke_001|CA|7|120,7,,,,0
synthetic,smoke_pair,smoke_pair,train,smoke_pair,smoke_001,12.000,120,CB,smoke_pair|smoke_001|CB|7|120,7,,,,0
synthetic,smoke_pair,smoke_pair,train,smoke_pair,smoke_001,12.000,120,CA,smoke_pair|smoke_001|CA|8|120,8,,,,0
synthetic,smoke_pair,smoke_pair,train,smoke_pair,smoke_001,12.000,120,CB,smoke_pair|smoke_001|CB|8|120,8,,,,0
synthetic,smoke_pair,smoke_pair,train,smoke_pair,smoke_001,12.100,121,CA,smoke_pair|smoke_001|CA|1|121,1,,,,0
synthetic,smoke_pair,smoke_pair,train,smoke_pair,smoke_001,12.100,121,CB,smoke_pair|smoke_001|CB|1|121,1,,,,0
synthetic,smoke_pair,smoke_pair,train,smoke_pair,smoke_001,12.100,121,CA,smoke_pair|smoke_001|CA|2|121,2,,,,0
synthetic,smoke_pair,smoke_pair,train,smoke_pair,smoke_001,12.100,121,CB,smoke_pair|smoke_001|CB|2|121,2,,,,0
synthetic,smoke_pair,smoke_pair,train,smoke_pair,smoke_001,12.100,121,CA,smoke_pair|smoke_001|CA|3|121,3,,,,0
synthetic,smoke_pair,smoke_pair,train,smoke_pair,smoke_001,12.100,121,CB,smoke_pair|smoke_001|CB|3|121,3,,,,0
synthetic,smoke_pair,smoke_pair,train,smoke_pair,smoke_001,12.100,121,CA,smoke_pair|smoke_001|CA|4|121,4,,,,0
synthetic,smoke_pair,smoke_pair,train,smoke_pair,smoke_001,12.100,121,CB,smoke_pair|smoke_001|CB|4|121,4,,,,0
synthetic,smoke_pair,smoke_pair,train,smoke_pair,smoke_001,12.100,121,CA,smoke_pair|smoke_001|CA|5|121,5,,,,0
synthetic,smoke_pair,smoke_pair,train,smoke_pair,smoke_001,12.100,121,CB,smoke_pair|smoke_001|CB|5|121,5,,,,0
synthetic,smoke_pair,smoke_pair,train,smoke_pair,smoke_001,12.100,121,CA,smoke_pair|smoke_001|CA|6|121,6,,,,0
synthetic,smoke_pair,smoke_pair,train,smoke_pair,smoke_001,12.100,121,CB,smoke_pair|smoke_001|CB|6|121,6,,,,0
synthetic,smoke_pair,smoke_pair,train,smoke_pair,smoke_001,12.100,121,CA,smoke_pair|smoke_001|CA|7|121,7,,,,0
synthetic,smoke_pair,smoke_pair,train,smoke_pair,smoke_001,12.100,121,CB,smoke_pair|smoke_001|CB|7|121,7,,,,0
synthetic,smoke_pair,smoke_pair,train,smoke_pair,smoke_001,12.100,121,CA,smoke_pair|smoke_001|CA|8|121,8,,,,0
synthetic,smoke_pair,smoke_pair,train,smoke_pair,smoke_001,12.100,121,CB,smoke_pair|smoke_001|CB|8|121,8,,,,0
synthetic,smoke_pair,smoke_pair,train,smoke_pair,smoke_001,12.200,122,CA,smoke_pair|smoke_001|CA|1|122,1,,,,0
synthetic,smoke_pair,smoke_pair,train,smoke_pair,smoke_001,12.200,122,CB,smoke_pair|smoke_001|CB|1|122,1,,,,0
synthetic,smoke_pair,smoke_pair,train,smoke_pair,smoke_001,12.200,122,CA,smoke_pair|smoke_001|CA|2|122,2,,,,0
synthetic,smoke_pair,smoke_pair,train,smoke_pair,smoke_001,12.200,122,CB,smoke_pair|smoke_001|CB|2|122,2,,,,0
synthetic,smoke_pair,smoke_pair,train,smoke_pair,smoke_001,12.200,122,CA,smoke_pair|smoke_001|CA|3|122,3,,,,0
synthetic,smoke_pair,smoke_pair,train,smoke_pair,smoke_001,12.200,122,CB,smoke_pair|smoke_001|CB|3|122,3,,,,0
synthetic,smoke_pair,smoke_pair,train,smoke_pair,smoke_001,12.200,122,CA,smoke_pair|smoke_001|CA|4|122,4,,,,0
synthetic,smoke_pair,smoke_pair,train,smoke_pair,smoke_001,12.200,122,CB,smoke_pair|smoke_001|CB|4|122,4,,,,0
synthetic,smoke_pair,smoke_pair,train,smoke_pair,smoke_001,12.200,122,CA,smoke_pair|smoke_001|CA|5|122,5,,,,0
synthetic,smoke_pair,smoke_pair,train,smoke_pair,smoke_001,12.200,122,CB,smoke_pair|smoke_001|CB|5|122,5,,,,0
synthetic,smoke_pair,smoke_pair,train,smoke_pair,smoke_001,12.200,122,CA,smoke_pair|smoke_001|CA|6|122,6,,,,0
synthetic,smoke_pair,smoke_pair,train,smoke_pair,smoke_001,12.200,122,CB,smoke_pair|smoke_001|CB|6|122,6,,,,0
synthetic,smoke_pair,smoke_pair,train,smoke_pair,smoke_001,12.200,122,CA,smoke_pair|smoke_001|CA|7|122,7,,,,0
synthetic,smoke_pair,smoke_pair,train,smoke_pair,smoke_001,12.200,122,CB,smoke_pair|smoke_001|CB|7|122,7,,,,0
synthetic,smoke_pair,smoke_pair,train,smoke_pair,smoke_001,12.200,122,CA,smoke_pair|smoke_001|CA|8|122,8,,,,0
synthetic,smoke_pair,smoke_pair,train,smoke_pair,smoke_001,12.200,122,CB,smoke_pair|smoke_001|CB|8|122,8,,,,0
synthetic,smoke_pair,smoke_pair,train,smoke_pair,smoke_001,12.300,123,CA,smoke_pair|smoke_001|CA|1|123,1,,,,0
synthetic,smoke_pair,smoke_pair,train,smoke_pair,smoke_001,12.300,123,CB,smoke_pair|smoke_001|CB|1|123,1,,,,0
synthetic,smoke_pair,smoke_pair,train,smoke_pair,smoke_001,12.300,123,CA,smoke_pair|smoke_001|CA|2|123,2,,,,0
synthetic,smoke_pair,smoke_pair,train,smoke_pair,smoke_001,12.300,123,CB,smoke_pair|smoke_001|CB|2|123,2,,,,0
synthetic,smoke_pair,smoke_pair,train,smoke_pair,smoke_001,12.300,123,CA,smoke_pair|smoke_001|CA|3|123,3,,,,0
synthetic,smoke_pair,smoke_pair,train,smoke_pair,smoke_001,12.300,123,CB,smoke_pair|smoke_001|CB|3|123,3,,,,0
synthetic,smoke_pair,smoke_pair,train,smoke_pair,smoke_001,12.300,123,CA,smoke_pair|smoke_001|CA|4|123,4,,,,0
synthetic,smoke_pair,smoke_pair,train,smoke_pair,smoke_001,12.300,123,CB,smoke_pair|smoke_001|CB|4|123,4,,,,0
synthetic,smoke_pair,smoke_pair,train,smoke_pair,smoke_001,12.300,123,CA,smoke_pair|smoke_001|CA|5|123,5,,,,0
synthetic,smoke_pair,smoke_pair,train,smoke_pair,smoke_001,12.300,123,CB,smoke_pair|smoke_001|CB|5|123,5,,,,0
synthetic,smoke_pair,smoke_pair,train,smoke_pair,smoke_001,12.300,123,CA,smoke_pair|smoke_001|CA|6|123,6,,,,0
synthetic,smoke_pair,smoke_pair,train,smoke_pair,smoke_001,12.300,123,CB,smoke_pair|smoke_001|CB|6|123,6,,,,0
synthetic,smoke_pair,smoke_pair,train,smoke_pair,smoke_001,12.300,123,CA,smoke_pair|smoke_001|CA|7|123,7,,,,0
synthetic,smoke_pair,smoke_pair,train,smoke_pair,smoke_001,12.300,123,CB,smoke_pair|smoke_001|CB|7|123,7,,,,0
synthetic,smoke_pair,smoke_pair,train,smoke_pair,smoke_001,12.300,123,CA,smoke_pair|smoke_001|CA|8|123,8,,,,0
synthetic,smoke_pair,smoke_pair,train,smoke_pair,smoke_001,12.300,123,CB,smoke_pair|smoke_001|CB|8|123,8,,,,0
synthetic,smoke_pair,smoke_pair,train,smoke_pair,smoke_001,12.400,124,CA,smoke_pair|smoke_001|CA|1|124,1,,,,0
synthetic,smoke_pair,smoke_pair,train,smoke_pair,smoke_001,12.400,124,CB,smoke_pair|smoke_001|CB|1|124,1,,,,0
synthetic,smoke_pair,smoke_pair,train,smoke_pair,smoke_001,12.400,124,CA,smoke_pair|smoke_001|CA|2|124,2,,,,0
synthetic,smoke_pair,smoke_pair,train,smoke_pair,smoke_001,12.400,124,CB,smoke_pair|smoke_001|CB|2|124,2,,,,0
synthetic,smoke_pair,smoke_pair,train,smoke_pair,smoke_001,12.400,124,CA,smoke_pair|smoke_001|CA|3|124,3,,,,0
synthetic,smoke_pair,smoke_pair,train,smoke_pair,smoke_001,12.400,124,CB,smoke_pair|smoke_001|CB|3|124,3,,,,0
synthetic,smoke_pair,smoke_pair,train,smoke_pair,smoke_001,12.400,124,CA,smoke_pair|smoke_001|CA|4|124,4,,,,0
synthetic,smoke_pair,smoke_pair,train,smoke_pair,smoke_001,12.400,124,CB,smoke_pair|smoke_001|CB|4|124,4,,,,0
synthetic,smoke_pair,smoke_pair,train,smoke_pair,smoke_001,12.400,124,CA,smoke_pair|smoke_001|CA|5|124,5,,,,0
synthetic,smoke_pair,smoke_pair,train,smoke_pair,smoke_001,12.400,124,CB,smoke_pair|smoke_001|CB|5|124,5,,,,0
synthetic,smoke_pair,smoke_pair,train,smoke_pair,smoke_001,12.400,124,CA,smoke_pair|smoke_001|CA|6|124,6,,,,0
synthetic,smoke_pair,smoke_pair,train,smoke_pair,smoke_001,12.400,124,CB,smoke_pair|smoke_001|CB|6|124,6,,,,0
synthetic,smoke_pair,smoke_pair,train,smoke_pair,smoke_001,12.400,124,CA,smoke_pair|smoke_001|CA|7|124,7,,,,0
synthetic,smoke_pair,smoke_pair,train,smoke_pair,smoke_001,12.400,124,CB,smoke_pair|smoke_001|CB|7|124,7,,,,0
synthetic,smoke_pair,smoke_pair,train,smoke_pair,smoke_001,12.400,124,CA,smoke_pair|smoke_001|CA|8|124,8,,,,0
synthetic,smoke_pair,smoke_pair,train,smoke_pair,smoke_001,12.400,124,CB,smoke_pair|smoke_001|CB|8|124,8,,,,0
synthetic,smoke_pair,smoke_pair,train,smoke_pair,smoke_001,12.500,125,CA,smoke_pair|smoke_001|CA|1|125,1,,,,0
synthetic,smoke_pair,smoke_pair,train,smoke_pair,smoke_001,12.500,125,CB,smoke_pair|smoke_001|CB|1|125,1,,,,0
synthetic,smoke_pair,smoke_pair,train,smoke_pair,smoke_001,12.500,125,CA,smoke_pair|smoke_001|CA|2|125,2,,,,0
synthetic,smoke_pair,smoke_pair,train,smoke_pair,smoke_001,12.500,125,CB,smoke_pair|smoke_001|CB|2|125,2,,,,0
synthetic,smoke_pair,smoke_pair,train,smoke_pair,smoke_001,12.500,125,CA,smoke_pair|smoke_001|CA|3|125,3,,,,0
synthetic,smoke_pair,smoke_pair,train,smoke_pair,smoke_001,12.500,125,CB,smoke_pair|smoke_001|CB|3|125,3,,,,0
synthetic,smoke_pair,smoke_pair,train,smoke_pair,smoke_001,12.500,125,CA,smoke_pair|smoke_001|CA|4|125,4,,,,0
synthetic,smoke_pair,smoke_pair,train,smoke_pair,smoke_001,12.500,125,CB,smoke_pair|smoke_001|CB|4|125,4,,,,0
synthetic,smoke_pair,smoke_pair,train,smoke_pair,smoke_001,12.500,125,CA,smoke_pair|smoke_001|CA|5|125,5,,,,0
synthetic,smoke_pair,smoke_pair,train,smoke_pair,smoke_001,12.500,125,CB,smoke_pair|smoke_001|CB|5|125,5,,,,0
synthetic,smoke_pair,smoke_pair,train,smoke_pair,smoke_001,12.500,125,CA,smoke_pair|smoke_001|CA|6|125,6,,,,0
synthetic,smoke_pair,smoke_pair,train,smoke_pair,smoke_001,12.500,125,CB,smoke_pair|smoke_001|CB|6|125,6,,,,0
synthetic,smoke_pair,smoke_pair,train,smoke_pair,smoke_001,12.500,125,CA,smoke_pair|smoke_001|CA|7|125,7,,,,0
synthetic,smoke_pair,smoke_pair,train,smoke_pair,smoke_001,12.500,125,CB,smoke_pair|smoke_001|CB|7|125,7,,,,0
synthetic,smoke_pair,smoke_pair,train,smoke_pair,smoke_001,12.500,125,CA,smoke_pair|smoke_001|CA|8|125,8,,,,0
synthetic,smoke_pair,smoke_pair,train,smoke_pair,smoke_001,12.500,125,CB,smoke_pair|smoke_001|CB|8|125,8,,,,0
synthetic,smoke_pair,smoke_pair,train,smoke_pair,smoke_001,12.600,126,CA,smoke_pair|smoke_001|CA|1|126,1,,,,0
synthetic,smoke_pair,smoke_pair,train,smoke_pair,smoke_001,12.600,126,CB,smoke_pair|smoke_001|CB|1|126,1,,,,0
synthetic,smoke_pair,smoke_pair,train,smoke_pair,smoke_001,12.600,126,CA,smoke_pair|smoke_001|CA|2|126,2,,,,0
synthetic,smoke_pair,smoke_pair,train,smoke_pair,smoke_001,12.600,126,CB,smoke_pair|smoke_001|CB|2|126,2,,,,0
synthetic,smoke_pair,smoke_pair,train,smoke_pair,smoke_001,12.600,126,CA,smoke_pair|smoke_001|CA|3|126,3,,,,0
synthetic,smoke_pair,smoke_pair,train,smoke_pair,smoke_001,12.600,126,CB,smoke_pair|smoke_001|CB|3|126,3,,,,0
synthetic,smoke_pair,smoke_pair,train,smoke_pair,smoke_001,12.600,126,CA,smoke_pair|smoke_001|CA|4|126,4,,,,0
synthetic,smoke_pair,smoke_pair,train,smoke_pair,smoke_001,12.600,126,CB,smoke_pair|smoke_001|CB|4|126,4,,,,0
synthetic,smoke_pair,smoke_pair,train,smoke_pair,smoke_001,12.600,126,CA,smoke_pair|smoke_001|CA|5|126,5,,,,0
synthetic,smoke_pair,smoke_pair,train,smoke_pair,smoke_001,12.600,126,CB,smoke_pair|smoke_001|CB|5|126,5,,,,0
synthetic,smoke_pair,smoke_pair,train,smoke_pair,smoke_001,12.600,126,CA,smoke_pair|smoke_001|CA|6|126,6,,,,0
synthetic,smoke_pair,smoke_pair,train,smoke_pair,smoke_001,12.600,126,CB,smoke_pair|smoke_001|CB|6|126,6,,,,0
synthetic,smoke_pair,smoke_pair,train,smoke_pair,smoke_001,12.600,126,CA,smoke_pair|smoke_001|CA|7|126,7,,,,0
synthetic,smoke_pair,smoke_pair,train,smoke_pair,smoke_001,12.600,126,CB,smoke_pair|smoke_001|CB|7|126,7,,,,0
synthetic,smoke_pair,smoke_pair,train,smoke_pair,smoke_001,12.600,126,CA,smoke_pair|smoke_001|CA|8|126,8,,,,0
synthetic,smoke_pair,smoke_pair,train,smoke_pair,smoke_001,12.600,126,CB,smoke_pair|smoke_001|CB|8|126,8,,,,0
synthetic,smoke_pair,smoke_pair,train,smoke_pair,smoke_001,12.700,127,CA,smoke_pair|smoke_001|CA|1|127,1,,,,0
synthetic,smoke_pair,smoke_pair,train,smoke_pair,smoke_001,12.700,127,CB,smoke_pair|smoke_001|CB|1|127,1,,,,0
synthetic,smoke_pair,smoke_pair,train,smoke_pair,smoke_001,12.700,127,CA,smoke_pair|smoke_001|CA|2|127,2,,,,0
synthetic,smoke_pair,smoke_pair,train,smoke_pair,smoke_001,12.700,127,CB,smoke_pair|smoke_001|CB|2|127,2,,,,0
synthetic,smoke_pair,smoke_pair,train,smoke_pair,smoke_001,12.700,127,CA,smoke_pair|smoke_001|CA|3|127,3,,,,0
synthetic,smoke_pair,smoke_pair,train,smoke_pair,smoke_001,12.700,127,CB,smoke_pair|smoke_001|CB|3|127,3,,,,0
synthetic,smoke_pair,smoke_pair,train,smoke_pair,smoke_001,12.700,127,CA,smoke_pair|smoke_001|CA|4|127,4,,,,0
synthetic,smoke_pair,smoke_pair,train,smoke_pair,smoke_001,12.700,127,CB,smoke_pair|smoke_001|CB|4|127,4,,,,0
synthetic,smoke_pair,smoke_pair,train,smoke_pair,smoke_001,12.700,127,CA,smoke_pair|smoke_001|CA|5|127,5,,,,0
synthetic,smoke_pair,smoke_pair,train,smoke_pair,smoke_001,12.700,127,CB,smoke_pair|smoke_001|CB|5|127,5,,,,0
synthetic,smoke_pair,smoke_pair,train,smoke_pair,smoke_001,12.700,127,CA,smoke_pair|smoke_001|CA|6|127,6,,,,0
synthetic,smoke_pair,smoke_pair,train,smoke_pair,smoke_001,12.700,127,CB,smoke_pair|smoke_001|CB|6|127,6,,,,0
synthetic,smoke_pair,smoke_pair,train,smoke_pair,smoke_001,12.700,127,CA,smoke_pair|smoke_001|CA|7|127,7,,,,0
synthetic,smoke_pair,smoke_pair,train,smoke_pair,smoke_001,12.700,127,CB,smoke_pair|smoke_001|CB|7|127,7,,,,0
synthetic,smoke_pair,smoke_pair,train,smoke_pair,smoke_001,12.700,127,CA,smoke_pair|smoke_001|CA|8|127,8,,,,0
synthetic,smoke_pair,smoke_pair,train,smoke_pair,smoke_001,12.700,127,CB,smoke_pair|smoke_001|CB|8|127,8,,,,0
synthetic,smoke_pair,smoke_pair,train,smoke_pair,smoke_001,12.800,128,CA,smoke_pair|smoke_001|CA|1|128,1,,,,0
synthetic,smoke_pair,smoke_pair,train,smoke_pair,smoke_001,12.800,128,CB,smoke_pair|smoke_001|CB|1|128,1,,,,0
synthetic,smoke_pair,smoke_pair,train,smoke_pair,smoke_001,12.800,128,CA,smoke_pair|smoke_001|CA|2|128,2,,,,0
synthetic,smoke_pair,smoke_pair,train,smoke_pair,smoke_001,12.800,128,CB,smoke_pair|smoke_001|CB|2|128,2,,,,0
synthetic,smoke_pair,smoke_pair,train,smoke_pair,smoke_001,12.800,128,CA,smoke_pair|smoke_001|CA|3|128,3,,,,0
synthetic,smoke_pair,smoke_pair,train,smoke_pair,smoke_001,12.800,128,CB,smoke_pair|smoke_001|CB|3|128,3,,,,0
synthetic,smoke_pair,smoke_pair,train,smoke_pair,smoke_001,12.800,128,CA,smoke_pair|smoke_001|CA|4|128,4,,,,0
synthetic,smoke_pair,smoke_pair,train,smoke_pair,smoke_001,12.800,128,CB,smoke_pair|smoke_001|CB|4|128,4,,,,0
synthetic,smoke_pair,smoke_pair,train,smoke_pair,smoke_001,12.800,128,CA,smoke_pair|smoke_001|CA|5|128,5,,,,0
synthetic,smoke_pair,smoke_pair,train,smoke_pair,smoke_001,12.800,128,CB,smoke_pair|smoke_001|CB|5|128,5,,,,0
synthetic,smoke_pair,smoke_pair,train,smoke_pair,smoke_001,12.800,128,CA,smoke_pair|smoke_001|CA|6|128,6,,,,0
synthetic,smoke_pair,smoke_pair,train,smoke_pair,smoke_001,12.800,128,CB,smoke_pair|smoke_001|CB|6|128,6,,,,0
synthetic,smoke_pair,smoke_pair,train,smoke_pair,smoke_001,12.800,128,CA,smoke_pair|smoke_001|CA|7|128,7,,,,0
synthetic,smoke_pair,smoke_pair,train,smoke_pair,smoke_001,12.800,128,CB,smoke_pair|smoke_001|CB|7|128,7,,,,0
synthetic,smoke_pair,smoke_pair,train,smoke_pair,smoke_001,12.800,128,CA,smoke_pair|smoke_001|CA|8|128,8,,,,0
synthetic,smoke_pair,smoke_pair,train,smoke_pair,smoke_001,12.800,128,CB,smoke_pair|smoke_001|CB|8|128,8,,,,0
synthetic,smoke_pair,smoke_pair,train,smoke_pair,smoke_001,12.900,129,CA,smoke_pair|smoke_001|CA|1|129,1,,,,0
synthetic,smoke_pair,smoke_pair,train,smoke_pair,smoke_001,12.900,129,CB,smoke_pair|smoke_001|CB|1|129,1,,,,0
synthetic,smoke_pair,smoke_pair,train,smoke_pair,smoke_001,12.900,129,CA,smoke_pair|smoke_001|CA|2|129,2,,,,0
synthetic,smoke_pair,smoke_pair,train,smoke_pair,smoke_001,12.900,129,CB,smoke_pair|smoke_001|CB|2|129,2,,,,0
synthetic,smoke_pair,smoke_pair,train,smoke_pair,smoke_001,12.900,129,CA,smoke_pair|smoke_001|CA|3|129,3,,,,0
synthetic,smoke_pair,smoke_pair,train,smoke_pair,smoke_001,12.900,129,CB,smoke_pair|smoke_001|CB|3|129,3,,,,0
synthetic,smoke_pair,smoke_pair,train,smoke_pair,smoke_001,12.900,129,CA,smoke_pair|smoke_001|CA|4|129,4,,,,0
synthetic,smoke_pair,smoke_pair,train,smoke_pair,smoke_001,12.900,129,CB,smoke_pair|smoke_001|CB|4|129,4,,,,0
synthetic,smoke_pair,smoke_pair,train,smoke_pair,smoke_001,12.900,129,CA,smoke_pair|smoke_001|CA|5|129,5,,,,0
synthetic,smoke_pair,smoke_pair,train,smoke_pair,smoke_001,12.900,129,CB,smoke_pair|smoke_001|CB|5|129,5,,,,0
synthetic,smoke_pair,smoke_pair,train,smoke_pair,smoke_001,12.900,129,CA,smoke_pair|smoke_001|CA|6|129,6,,,,0
synthetic,smoke_pair,smoke_pair,train,smoke_pair,smoke_001,12.900,129,CB,smoke_pair|smoke_001|CB|6|129,6,,,,0
synthetic,smoke_pair,smoke_pair,train,smoke_pair,smoke_001,12.900,129,CA,smoke_pair|smoke_001|CA|7|129,7,,,,0
synthetic,smoke_pair,smoke_pair,train,smoke_pair,smoke_001,12.900,129,CB,smoke_pair|smoke_001|CB|7|129,7,,,,0
synthetic,smoke_pair,smoke_pair,train,smoke_pair,smoke_001,12.900,129,CA,smoke_pair|smoke_001|CA|8|129,8,,,,0
synthetic,smoke_pair,smoke_pair,train,smoke_pair,smoke_001,12.900,129,CB,smoke_pair|smoke_001|CB|8|129,8,,,,0
synthetic,smoke_pair,smoke_pair,train,smoke_pair,smoke_001,13.000,130,CA,smoke_pair|smoke_001|CA|1|130,1,,,,0
synthetic,smoke_pair,smoke_pair,train,smoke_pair,smoke_001,13.000,130,CB,smoke_pair|smoke_001|CB|1|130,1,,,,0
synthetic,smoke_pair,smoke_pair,train,smoke_pair,smoke_001,13.000,130,CA,smoke_pair|smoke_001|CA|2|130,2,,,,0
synthetic,smoke_pair,smoke_pair,train,smoke_pair,smoke_001,13.000,130,CB,smoke_pair|smoke_001|CB|2|130,2,,,,0
synthetic,smoke_pair,smoke_pair,train,smoke_pair,smoke_001,13.000,130,CA,smoke_pair|smoke_001|CA|3|130,3,,,,0
synthetic,smoke_pair,smoke_pair,train,smoke_pair,smoke_001,13.000,130,CB,smoke_pair|smoke_001|CB|3|130,3,,,,0
synthetic,smoke_pair,smoke_pair,train,smoke_pair,smoke_001,13.000,130,CA,smoke_pair|smoke_001|CA|4|130,4,,,,0
synthetic,smoke_pair,smoke_pair,train,smoke_pair,smoke_001,13.000,130,CB,smoke_pair|smoke_001|CB|4|130,4,,,,0
synthetic,smoke_pair,smoke_pair,train,smoke_pair,smoke_001,13.000,130,CA,smoke_pair|smoke_001|CA|5|130,5,,,,0
synthetic,smoke_pair,smoke_pair,train,smoke_pair,smoke_001,13.000,130,CB,smoke_pair|smoke_001|CB|5|130,5,,,,0
synthetic,smoke_pair,smoke_pair,train,smoke_pair,smoke_001,13.000,130,CA,smoke_pair|smoke_001|CA|6|130,6,,,,0
synthetic,smoke_pair,smoke_pair,train,smoke_pair,smoke_001,13.000,130,CB,smoke_pair|smoke_001|CB|6|130,6,,,,0
synthetic,smoke_pair,smoke_pair,train,smoke_pair,smoke_001,13.000,130,CA,smoke_pair|smoke_001|CA|7|130,7,,,,0
synthetic,smoke_pair,smoke_pair,train,smoke_pair,smoke_001,13.000,130,CB,smoke_pair|smoke_001|CB|7|130,7,,,,0
synthetic,smoke_pair,smoke_pair,train,smoke_pair,smoke_001,13.000,130,CA,smoke_pair|smoke_001|CA|8|130,8,,,,0
synthetic,smoke_pair,smoke_pair,train,smoke_pair,smoke_001,13.000,130,CB,smoke_pair|smoke_001|CB|8|130,8,,,,0
synthetic,smoke_pair,smoke_pair,train,smoke_pair,smoke_001,13.100,131,CA,smoke_pair|smoke_001|CA|1|131,1,,,,0
synthetic,smoke_pair,smoke_pair,train,smoke_pair,smoke_001,13.100,131,CB,smoke_pair|smoke_001|CB|1|131,1,,,,0
synthetic,smoke_pair,smoke_pair,train,smoke_pair,smoke_001,13.100,131,CA,smoke_pair|smoke_001|CA|2|131,2,,,,0
synthetic,smoke_pair,smoke_pair,train,smoke_pair,smoke_001,13.100,131,CB,smoke_pair|smoke_001|CB|2|131,2,,,,0
synthetic,smoke_pair,smoke_pair,train,smoke_pair,smoke_001,13.100,131,CA,smoke_pair|smoke_001|CA|3|131,3,,,,0
synthetic,smoke_pair,smoke_pair,train,smoke_pair,smoke_001,13.100,131,CB,smoke_pair|smoke_001|CB|3|131,3,,,,0
synthetic,smoke_pair,smoke_pair,train,smoke_pair,smoke_001,13.100,131,CA,smoke_pair|smoke_001|CA|4|131,4,,,,0
synthetic,smoke_pair,smoke_pair,train,smoke_pair,smoke_001,13.100,131,CB,smoke_pair|smoke_001|CB|4|131,4,,,,0
synthetic,smoke_pair,smoke_pair,train,smoke_pair,smoke_001,13.100,131,CA,smoke_pair|smoke_001|CA|5|131,5,,,,0
synthetic,smoke_pair,smoke_pair,train,smoke_pair,smoke_001,13.100,131,CB,smoke_pair|smoke_001|CB|5|131,5,,,,0
synthetic,smoke_pair,smoke_pair,train,smoke_pair,smoke_001,13.100,131,CA,smoke_pair|smoke_001|CA|6|131,6,,,,0
synthetic,smoke_pair,smoke_pair,train,smoke_pair,smoke_001,13.100,131,CB,smoke_pair|smoke_001|CB|6|131,6,,,,0
synthetic,smoke_pair,smoke_pair,train,smoke_pair,smoke_001,13.100,131,CA,smoke_pair|smoke_001|CA|7|131,7,,,,0
synthetic,smoke_pair,smoke_pair,train,smoke_pair,smoke_001,13.100,131,CB,smoke_pair|smoke_001|CB|7|131,7,,,,0
synthetic,smoke_pair,smoke_pair,train,smoke_pair,smoke_001,13.100,131,CA,smoke_pair|smoke_001|CA|8|131,8,,,,0
synthetic,smoke_pair,smoke_pair,train,smoke_pair,smoke_001,13.100,131,CB,smoke_pair|smoke_001|CB|8|131,8,,,,0
synthetic,smoke_pair,smoke_pair,train,smoke_pair,smoke_001,13.200,132,CA,smoke_pair|smoke_001|CA|1|132,1,,,,0
synthetic,smoke_pair,smoke_pair,train,smoke_pair,smoke_001,13.200,132,CB,smoke_pair|smoke_001|CB|1|132,1,,,,0
synthetic,smoke_pair,smoke_pair,train,smoke_pair,smoke_001,13.200,132,CA,smoke_pair|smoke_001|CA|2|132,2,,,,0
synthetic,smoke_pair,smoke_pair,train,smoke_pair,smoke_001,13.200,132,CB,smoke_pair|smoke_001|CB|2|132,2,,,,0
synthetic,smoke_pair,smoke_pair,train,smoke_pair,smoke_001,13.200,132,CA,smoke_pair|smoke_001|CA|3|132,3,,,,0
synthetic,smoke_pair,smoke_pair,train,smoke_pair,smoke_001,13.200,132,CB,smoke_pair|smoke_001|CB|3|132,3,,,,0
synthetic,smoke_pair,smoke_pair,train,smoke_pair,smoke_001,13.200,132,CA,smoke_pair|smoke_001|CA|4|132,4,,,,0
synthetic,smoke_pair,smoke_pair,train,smoke_pair,smoke_001,13.200,132,CB,smoke_pair|smoke_001|CB|4|132,4,,,,0
synthetic,smoke_pair,smoke_pair,train,smoke_pair,smoke_001,13.200,132,CA,smoke_pair|smoke_001|CA|5|132,5,,,,0
synthetic,smoke_pair,smoke_pair,train,smoke_pair,smoke_001,13.200,132,CB,smoke_pair|smoke_001|CB|5|132,5,,,,0
synthetic,smoke_pair,smoke_pair,train,smoke_pair,smoke_001,13.200,132,CA,smoke_pair|smoke_001|CA|6|132,6,,,,0
synthetic,smoke_pair,smoke_pair,train,smoke_pair,smoke_001,13.200,132,CB,smoke_pair|smoke_001|CB|6|132,6,,,,0
synthetic,smoke_pair,smoke_pair,train,smoke_pair,smoke_001,13.200,132,CA,smoke_pair|smoke_001|CA|7|132,7,,,,0
synthetic,smoke_pair,smoke_pair,train,smoke_pair,smoke_001,13.200,132,CB,smoke_pair|smoke_001|CB|7|132,7,,,,0
synthetic,smoke_pair,smoke_pair,train,smoke_pair,smoke_001,13.200,132,CA,smoke_pair|smoke_001|CA|8|132,8,,,,0
synthetic,smoke_pair,smoke_pair,train,smoke_pair,smoke_001,13.200,132,CB,smoke_pair|smoke_001|CB|8|132,8,,,,0
synthetic,smoke_pair,smoke_pair,train,smoke_pair,smoke_001,13.300,133,CA,smoke_pair|smoke_001|CA|1|133,1,,,,0
synthetic,smoke_pair,smoke_pair,train,smoke_pair,smoke_001,13.300,133,CB,smoke_pair|smoke_001|CB|1|133,1,,,,0
synthetic,smoke_pair,smoke_pair,train,smoke_pair,smoke_001,13.300,133,CA,smoke_pair|smoke_001|CA|2|133,2,,,,0
synthetic,smoke_pair,smoke_pair,train,smoke_pair,smoke_001,13.300,133,CB,smoke_pair|smoke_001|CB|2|133,2,,,,0
synthetic,smoke_pair,smoke_pair,train,smoke_pair,smoke_001,13.300,133,CA,smoke_pair|smoke_001|CA|3|133,3,,,,0
synthetic,smoke_pair,smoke_pair,train,smoke_pair,smoke_001,13.300,133,CB,smoke_pair|smoke_001|CB|3|133,3,,,,0
synthetic,smoke_pair,smoke_pair,train,smoke_pair,smoke_001,13.300,133,CA,smoke_pair|smoke_001|CA|4|133,4,,,,0
synthetic,smoke_pair,smoke_pair,train,smoke_pair,smoke_001,13.300,133,CB,smoke_pair|smoke_001|CB|4|133,4,,,,0
synthetic,smoke_pair,smoke_pair,train,smoke_pair,smoke_001,13.300,133,CA,smoke_pair|smoke_001|CA|5|133,5,,,,0
synthetic,smoke_pair,smoke_pair,train,smoke_pair,smoke_001,13.300,133,CB,smoke_pair|smoke_001|CB|5|133,5,,,,0
synthetic,smoke_pair,smoke_pair,train,smoke_pair,smoke_001,13.300,133,CA,smoke_pair|smoke_001|CA|6|133,6,,,,0
synthetic,smoke_pair,smoke_pair,train,smoke_pair,smoke_001,13.300,133,CB,smoke_pair|smoke_001|CB|6|133,6,,,,0
synthetic,smoke_pair,smoke_pair,train,smoke_pair,smoke_001,13.300,133,CA,smoke_pair|smoke_001|CA|7|133,7,,,,0
synthetic,smoke_pair,smoke_pair,train,smoke_pair,smoke_001,13.300,133,CB,smoke_pair|smoke_001|CB|7|133,7,,,,0
synthetic,smoke_pair,smoke_pair,train,smoke_pair,smoke_001,13.300,133,CA,smoke_pair|smoke_001|CA|8|133,8,,,,0
synthetic,smoke_pair,smoke_pair,train,smoke_pair,smoke_001,13.300,133,CB,smoke_pair|smoke_001|CB|8|133,8,,,,0
synthetic,smoke_pair,smoke_pair,train,smoke_pair,smoke_001,13.400,134,CA,smoke_pair|smoke_001|CA|1|134,1,,,,0
synthetic,smoke_pair,smoke_pair,train,smoke_pair,smoke_001,13.400,134,CB,smoke_pair|smoke_001|CB|1|134,1,,,,0
synthetic,smoke_pair,smoke_pair,train,smoke_pair,smoke_001,13.400,134,CA,smoke_pair|smoke_001|CA|2|134,2,,,,0
synthetic,smoke_pair,smoke_pair,train,smoke_pair,smoke_001,13.400,134,CB,smoke_pair|smoke_001|CB|2|134,2,,,,0
synthetic,smoke_pair,smoke_pair,train,smoke_pair,smoke_001,13.400,134,CA,smoke_pair|smoke_001|CA|3|134,3,,,,0
synthetic,smoke_pair,smoke_pair,train,smoke_pair,smoke_001,13.400,134,CB,smoke_pair|smoke_001|CB|3|134,3,,,,0
synthetic,smoke_pair,smoke_pair,train,smoke_pair,smoke_001,13.400,134,CA,smoke_pair|smoke_001|CA|4|134,4,,,,0
synthetic,smoke_pair,smoke_pair,train,smoke_pair,smoke_001,13.400,134,CB,smoke_pair|smoke_001|CB|4|134,4,,,,0
synthetic,smoke_pair,smoke_pair,train,smoke_pair,smoke_001,13.400,134,CA,smoke_pair|smoke_001|CA|5|134,5,,,,0
synthetic,smoke_pair,smoke_pair,train,smoke_pair,smoke_001,13.400,134,CB,smoke_pair|smoke_001|CB|5|134,5,,,,0
synthetic,smoke_pair,smoke_pair,train,smoke_pair,smoke_001,13.400,134,CA,smoke_pair|smoke_001|CA|6|134,6,,,,0
synthetic,smoke_pair,smoke_pair,train,smoke_pair,smoke_001,13.400,134,CB,smoke_pair|smoke_001|CB|6|134,6,,,,0
synthetic,smoke_pair,smoke_pair,train,smoke_pair,smoke_001,13.400,134,CA,smoke_pair|smoke_001|CA|7|134,7,,,,0
synthetic,smoke_pair,smoke_pair,train,smoke_pair,smoke_001,13.400,134,CB,smoke_pair|smoke_001|CB|7|134,7,,,,0
synthetic,smoke_pair,smoke_pair,train,smoke_pair,smoke_001,13.400,134,CA,smoke_pair|smoke_001|CA|8|134,8,,,,0
synthetic,smoke_pair,smoke_pair,train,smoke_pair,smoke_001,13.400,134,CB,smoke_pair|smoke_001|CB|8|134,8,,,,0
synthetic,smoke_pair,smoke_pair,train,smoke_pair,smoke_001,13.500,135,CA,smoke_pair|smoke_001|CA|1|135,1,,,,0
synthetic,smoke_pair,smoke_pair,train,smoke_pair,smoke_001,13.500,135,CB,smoke_pair|smoke_001|CB|1|135,1,,,,0
synthetic,smoke_pair,smoke_pair,train,smoke_pair,smoke_001,13.500,135,CA,smoke_pair|smoke_001|CA|2|135,2,,,,0
synthetic,smoke_pair,smoke_pair,train,smoke_pair,smoke_001,13.500,135,CB,smoke_pair|smoke_001|CB|2|135,2,,,,0
synthetic,smoke_pair,smoke_pair,train,smoke_pair,smoke_001,13.500,135,CA,smoke_pair|smoke_001|CA|3|135,3,,,,0
synthetic,smoke_pair,smoke_pair,train,smoke_pair,smoke_001,13.500,135,CB,smoke_pair|smoke_001|CB|3|135,3,,,,0
synthetic,smoke_pair,smoke_pair,train,smoke_pair,smoke_001,13.500,135,CA,smoke_pair|smoke_001|CA|4|135,4,,,,0
synthetic,smoke_pair,smoke_pair,train,smoke_pair,smoke_001,13.500,135,CB,smoke_pair|smoke_001|CB|4|135,4,,,,0
synthetic,smoke_pair,smoke_pair,train,smoke_pair,smoke_001,13.500,135,CA,smoke_pair|smoke_001|CA|5|135,5,,,,0
synthetic,smoke_pair,smoke_pair,train,smoke_pair,smoke_001,13.500,135,CB,smoke_pair|smoke_001|CB|5|135,5,,,,0
synthetic,smoke_pair,smoke_pair,train,smoke_pair,smoke_001,13.500,135,CA,smoke_pair|smoke_001|CA|6|135,6,,,,0
synthetic,smoke_pair,smoke_pair,train,smoke_pair,smoke_001,13.500,135,CB,smoke_pair|smoke_001|CB|6|135,6,,,,0
synthetic,smoke_pair,smoke_pair,train,smoke_pair,smoke_001,13.500,135,CA,smoke_pair|smoke_001|CA|7|135,7,,,,0
synthetic,smoke_pair,smoke_pair,train,smoke_pair,smoke_001,13.500,135,CB,smoke_pair|smoke_001|CB|7|135,7,,,,0
synthetic,smoke_pair,smoke_pair,train,smoke_pair,smoke_001,13.500,135,CA,smoke_pair|smoke_001|CA|8|135,8,,,,0
synthetic,smoke_pair,smoke_pair,train,smoke_pair,smoke_001,13.500,135,CB,smoke_pair|smoke_001|CB|8|135,8,,,,0
synthetic,smoke_pair,smoke_pair,train,smoke_pair,smoke_001,13.600,136,CA,smoke_pair|smoke_001|CA|1|136,1,,,,0
synthetic,smoke_pair,smoke_pair,train,smoke_pair,smoke_001,13.600,136,CB,smoke_pair|smoke_001|CB|1|136,1,,,,0
synthetic,smoke_pair,smoke_pair,train,smoke_pair,smoke_001,13.600,136,CA,smoke_pair|smoke_001|CA|2|136,2,,,,0
synthetic,smoke_pair,smoke_pair,train,smoke_pair,smoke_001,13.600,136,CB,smoke_pair|smoke_001|CB|2|136,2,,,,0
synthetic,smoke_pair,smoke_pair,train,smoke_pair,smoke_001,13.600,136,CA,smoke_pair|smoke_001|CA|3|136,3,,,,0
synthetic,smoke_pair,smoke_pair,train,smoke_pair,smoke_001,13.600,136,CB,smoke_pair|smoke_001|CB|3|136,3,,,,0
synthetic,smoke_pair,smoke_pair,train,smoke_pair,smoke_001,13.600,136,CA,smoke_pair|smoke_001|CA|4|136,4,,,,0
synthetic,smoke_pair,smoke_pair,train,smoke_pair,smoke_001,13.600,136,CB,smoke_pair|smoke_001|CB|4|136,4,,,,0
synthetic,smoke_pair,smoke_pair,train,smoke_pair,smoke_001,13.600,136,CA,smoke_pair|smoke_001|CA|5|136,5,,,,0
synthetic,smoke_pair,smoke_pair,train,smoke_pair,smoke_001,13.600,136,CB,smoke_pair|smoke_001|CB|5|136,5,,,,0
synthetic,smoke_pair,smoke_pair,train,smoke_pair,smoke_001,13.600,136,CA,smoke_pair|smoke_001|CA|6|136,6,,,,0
synthetic,smoke_pair,smoke_pair,train,smoke_pair,smoke_001,13.600,136,CB,smoke_pair|smoke_001|CB|6|136,6,,,,0
synthetic,smoke_pair,smoke_pair,train,smoke_pair,smoke_001,13.600,136,CA,smoke_pair|smoke_001|CA|7|136,7,,,,0
synthetic,smoke_pair,smoke_pair,train,smoke_pair,smoke_001,13.600,136,CB,smoke_pair|smoke_001|CB|7|136,7,,,,0
synthetic,smoke_pair,smoke_pair,train,smoke_pair,smoke_001,13.600,136,CA,smoke_pair|smoke_001|CA|8|136,8,,,,0
synthetic,smoke_pair,smoke_pair,train,smoke_pair,smoke_001,13.600,136,CB,smoke_pair|smoke_001|CB|8|136,8,,,,0
synthetic,smoke_pair,smoke_pair,train,smoke_pair,smoke_001,13.700,137,CA,smoke_pair|smoke_001|CA|1|137,1,,,,0
synthetic,smoke_pair,smoke_pair,train,smoke_pair,smoke_001,13.700,137,CB,smoke_pair|smoke_001|CB|1|137,1,,,,0
synthetic,smoke_pair,smoke_pair,train,smoke_pair,smoke_001,13.700,137,CA,smoke_pair|smoke_001|CA|2|137,2,,,,0
synthetic,smoke_pair,smoke_pair,train,smoke_pair,smoke_001,13.700,137,CB,smoke_pair|smoke_001|CB|2|137,2,,,,0
synthetic,smoke_pair,smoke_pair,train,smoke_pair,smoke_001,13.700,137,CA,smoke_pair|smoke_001|CA|3|137,3,,,,0
synthetic,smoke_pair,smoke_pair,train,smoke_pair,smoke_001,13.700,137,CB,smoke_pair|smoke_001|CB|3|137,3,,,,0
synthetic,smoke_pair,smoke_pair,train,smoke_pair,smoke_001,13.700,137,CA,smoke_pair|smoke_001|CA|4|137,4,,,,0
synthetic,smoke_pair,smoke_pair,train,smoke_pair,smoke_001,13.700,137,CB,smoke_pair|smoke_001|CB|4|137,4,,,,0
synthetic,smoke_pair,smoke_pair,train,smoke_pair,smoke_001,13.700,137,CA,smoke_pair|smoke_001|CA|5|137,5,,,,0
synthetic,smoke_pair,smoke_pair,train,smoke_pair,smoke_001,13.700,137,CB,smoke_pair|smoke_001|CB|5|137,5,,,,0
synthetic,smoke_pair,smoke_pair,train,smoke_pair,smoke_001,13.700,137,CA,smoke_pair|smoke_001|CA|6|137,6,,,,0
synthetic,smoke_pair,smoke_pair,train,smoke_pair,smoke_001,13.700,137,CB,smoke_pair|smoke_001|CB|6|137,6,,,,0
synthetic,smoke_pair,smoke_pair,train,smoke_pair,smoke_001,13.700,137,CA,smoke_pair|smoke_001|CA|7|137,7,,,,0
synthetic,smoke_pair,smoke_pair,train,smoke_pair,smoke_001,13.700,137,CB,smoke_pair|smoke_001|CB|7|137,7,,,,0
synthetic,smoke_pair,smoke_pair,train,smoke_pair,smoke_001,13.700,137,CA,smoke_pair|smoke_001|CA|8|137,8,,,,0
synthetic,smoke_pair,smoke_pair,train,smoke_pair,smoke_001,13.700,137,CB,smoke_pair|smoke_001|CB|8|137,8,,,,0
synthetic,smoke_pair,smoke_pair,train,smoke_pair,smoke_001,13.800,138,CA,smoke_pair|smoke_001|CA|1|138,1,,,,0
synthetic,smoke_pair,smoke_pair,train,smoke_pair,smoke_001,13.800,138,CB,smoke_pair|smoke_001|CB|1|138,1,,,,0
synthetic,smoke_pair,smoke_pair,train,smoke_pair,smoke_001,13.800,138,CA,smoke_pair|smoke_001|CA|2|138,2,,,,0
synthetic,smoke_pair,smoke_pair,train,smoke_pair,smoke_001,13.800,138,CB,smoke_pair|smoke_001|CB|2|138,2,,,,0
synthetic,smoke_pair,smoke_pair,train,smoke_pair,smoke_001,13.800,138,CA,smoke_pair|smoke_001|CA|3|138,3,,,,0
synthetic,smoke_pair,smoke_pair,train,smoke_pair,smoke_001,13.800,138,CB,smoke_pair|smoke_001|CB|3|138,3,,,,0
synthetic,smoke_pair,smoke_pair,train,smoke_pair,smoke_001,13.800,138,CA,smoke_pair|smoke_001|CA|4|138,4,,,,0
synthetic,smoke_pair,smoke_pair,train,smoke_pair,smoke_001,13.800,138,CB,smoke_pair|smoke_001|CB|4|138,4,,,,0
synthetic,smoke_pair,smoke_pair,train,smoke_pair,smoke_001,13.800,138,CA,smoke_pair|smoke_001|CA|5|138,5,,,,0
synthetic,smoke_pair,smoke_pair,train,smoke_pair,smoke_001,13.800,138,CB,smoke_pair|smoke_001|CB|5|138,5,,,,0
synthetic,smoke_pair,smoke_pair,train,smoke_pair,smoke_001,13.800,138,CA,smoke_pair|smoke_001|CA|6|138,6,,,,0
synthetic,smoke_pair,smoke_pair,train,smoke_pair,smoke_001,13.800,138,CB,smoke_pair|smoke_001|CB|6|138,6,,,,0
synthetic,smoke_pair,smoke_pair,train,smoke_pair,smoke_001,13.800,138,CA,smoke_pair|smoke_001|CA|7|138,7,,,,0
synthetic,smoke_pair,smoke_pair,train,smoke_pair,smoke_001,13.800,138,CB,smoke_pair|smoke_001|CB|7|138,7,,,,0
synthetic,smoke_pair,smoke_pair,train,smoke_pair,smoke_001,13.800,138,CA,smoke_pair|smoke_001|CA|8|138,8,,,,0
synthetic,smoke_pair,smoke_pair,train,smoke_pair,smoke_001,13.800,138,CB,smoke_pair|smoke_001|CB|8|138,8,,,,0
synthetic,smoke_pair,smoke_pair,train,smoke_pair,smoke_001,13.900,139,CA,smoke_pair|smoke_001|CA|1|139,1,,,,0
synthetic,smoke_pair,smoke_pair,train,smoke_pair,smoke_001,13.900,139,CB,smoke_pair|smoke_001|CB|1|139,1,,,,0
synthetic,smoke_pair,smoke_pair,train,smoke_pair,smoke_001,13.900,139,CA,smoke_pair|smoke_001|CA|2|139,2,,,,0
synthetic,smoke_pair,smoke_pair,train,smoke_pair,smoke_001,13.900,139,CB,smoke_pair|smoke_001|CB|2|139,2,,,,0
synthetic,smoke_pair,smoke_pair,train,smoke_pair,smoke_001,13.900,139,CA,smoke_pair|smoke_001|CA|3|139,3,,,,0
synthetic,smoke_pair,smoke_pair,train,smoke_pair,smoke_001,13.900,139,CB,smoke_pair|smoke_001|CB|3|139,3,,,,0
synthetic,smoke_pair,smoke_pair,train,smoke_pair,smoke_001,13.900,139,CA,smoke_pair|smoke_001|CA|4|139,4,,,,0
synthetic,smoke_pair,smoke_pair,train,smoke_pair,smoke_001,13.900,139,CB,smoke_pair|smoke_001|CB|4|139,4,,,,0
synthetic,smoke_pair,smoke_pair,train,smoke_pair,smoke_001,13.900,139,CA,smoke_pair|smoke_001|CA|5|139,5,,,,0
synthetic,smoke_pair,smoke_pair,train,smoke_pair,smoke_001,13.900,139,CB,smoke_pair|smoke_001|CB|5|139,5,,,,0
synthetic,smoke_pair,smoke_pair,train,smoke_pair,smoke_001,13.900,139,CA,smoke_pair|smoke_001|CA|6|139,6,,,,0
synthetic,smoke_pair,smoke_pair,train,smoke_pair,smoke_001,13.900,139,CB,smoke_pair|smoke_001|CB|6|139,6,,,,0
synthetic,smoke_pair,smoke_pair,train,smoke_pair,smoke_001,13.900,139,CA,smoke_pair|smoke_001|CA|7|139,7,,,,0
synthetic,smoke_pair,smoke_pair,train,smoke_pair,smoke_001,13.900,139,CB,smoke_pair|smoke_001|CB|7|139,7,,,,0
synthetic,smoke_pair,smoke_pair,train,smoke_pair,smoke_001,13.900,139,CA,smoke_pair|smoke_001|CA|8|139,8,,,,0
synthetic,smoke_pair,smoke_pair,train,smoke_pair,smoke_001,13.900,139,CB,smoke_pair|smoke_001|CB|8|139,8,,,,0
synthetic,smoke_pair,smoke_pair,train,smoke_pair,smoke_001,14.000,140,CA,smoke_pair|smoke_001|CA|1|140,1,,,,0
synthetic,smoke_pair,smoke_pair,train,smoke_pair,smoke_001,14.000,140,CB,smoke_pair|smoke_001|CB|1|140,1,,,,0
synthetic,smoke_pair,smoke_pair,train,smoke_pair,smoke_001,14.000,140,CA,smoke_pair|smoke_001|CA|2|140,2,,,,0
synthetic,smoke_pair,smoke_pair,train,smoke_pair,smoke_001,14.000,140,CB,smoke_pair|smoke_001|CB|2|140,2,,,,0
synthetic,smoke_pair,smoke_pair,train,smoke_pair,smoke_001,14.000,140,CA,smoke_pair|smoke_001|CA|3|140,3,,,,0
synthetic,smoke_pair,smoke_pair,train,smoke_pair,smoke_001,14.000,140,CB,smoke_pair|smoke_001|CB|3|140,3,,,,0
synthetic,smoke_pair,smoke_pair,train,smoke_pair,smoke_001,14.000,140,CA,smoke_pair|smoke_001|CA|4|140,4,,,,0
synthetic,smoke_pair,smoke_pair,train,smoke_pair,smoke_001,14.000,140,CB,smoke_pair|smoke_001|CB|4|140,4,,,,0
synthetic,smoke_pair,smoke_pair,train,smoke_pair,smoke_001,14.000,140,CA,smoke_pair|smoke_001|CA|5|140,5,,,,0
synthetic,smoke_pair,smoke_pair,train,smoke_pair,smoke_001,14.000,140,CB,smoke_pair|smoke_001|CB|5|140,5,,,,0
synthetic,smoke_pair,smoke_pair,train,smoke_pair,smoke_001,14.000,140,CA,smoke_pair|smoke_001|CA|6|140,6,,,,0
synthetic,smoke_pair,smoke_pair,train,smoke_pair,smoke_001,14.000,140,CB,smoke_pair|smoke_001|CB|6|140,6,,,,0
synthetic,smoke_pair,smoke_pair,train,smoke_pair,smoke_001,14.000,140,CA,smoke_pair|smoke_001|CA|7|140,7,,,,0
synthetic,smoke_pair,smoke_pair,train,smoke_pair,smoke_001,14.000,140,CB,smoke_pair|smoke_001|CB|7|140,7,,,,0
synthetic,smoke_pair,smoke_pair,train,smoke_pair,smoke_001,14.000,140,CA,smoke_pair|smoke_001|CA|8|140,8,,,,0
synthetic,smoke_pair,smoke_pair,train,smoke_pair,smoke_001,14.000,140,CB,smoke_pair|smoke_001|CB|8|140,8,,,,0
synthetic,smoke_pair,smoke_pair,train,smoke_pair,smoke_001,14.100,141,CA,smoke_pair|smoke_001|CA|1|141,1,,,,0
synthetic,smoke_pair,smoke_pair,train,smoke_pair,smoke_001,14.100,141,CB,smoke_pair|smoke_001|CB|1|141,1,,,,0
synthetic,smoke_pair,smoke_pair,train,smoke_pair,smoke_001,14.100,141,CA,smoke_pair|smoke_001|CA|2|141,2,,,,0
synthetic,smoke_pair,smoke_pair,train,smoke_pair,smoke_001,14.100,141,CB,smoke_pair|smoke_001|CB|2|141,2,,,,0
synthetic,smoke_pair,smoke_pair,train,smoke_pair,smoke_001,14.100,141,CA,smoke_pair|smoke_001|CA|3|141,3,,,,0
synthetic,smoke_pair,smoke_pair,train,smoke_pair,smoke_001,14.100,141,CB,smoke_pair|smoke_001|CB|3|141,3,,,,0
synthetic,smoke_pair,smoke_pair,train,smoke_pair,smoke_001,14.100,141,CA,smoke_pair|smoke_001|CA|4|141,4,,,,0
synthetic,smoke_pair,smoke_pair,train,smoke_pair,smoke_001,14.100,141,CB,smoke_pair|smoke_001|CB|4|141,4,,,,0
synthetic,smoke_pair,smoke_pair,train,smoke_pair,smoke_001,14.100,141,CA,smoke_pair|smoke_001|CA|5|141,5,,,,0
synthetic,smoke_pair,smoke_pair,train,smoke_pair,smoke_001,14.100,141,CB,smoke_pair|smoke_001|CB|5|141,5,,,,0
synthetic,smoke_pair,smoke_pair,train,smoke_pair,smoke_001,14.100,141,CA,smoke_pair|smoke_001|CA|6|141,6,,,,0
synthetic,smoke_pair,smoke_pair,train,smoke_pair,smoke_001,14.100,141,CB,smoke_pair|smoke_001|CB|6|141,6,,,,0
synthetic,smoke_pair,smoke_pair,train,smoke_pair,smoke_001,14.100,141,CA,smoke_pair|smoke_001|CA|7|141,7,,,,0
synthetic,smoke_pair,smoke_pair,train,smoke_pair,smoke_001,14.100,141,CB,smoke_pair|smoke_001|CB|7|141,7,,,,0
synthetic,smoke_pair,smoke_pair,train,smoke_pair,smoke_001,14.100,141,CA,smoke_pair|smoke_001|CA|8|141,8,,,,0
synthetic,smoke_pair,smoke_pair,train,smoke_pair,smoke_001,14.100,141,CB,smoke_pair|smoke_001|CB|8|141,8,,,,0
synthetic,smoke_pair,smoke_pair,train,smoke_pair,smoke_001,14.200,142,CA,smoke_pair|smoke_001|CA|1|142,1,,,,0
synthetic,smoke_pair,smoke_pair,train,smoke_pair,smoke_001,14.200,142,CB,smoke_pair|smoke_001|CB|1|142,1,,,,0
synthetic,smoke_pair,smoke_pair,train,smoke_pair,smoke_001,14.200,142,CA,smoke_pair|smoke_001|CA|2|142,2,,,,0
synthetic,smoke_pair,smoke_pair,train,smoke_pair,smoke_001,14.200,142,CB,smoke_pair|smoke_001|CB|2|142,2,,,,0
synthetic,smoke_pair,smoke_pair,train,smoke_pair,smoke_001,14.200,142,CA,smoke_pair|smoke_001|CA|3|142,3,,,,0
synthetic,smoke_pair,smoke_pair,train,smoke_pair,smoke_001,14.200,142,CB,smoke_pair|smoke_001|CB|3|142,3,,,,0
synthetic,smoke_pair,smoke_pair,train,smoke_pair,smoke_001,14.200,142,CA,smoke_pair|smoke_001|CA|4|142,4,,,,0
synthetic,smoke_pair,smoke_pair,train,smoke_pair,smoke_001,14.200,142,CB,smoke_pair|smoke_001|CB|4|142,4,,,,0
synthetic,smoke_pair,smoke_pair,train,smoke_pair,smoke_001,14.200,142,CA,smoke_pair|smoke_001|CA|5|142,5,,,,0
synthetic,smoke_pair,smoke_pair,train,smoke_pair,smoke_001,14.200,142,CB,smoke_pair|smoke_001|CB|5|142,5,,,,0
synthetic,smoke_pair,smoke_pair,train,smoke_pair,smoke_001,14.200,142,CA,smoke_pair|smoke_001|CA|6|142,6,,,,0
synthetic,smoke_pair,smoke_pair,train,smoke_pair,smoke_001,14.200,142,CB,smoke_pair|smoke_001|CB|6|142,6,,,,0
synthetic,smoke_pair,smoke_pair,train,smoke_pair,smoke_001,14.200,142,CA,smoke_pair|smoke_001|CA|7|142,7,,,,0
synthetic,smoke_pair,smoke_pair,train,smoke_pair,smoke_001,14.200,142,CB,smoke_pair|smoke_001|CB|7|142,7,,,,0
synthetic,smoke_pair,smoke_pair,train,smoke_pair,smoke_001,14.200,142,CA,smoke_pair|smoke_001|CA|8|142,8,,,,0
synthetic,smoke_pair,smoke_pair,train,smoke_pair,smoke_001,14.200,142,CB,smoke_pair|smoke_001|CB|8|142,8,,,,0
synthetic,smoke_pair,smoke_pair,train,smoke_pair,smoke_001,14.300,143,CA,smoke_pair|smoke_001|CA|1|143,1,,,,0
synthetic,smoke_pair,smoke_pair,train,smoke_pair,smoke_001,14.300,143,CB,smoke_pair|smoke_001|CB|1|143,1,,,,0
synthetic,smoke_pair,smoke_pair,train,smoke_pair,smoke_001,14.300,143,CA,smoke_pair|smoke_001|CA|2|143,2,,,,0
synthetic,smoke_pair,smoke_pair,train,smoke_pair,smoke_001,14.300,143,CB,smoke_pair|smoke_001|CB|2|143,2,,,,0
synthetic,smoke_pair,smoke_pair,train,smoke_pair,smoke_001,14.300,143,CA,smoke_pair|smoke_001|CA|3|143,3,,,,0
synthetic,smoke_pair,smoke_pair,train,smoke_pair,smoke_001,14.300,143,CB,smoke_pair|smoke_001|CB|3|143,3,,,,0
synthetic,smoke_pair,smoke_pair,train,smoke_pair,smoke_001,14.300,143,CA,smoke_pair|smoke_001|CA|4|143,4,,,,0
synthetic,smoke_pair,smoke_pair,train,smoke_pair,smoke_001,14.300,143,CB,smoke_pair|smoke_001|CB|4|143,4,,,,0
synthetic,smoke_pair,smoke_pair,train,smoke_pair,smoke_001,14.300,143,CA,smoke_pair|smoke_001|CA|5|143,5,,,,0
synthetic,smoke_pair,smoke_pair,train,smoke_pair,smoke_001,14.300,143,CB,smoke_pair|smoke_001|CB|5|143,5,,,,0
synthetic,smoke_pair,smoke_pair,train,smoke_pair,smoke_001,14.300,143,CA,smoke_pair|smoke_001|CA|6|143,6,,,,0
synthetic,smoke_pair,smoke_pair,train,smoke_pair,smoke_001,14.300,143,CB,smoke_pair|smoke_001|CB|6|143,6,,,,0
synthetic,smoke_pair,smoke_pair,train,smoke_pair,smoke_001,14.300,143,CA,smoke_pair|smoke_001|CA|7|143,7,,,,0
synthetic,smoke_pair,smoke_pair,train,smoke_pair,smoke_001,14.300,143,CB,smoke_pair|smoke_001|CB|7|143,7,,,,0
synthetic,smoke_pair,smoke_pair,train,smoke_pair,smoke_001,14.300,143,CA,smoke_pair|smoke_001|CA|8|143,8,,,,0
synthetic,smoke_pair,smoke_pair,train,smoke_pair,smoke_001,14.300,143,CB,smoke_pair|smoke_001|CB|8|143,8,,,,0
synthetic,smoke_pair,smoke_pair,train,smoke_pair,smoke_001,14.400,144,CA,smoke_pair|smoke_001|CA|1|144,1,,,,0
synthetic,smoke_pair,smoke_pair,train,smoke_pair,smoke_001,14.400,144,CB,smoke_pair|smoke_001|CB|1|144,1,,,,0
synthetic,smoke_pair,smoke_pair,train,smoke_pair,smoke_001,14.400,144,CA,smoke_pair|smoke_001|CA|2|144,2,,,,0
synthetic,smoke_pair,smoke_pair,train,smoke_pair,smoke_001,14.400,144,CB,smoke_pair|smoke_001|CB|2|144,2,,,,0
synthetic,smoke_pair,smoke_pair,train,smoke_pair,smoke_001,14.400,144,CA,smoke_pair|smoke_001|CA|3|144,3,,,,0
synthetic,smoke_pair,smoke_pair,train,smoke_pair,smoke_001,14.400,144,CB,smoke_pair|smoke_001|CB|3|144,3,,,,0
synthetic,smoke_pair,smoke_pair,train,smoke_pair,smoke_001,14.400,144,CA,smoke_pair|smoke_001|CA|4|144,4,,,,0
synthetic,smoke_pair,smoke_pair,train,smoke_pair,smoke_001,14.400,144,CB,smoke_pair|smoke_001|CB|4|144,4,,,,0
synthetic,smoke_pair,smoke_pair,train,smoke_pair,smoke_001,14.400,144,CA,smoke_pair|smoke_001|CA|5|144,5,,,,0
synthetic,smoke_pair,smoke_pair,train,smoke_pair,smoke_001,14.400,144,CB,smoke_pair|smoke_001|CB|5|144,5,,,,0
synthetic,smoke_pair,smoke_pair,train,smoke_pair,smoke_001,14.400,144,CA,smoke_pair|smoke_001|CA|6|144,6,,,,0
synthetic,smoke_pair,smoke_pair,train,smoke_pair,smoke_001,14.400,144,CB,smoke_pair|smoke_001|CB|6|144,6,,,,0
synthetic,smoke_pair,smoke_pair,train,smoke_pair,smoke_001,14.400,144,CA,smoke_pair|smoke_001|CA|7|144,7,,,,0
synthetic,smoke_pair,smoke_pair,train,smoke_pair,smoke_001,14.400,144,CB,smoke_pair|smoke_001|CB|7|144,7,,,,0
synthetic,smoke_pair,smoke_pair,train,smoke_pair,smoke_001,14.400,144,CA,smoke_pair|smoke_001|CA|8|144,8,,,,0
synthetic,smoke_pair,smoke_pair,train,smoke_pair,smoke_001,14.400,144,CB,smoke_pair|smoke_001|CB|8|144,8,,,,0
synthetic,smoke_pair,smoke_pair,train,smoke_pair,smoke_001,14.500,145,CA,smoke_pair|smoke_001|CA|1|145,1,,,,0
synthetic,smoke_pair,smoke_pair,train,smoke_pair,smoke_001,14.500,145,CB,smoke_pair|smoke_001|CB|1|145,1,,,,0
synthetic,smoke_pair,smoke_pair,train,smoke_pair,smoke_001,14.500,145,CA,smoke_pair|smoke_001|CA|2|145,2,,,,0
synthetic,smoke_pair,smoke_pair,train,smoke_pair,smoke_001,14.500,145,CB,smoke_pair|smoke_001|CB|2|145,2,,,,0
synthetic,smoke_pair,smoke_pair,train,smoke_pair,smoke_001,14.500,145,CA,smoke_pair|smoke_001|CA|3|145,3,,,,0
synthetic,smoke_pair,smoke_pair,train,smoke_pair,smoke_001,14.500,145,CB,smoke_pair|smoke_001|CB|3|145,3,,,,0
synthetic,smoke_pair,smoke_pair,train,smoke_pair,smoke_001,14.500,145,CA,smoke_pair|smoke_001|CA|4|145,4,,,,0
synthetic,smoke_pair,smoke_pair,train,smoke_pair,smoke_001,14.500,145,CB,smoke_pair|smoke_001|CB|4|145,4,,,,0
synthetic,smoke_pair,smoke_pair,train,smoke_pair,smoke_001,14.500,145,CA,smoke_pair|smoke_001|CA|5|145,5,,,,0
synthetic,smoke_pair,smoke_pair,train,smoke_pair,smoke_001,14.500,145,CB,smoke_pair|smoke_001|CB|5|145,5,,,,0
synthetic,smoke_pair,smoke_pair,train,smoke_pair,smoke_001,14.500,145,CA,smoke_pair|smoke_001|CA|6|145,6,,,,0
synthetic,smoke_pair,smoke_pair,train,smoke_pair,smoke_001,14.500,145,CB,smoke_pair|smoke_001|CB|6|145,6,,,,0
synthetic,smoke_pair,smoke_pair,train,smoke_pair,smoke_001,14.500,145,CA,smoke_pair|smoke_001|CA|7|145,7,,,,0
synthetic,smoke_pair,smoke_pair,train,smoke_pair,smoke_001,14.500,145,CB,smoke_pair|smoke_001|CB|7|145,7,,,,0
synthetic,smoke_pair,smoke_pair,train,smoke_pair,smoke_001,14.500,145,CA,smoke_pair|smoke_001|CA|8|145,8,,,,0
synthetic,smoke_pair,smoke_pair,train,smoke_pair,smoke_001,14.500,145,CB,smoke_pair|smoke_001|CB|8|145,8,,,,0
synthetic,smoke_pair,smoke_pair,train,smoke_pair,smoke_001,14.600,146,CA,smoke_pair|smoke_001|CA|1|146,1,,,,0
synthetic,smoke_pair,smoke_pair,train,smoke_pair,smoke_001,14.600,146,CB,smoke_pair|smoke_001|CB|1|146,1,,,,0
synthetic,smoke_pair,smoke_pair,train,smoke_pair,smoke_001,14.600,146,CA,smoke_pair|smoke_001|CA|2|146,2,,,,0
synthetic,smoke_pair,smoke_pair,train,smoke_pair,smoke_001,14.600,146,CB,smoke_pair|smoke_001|CB|2|146,2,,,,0
synthetic,smoke_pair,smoke_pair,train,smoke_pair,smoke_001,14.600,146,CA,smoke_pair|smoke_001|CA|3|146,3,,,,0
synthetic,smoke_pair,smoke_pair,train,smoke_pair,smoke_001,14.600,146,CB,smoke_pair|smoke_001|CB|3|146,3,,,,0
synthetic,smoke_pair,smoke_pair,train,smoke_pair,smoke_001,14.600,146,CA,smoke_pair|smoke_001|CA|4|146,4,,,,0
synthetic,smoke_pair,smoke_pair,train,smoke_pair,smoke_001,14.600,146,CB,smoke_pair|smoke_001|CB|4|146,4,,,,0
synthetic,smoke_pair,smoke_pair,train,smoke_pair,smoke_001,14.600,146,CA,smoke_pair|smoke_001|CA|5|146,5,,,,0
synthetic,smoke_pair,smoke_pair,train,smoke_pair,smoke_001,14.600,146,CB,smoke_pair|smoke_001|CB|5|146,5,,,,0
synthetic,smoke_pair,smoke_pair,train,smoke_pair,smoke_001,14.600,146,CA,smoke_pair|smoke_001|CA|6|146,6,,,,0
synthetic,smoke_pair,smoke_pair,train,smoke_pair,smoke_001,14.600,146,CB,smoke_pair|smoke_001|CB|6|146,6,,,,0
synthetic,smoke_pair,smoke_pair,train,smoke_pair,smoke_001,14.600,146,CA,smoke_pair|smoke_001|CA|7|146,7,,,,0
synthetic,smoke_pair,smoke_pair,train,smoke_pair,smoke_001,14.600,146,CB,smoke_pair|smoke_001|CB|7|146,7,,,,0
synthetic,smoke_pair,smoke_pair,train,smoke_pair,smoke_001,14.600,146,CA,smoke_pair|smoke_001|CA|8|146,8,,,,0
synthetic,smoke_pair,smoke_pair,train,smoke_pair,smoke_001,14.600,146,CB,smoke_pair|smoke_001|CB|8|146,8,,,,0
synthetic,smoke_pair,smoke_pair,train,smoke_pair,smoke_001,14.700,147,CA,smoke_pair|smoke_001|CA|1|147,1,,,,0
synthetic,smoke_pair,smoke_pair,train,smoke_pair,smoke_001,14.700,147,CB,smoke_pair|smoke_001|CB|1|147,1,,,,0
synthetic,smoke_pair,smoke_pair,train,smoke_pair,smoke_001,14.700,147,CA,smoke_pair|smoke_001|CA|2|147,2,,,,0
synthetic,smoke_pair,smoke_pair,train,smoke_pair,smoke_001,14.700,147,CB,smoke_pair|smoke_001|CB|2|147,2,,,,0
synthetic,smoke_pair,smoke_pair,train,smoke_pair,smoke_001,14.700,147,CA,smoke_pair|smoke_001|CA|3|147,3,,,,0
synthetic,smoke_pair,smoke_pair,train,smoke_pair,smoke_001,14.700,147,CB,smoke_pair|smoke_001|CB|3|147,3,,,,0
synthetic,smoke_pair,smoke_pair,train,smoke_pair,smoke_001,14.700,147,CA,smoke_pair|smoke_001|CA|4|147,4,,,,0
synthetic,smoke_pair,smoke_pair,train,smoke_pair,smoke_001,14.700,147,CB,smoke_pair|smoke_001|CB|4|147,4,,,,0
synthetic,smoke_pair,smoke_pair,train,smoke_pair,smoke_001,14.700,147,CA,smoke_pair|smoke_001|CA|5|147,5,,,,0
synthetic,smoke_pair,smoke_pair,train,smoke_pair,smoke_001,14.700,147,CB,smoke_pair|smoke_001|CB|5|147,5,,,,0
synthetic,smoke_pair,smoke_pair,train,smoke_pair,smoke_001,14.700,147,CA,smoke_pair|smoke_001|CA|6|147,6,,,,0
synthetic,smoke_pair,smoke_pair,train,smoke_pair,smoke_001,14.700,147,CB,smoke_pair|smoke_001|CB|6|147,6,,,,0
synthetic,smoke_pair,smoke_pair,train,smoke_pair,smoke_001,14.700,147,CA,smoke_pair|smoke_001|CA|7|147,7,,,,0
synthetic,smoke_pair,smoke_pair,train,smoke_pair,smoke_001,14.700,147,CB,smoke_pair|smoke_001|CB|7|147,7,,,,0
synthetic,smoke_pair,smoke_pair,train,smoke_pair,smoke_001,14.700,147,CA,smoke_pair|smoke_001|CA|8|147,8,,,,0
synthetic,smoke_pair,smoke_pair,train,smoke_pair,smoke_001,14.700,147,CB,smoke_pair|smoke_001|CB|8|147,8,,,,0
synthetic,smoke_pair,smoke_pair,train,smoke_pair,smoke_001,14.800,148,CA,smoke_pair|smoke_001|CA|1|148,1,,,,0
synthetic,smoke_pair,smoke_pair,train,smoke_pair,smoke_001,14.800,148,CB,smoke_pair|smoke_001|CB|1|148,1,,,,0
synthetic,smoke_pair,smoke_pair,train,smoke_pair,smoke_001,14.800,148,CA,smoke_pair|smoke_001|CA|2|148,2,,,,0
synthetic,smoke_pair,smoke_pair,train,smoke_pair,smoke_001,14.800,148,CB,smoke_pair|smoke_001|CB|2|148,2,,,,0
synthetic,smoke_pair,smoke_pair,train,smoke_pair,smoke_001,14.800,148,CA,smoke_pair|smoke_001|CA|3|148,3,,,,0
synthetic,smoke_pair,smoke_pair,train,smoke_pair,smoke_001,14.800,148,CB,smoke_pair|smoke_001|CB|3|148,3,,,,0
synthetic,smoke_pair,smoke_pair,train,smoke_pair,smoke_001,14.800,148,CA,smoke_pair|smoke_001|CA|4|148,4,,,,0
synthetic,smoke_pair,smoke_pair,train,smoke_pair,smoke_001,14.800,148,CB,smoke_pair|smoke_001|CB|4|148,4,,,,0
synthetic,smoke_pair,smoke_pair,train,smoke_pair,smoke_001,14.800,148,CA,smoke_pair|smoke_001|CA|5|148,5,,,,0
synthetic,smoke_pair,smoke_pair,train,smoke_pair,smoke_001,14.800,148,CB,smoke_pair|smoke_001|CB|5|148,5,,,,0
synthetic,smoke_pair,smoke_pair,train,smoke_pair,smoke_001,14.800,148,CA,smoke_pair|smoke_001|CA|6|148,6,,,,0
synthetic,smoke_pair,smoke_pair,train,smoke_pair,smoke_001,14.800,148,CB,smoke_pair|smoke_001|CB|6|148,6,,,,0
synthetic,smoke_pair,smoke_pair,train,smoke_pair,smoke_001,14.800,148,CA,smoke_pair|smoke_001|CA|7|148,7,,,,0
synthetic,smoke_pair,smoke_pair,train,smoke_pair,smoke_001,14.800,148,CB,smoke_pair|smoke_001|CB|7|148,7,,,,0
synthetic,smoke_pair,smoke_pair,train,smoke_pair,smoke_001,14.800,148,CA,smoke_pair|smoke_001|CA|8|148,8,,,,0
synthetic,smoke_pair,smoke_pair,train,smoke_pair,smoke_001,14.800,148,CB,smoke_pair|smoke_001|CB|8|148,8,,,,0
synthetic,smoke_pair,smoke_pair,train,smoke_pair,smoke_001,14.900,149,CA,smoke_pair|smoke_001|CA|1|149,1,,,,0
synthetic,smoke_pair,smoke_pair,train,smoke_pair,smoke_001,14.900,149,CB,smoke_pair|smoke_001|CB|1|149,1,,,,0
synthetic,smoke_pair,smoke_pair,train,smoke_pair,smoke_001,14.900,149,CA,smoke_pair|smoke_001|CA|2|149,2,,,,0
synthetic,smoke_pair,smoke_pair,train,smoke_pair,smoke_001,14.900,149,CB,smoke_pair|smoke_001|CB|2|149,2,,,,0
synthetic,smoke_pair,smoke_pair,train,smoke_pair,smoke_001,14.900,149,CA,smoke_pair|smoke_001|CA|3|149,3,,,,0
synthetic,smoke_pair,smoke_pair,train,smoke_pair,smoke_001,14.900,149,CB,smoke_pair|smoke_001|CB|3|149,3,,,,0
synthetic,smoke_pair,smoke_pair,train,smoke_pair,smoke_001,14.900,149,CA,smoke_pair|smoke_001|CA|4|149,4,,,,0
synthetic,smoke_pair,smoke_pair,train,smoke_pair,smoke_001,14.900,149,CB,smoke_pair|smoke_001|CB|4|149,4,,,,0
synthetic,smoke_pair,smoke_pair,train,smoke_pair,smoke_001,14.900,149,CA,smoke_pair|smoke_001|CA|5|149,5,,,,0
synthetic,smoke_pair,smoke_pair,train,smoke_pair,smoke_001,14.900,149,CB,smoke_pair|smoke_001|CB|5|149,5,,,,0
synthetic,smoke_pair,smoke_pair,train,smoke_pair,smoke_001,14.900,149,CA,smoke_pair|smoke_001|CA|6|149,6,,,,0
synthetic,smoke_pair,smoke_pair,train,smoke_pair,smoke_001,14.900,149,CB,smoke_pair|smoke_001|CB|6|149,6,,,,0
synthetic,smoke_pair,smoke_pair,train,smoke_pair,smoke_001,14.900,149,CA,smoke_pair|smoke_001|CA|7|149,7,,,,0
synthetic,smoke_pair,smoke_pair,train,smoke_pair,smoke_001,14.900,149,CB,smoke_pair|smoke_001|CB|7|149,7,,,,0
synthetic,smoke_pair,smoke_pair,train,smoke_pair,smoke_001,14.900,149,CA,smoke_pair|smoke_001|CA|8|149,8,,,,0
synthetic,smoke_pair,smoke_pair,train,smoke_pair,smoke_001,14.900,149,CB,smoke_pair|smoke_001|CB|8|149,8,,,,0
synthetic,smoke_pair,smoke_pair,train,smoke_pair,smoke_001,15.000,150,CA,smoke_pair|smoke_001|CA|1|150,1,,,,0
synthetic,smoke_pair,smoke_pair,train,smoke_pair,smoke_001,15.000,150,CB,smoke_pair|smoke_001|CB|1|150,1,,,,0
synthetic,smoke_pair,smoke_pair,train,smoke_pair,smoke_001,15.000,150,CA,smoke_pair|smoke_001|CA|2|150,2,,,,0
synthetic,smoke_pair,smoke_pair,train,smoke_pair,smoke_001,15.000,150,CB,smoke_pair|smoke_001|CB|2|150,2,,,,0
synthetic,smoke_pair,smoke_pair,train,smoke_pair,smoke_001,15.000,150,CA,smoke_pair|smoke_001|CA|3|150,3,,,,0
synthetic,smoke_pair,smoke_pair,train,smoke_pair,smoke_001,15.000,150,CB,smoke_pair|smoke_001|CB|3|150,3,,,,0
synthetic,smoke_pair,smoke_pair,train,smoke_pair,smoke_001,15.000,150,CA,smoke_pair|smoke_001|CA|4|150,4,,,,0
synthetic,smoke_pair,smoke_pair,train,smoke_pair,smoke_001,15.000,150,CB,smoke_pair|smoke_001|CB|4|150,4,,,,0
synthetic,smoke_pair,smoke_pair,train,smoke_pair,smoke_001,15.000,150,CA,smoke_pair|smoke_001|CA|5|150,5,,,,0
synthetic,smoke_pair,smoke_pair,train,smoke_pair,smoke_001,15.000,150,CB,smoke_pair|smoke_001|CB|5|150,5,,,,0
synthetic,smoke_pair,smoke_pair,train,smoke_pair,smoke_001,15.000,150,CA,smoke_pair|smoke_001|CA|6|150,6,,,,0
synthetic,smoke_pair,smoke_pair,train,smoke_pair,smoke_001,15.000,150,CB,smoke_pair|smoke_001|CB|6|150,6,,,,0
synthetic,smoke_pair,smoke_pair,train,smoke_pair,smoke_001,15.000,150,CA,smoke_pair|smoke_001|CA|7|150,7,,,,0
synthetic,smoke_pair,smoke_pair,train,smoke_pair,smoke_001,15.000,150,CB,smoke_pair|smoke_001|CB|7|150,7,,,,0
synthetic,smoke_pair,smoke_pair,train,smoke_pair,smoke_001,15.000,150,CA,smoke_pair|smoke_001|CA|8|150,8,,,,0
synthetic,smoke_pair,smoke_pair,train,smoke_pair,smoke_001,15.000,150,CB,smoke_pair|smoke_001|CB|8|150,8,,,,0
synthetic,smoke_pair,smoke_pair,train,smoke_pair,smoke_001,15.100,151,CA,smoke_pair|smoke_001|CA|1|151,1,,,,0
synthetic,smoke_pair,smoke_pair,train,smoke_pair,smoke_001,15.100,151,CB,smoke_pair|smoke_001|CB|1|151,1,,,,0
synthetic,smoke_pair,smoke_pair,train,smoke_pair,smoke_001,15.100,151,CA,smoke_pair|smoke_001|CA|2|151,2,,,,0
synthetic,smoke_pair,smoke_pair,train,smoke_pair,smoke_001,15.100,151,CB,smoke_pair|smoke_001|CB|2|151,2,,,,0
synthetic,smoke_pair,smoke_pair,train,smoke_pair,smoke_001,15.100,151,CA,smoke_pair|smoke_001|CA|3|151,3,,,,0
synthetic,smoke_pair,smoke_pair,train,smoke_pair,smoke_001,15.100,151,CB,smoke_pair|smoke_001|CB|3|151,3,,,,0
synthetic,smoke_pair,smoke_pair,train,smoke_pair,smoke_001,15.100,151,CA,smoke_pair|smoke_001|CA|4|151,4,,,,0
synthetic,smoke_pair,smoke_pair,train,smoke_pair,smoke_001,15.100,151,CB,smoke_pair|smoke_001|CB|4|151,4,,,,0
synthetic,smoke_pair,smoke_pair,train,smoke_pair,smoke_001,15.100,151,CA,smoke_pair|smoke_001|CA|5|151,5,,,,0
synthetic,smoke_pair,smoke_pair,train,smoke_pair,smoke_001,15.100,151,CB,smoke_pair|smoke_001|CB|5|151,5,,,,0
synthetic,smoke_pair,smoke_pair,train,smoke_pair,smoke_001,15.100,151,CA,smoke_pair|smoke_001|CA|6|151,6,,,,0
synthetic,smoke_pair,smoke_pair,train,smoke_pair,smoke_001,15.100,151,CB,smoke_pair|smoke_001|CB|6|151,6,,,,0
synthetic,smoke_pair,smoke_pair,train,smoke_pair,smoke_001,15.100,151,CA,smoke_pair|smoke_001|CA|7|151,7,,,,0
synthetic,smoke_pair,smoke_pair,train,smoke_pair,smoke_001,15.100,151,CB,smoke_pair|smoke_001|CB|7|151,7,,,,0
synthetic,smoke_pair,smoke_pair,train,smoke_pair,smoke_001,15.100,151,CA,smoke_pair|smoke_001|CA|8|151,8,,,,0
synthetic,smoke_pair,smoke_pair,train,smoke_pair,smoke_001,15.100,151,CB,smoke_pair|smoke_001|CB|8|151,8,,,,0
synthetic,smoke_pair,smoke_pair,train,smoke_pair,smoke_001,15.200,152,CA,smoke_pair|smoke_001|CA|1|152,1,,,,0
synthetic,smoke_pair,smoke_pair,train,smoke_pair,smoke_001,15.200,152,CB,smoke_pair|smoke_001|CB|1|152,1,,,,0
synthetic,smoke_pair,smoke_pair,train,smoke_pair,smoke_001,15.200,152,CA,smoke_pair|smoke_001|CA|2|152,2,,,,0
synthetic,smoke_pair,smoke_pair,train,smoke_pair,smoke_001,15.200,152,CB,smoke_pair|smoke_001|CB|2|152,2,,,,0
synthetic,smoke_pair,smoke_pair,train,smoke_pair,smoke_001,15.200,152,CA,smoke_pair|smoke_001|CA|3|152,3,,,,0
synthetic,smoke_pair,smoke_pair,train,smoke_pair,smoke_001,15.200,152,CB,smoke_pair|smoke_001|CB|3|152,3,,,,0
synthetic,smoke_pair,smoke_pair,train,smoke_pair,smoke_001,15.200,152,CA,smoke_pair|smoke_001|CA|4|152,4,,,,0
synthetic,smoke_pair,smoke_pair,train,smoke_pair,smoke_001,15.200,152,CB,smoke_pair|smoke_001|CB|4|152,4,,,,0
synthetic,smoke_pair,smoke_pair,train,smoke_pair,smoke_001,15.200,152,CA,smoke_pair|smoke_001|CA|5|152,5,,,,0
synthetic,smoke_pair,smoke_pair,train,smoke_pair,smoke_001,15.200,152,CB,smoke_pair|smoke_001|CB|5|152,5,,,,0
synthetic,smoke_pair,smoke_pair,train,smoke_pair,smoke_001,15.200,152,CA,smoke_pair|smoke_001|CA|6|152,6,,,,0
synthetic,smoke_pair,smoke_pair,train,smoke_pair,smoke_001,15.200,152,CB,smoke_pair|smoke_001|CB|6|152,6,,,,0
synthetic,smoke_pair,smoke_pair,train,smoke_pair,smoke_001,15.200,152,CA,smoke_pair|smoke_001|CA|7|152,7,,,,0
synthetic,smoke_pair,smoke_pair,train,smoke_pair,smoke_001,15.200,152,CB,smoke_pair|smoke_001|CB|7|152,7,,,,0
synthetic,smoke_pair,smoke_pair,train,smoke_pair,smoke_001,15.200,152,CA,smoke_pair|smoke_001|CA|8|152,8,,,,0
synthetic,smoke_pair,smoke_pair,train,smoke_pair,smoke_001,15.200,152,CB,smoke_pair|smoke_001|CB|8|152,8,,,,0
synthetic,smoke_pair,smoke_pair,train,smoke_pair,smoke_001,15.300,153,CA,smoke_pair|smoke_001|CA|1|153,1,,,,0
synthetic,smoke_pair,smoke_pair,train,smoke_pair,smoke_001,15.300,153,CB,smoke_pair|smoke_001|CB|1|153,1,,,,0
synthetic,smoke_pair,smoke_pair,train,smoke_pair,smoke_001,15.300,153,CA,smoke_pair|smoke_001|CA|2|153,2,,,,0
synthetic,smoke_pair,smoke_pair,train,smoke_pair,smoke_001,15.300,153,CB,smoke_pair|smoke_001|CB|2|153,2,,,,0
synthetic,smoke_pair,smoke_pair,train,smoke_pair,smoke_001,15.300,153,CA,smoke_pair|smoke_001|CA|3|153,3,,,,0
synthetic,smoke_pair,smoke_pair,train,smoke_pair,smoke_001,15.300,153,CB,smoke_pair|smoke_001|CB|3|153,3,,,,0
synthetic,smoke_pair,smoke_pair,train,smoke_pair,smoke_001,15.300,153,CA,smoke_pair|smoke_001|CA|4|153,4,,,,0
synthetic,smoke_pair,smoke_pair,train,smoke_pair,smoke_001,15.300,153,CB,smoke_pair|smoke_001|CB|4|153,4,,,,0
synthetic,smoke_pair,smoke_pair,train,smoke_pair,smoke_001,15.300,153,CA,smoke_pair|smoke_001|CA|5|153,5,,,,0
synthetic,smoke_pair,smoke_pair,train,smoke_pair,smoke_001,15.300,153,CB,smoke_pair|smoke_001|CB|5|153,5,,,,0
synthetic,smoke_pair,smoke_pair,train,smoke_pair,smoke_001,15.300,153,CA,smoke_pair|smoke_001|CA|6|153,6,,,,0
synthetic,smoke_pair,smoke_pair,train,smoke_pair,smoke_001,15.300,153,CB,smoke_pair|smoke_001|CB|6|153,6,,,,0
synthetic,smoke_pair,smoke_pair,train,smoke_pair,smoke_001,15.300,153,CA,smoke_pair|smoke_001|CA|7|153,7,,,,0
synthetic,smoke_pair,smoke_pair,train,smoke_pair,smoke_001,15.300,153,CB,smoke_pair|smoke_001|CB|7|153,7,,,,0
synthetic,smoke_pair,smoke_pair,train,smoke_pair,smoke_001,15.300,153,CA,smoke_pair|smoke_001|CA|8|153,8,,,,0
synthetic,smoke_pair,smoke_pair,train,smoke_pair,smoke_001,15.300,153,CB,smoke_pair|smoke_001|CB|8|153,8,,,,0
synthetic,smoke_pair,smoke_pair,train,smoke_pair,smoke_001,15.400,154,CA,smoke_pair|smoke_001|CA|1|154,1,,,,0
synthetic,smoke_pair,smoke_pair,train,smoke_pair,smoke_001,15.400,154,CB,smoke_pair|smoke_001|CB|1|154,1,,,,0
synthetic,smoke_pair,smoke_pair,train,smoke_pair,smoke_001,15.400,154,CA,smoke_pair|smoke_001|CA|2|154,2,,,,0
synthetic,smoke_pair,smoke_pair,train,smoke_pair,smoke_001,15.400,154,CB,smoke_pair|smoke_001|CB|2|154,2,,,,0
synthetic,smoke_pair,smoke_pair,train,smoke_pair,smoke_001,15.400,154,CA,smoke_pair|smoke_001|CA|3|154,3,,,,0
synthetic,smoke_pair,smoke_pair,train,smoke_pair,smoke_001,15.400,154,CB,smoke_pair|smoke_001|CB|3|154,3,,,,0
synthetic,smoke_pair,smoke_pair,train,smoke_pair,smoke_001,15.400,154,CA,smoke_pair|smoke_001|CA|4|154,4,,,,0
synthetic,smoke_pair,smoke_pair,train,smoke_pair,smoke_001,15.400,154,CB,smoke_pair|smoke_001|CB|4|154,4,,,,0
synthetic,smoke_pair,smoke_pair,train,smoke_pair,smoke_001,15.400,154,CA,smoke_pair|smoke_001|CA|5|154,5,,,,0
synthetic,smoke_pair,smoke_pair,train,smoke_pair,smoke_001,15.400,154,CB,smoke_pair|smoke_001|CB|5|154,5,,,,0
synthetic,smoke_pair,smoke_pair,train,smoke_pair,smoke_001,15.400,154,CA,smoke_pair|smoke_001|CA|6|154,6,,,,0
synthetic,smoke_pair,smoke_pair,train,smoke_pair,smoke_001,15.400,154,CB,smoke_pair|smoke_001|CB|6|154,6,,,,0
synthetic,smoke_pair,smoke_pair,train,smoke_pair,smoke_001,15.400,154,CA,smoke_pair|smoke_001|CA|7|154,7,,,,0
synthetic,smoke_pair,smoke_pair,train,smoke_pair,smoke_001,15.400,154,CB,smoke_pair|smoke_001|CB|7|154,7,,,,0
synthetic,smoke_pair,smoke_pair,train,smoke_pair,smoke_001,15.400,154,CA,smoke_pair|smoke_001|CA|8|154,8,,,,0
synthetic,smoke_pair,smoke_pair,train,smoke_pair,smoke_001,15.400,154,CB,smoke_pair|smoke_001|CB|8|154,8,,,,0
synthetic,smoke_pair,smoke_pair,train,smoke_pair,smoke_001,15.500,155,CA,smoke_pair|smoke_001|CA|1|155,1,,,,0
synthetic,smoke_pair,smoke_pair,train,smoke_pair,smoke_001,15.500,155,CB,smoke_pair|smoke_001|CB|1|155,1,,,,0
synthetic,smoke_pair,smoke_pair,train,smoke_pair,smoke_001,15.500,155,CA,smoke_pair|smoke_001|CA|2|155,2,,,,0
synthetic,smoke_pair,smoke_pair,train,smoke_pair,smoke_001,15.500,155,CB,smoke_pair|smoke_001|CB|2|155,2,,,,0
synthetic,smoke_pair,smoke_pair,train,smoke_pair,smoke_001,15.500,155,CA,smoke_pair|smoke_001|CA|3|155,3,,,,0
synthetic,smoke_pair,smoke_pair,train,smoke_pair,smoke_001,15.500,155,CB,smoke_pair|smoke_001|CB|3|155,3,,,,0
synthetic,smoke_pair,smoke_pair,train,smoke_pair,smoke_001,15.500,155,CA,smoke_pair|smoke_001|CA|4|155,4,,,,0
synthetic,smoke_pair,smoke_pair,train,smoke_pair,smoke_001,15.500,155,CB,smoke_pair|smoke_001|CB|4|155,4,,,,0
synthetic,smoke_pair,smoke_pair,train,smoke_pair,smoke_001,15.500,155,CA,smoke_pair|smoke_001|CA|5|155,5,,,,0
synthetic,smoke_pair,smoke_pair,train,smoke_pair,smoke_001,15.500,155,CB,smoke_pair|smoke_001|CB|5|155,5,,,,0
synthetic,smoke_pair,smoke_pair,train,smoke_pair,smoke_001,15.500,155,CA,smoke_pair|smoke_001|CA|6|155,6,,,,0
synthetic,smoke_pair,smoke_pair,train,smoke_pair,smoke_001,15.500,155,CB,smoke_pair|smoke_001|CB|6|155,6,,,,0
synthetic,smoke_pair,smoke_pair,train,smoke_pair,smoke_001,15.500,155,CA,smoke_pair|smoke_001|CA|7|155,7,,,,0
synthetic,smoke_pair,smoke_pair,train,smoke_pair,smoke_001,15.500,155,CB,smoke_pair|smoke_001|CB|7|155,7,,,,0
synthetic,smoke_pair,smoke_pair,train,smoke_pair,smoke_001,15.500,155,CA,smoke_pair|smoke_001|CA|8|155,8,,,,0
synthetic,smoke_pair,smoke_pair,train,smoke_pair,smoke_001,15.500,155,CB,smoke_pair|smoke_001|CB|8|155,8,,,,0
synthetic,smoke_pair,smoke_pair,train,smoke_pair,smoke_001,15.600,156,CA,smoke_pair|smoke_001|CA|1|156,1,,,,0
synthetic,smoke_pair,smoke_pair,train,smoke_pair,smoke_001,15.600,156,CB,smoke_pair|smoke_001|CB|1|156,1,,,,0
synthetic,smoke_pair,smoke_pair,train,smoke_pair,smoke_001,15.600,156,CA,smoke_pair|smoke_001|CA|2|156,2,,,,0
synthetic,smoke_pair,smoke_pair,train,smoke_pair,smoke_001,15.600,156,CB,smoke_pair|smoke_001|CB|2|156,2,,,,0
synthetic,smoke_pair,smoke_pair,train,smoke_pair,smoke_001,15.600,156,CA,smoke_pair|smoke_001|CA|3|156,3,,,,0
synthetic,smoke_pair,smoke_pair,train,smoke_pair,smoke_001,15.600,156,CB,smoke_pair|smoke_001|CB|3|156,3,,,,0
synthetic,smoke_pair,smoke_pair,train,smoke_pair,smoke_001,15.600,156,CA,smoke_pair|smoke_001|CA|4|156,4,,,,0
synthetic,smoke_pair,smoke_pair,train,smoke_pair,smoke_001,15.600,156,CB,smoke_pair|smoke_001|CB|4|156,4,,,,0
synthetic,smoke_pair,smoke_pair,train,smoke_pair,smoke_001,15.600,156,CA,smoke_pair|smoke_001|CA|5|156,5,,,,0
synthetic,smoke_pair,smoke_pair,train,smoke_pair,smoke_001,15.600,156,CB,smoke_pair|smoke_001|CB|5|156,5,,,,0
synthetic,smoke_pair,smoke_pair,train,smoke_pair,smoke_001,15.600,156,CA,smoke_pair|smoke_001|CA|6|156,6,,,,0
synthetic,smoke_pair,smoke_pair,train,smoke_pair,smoke_001,15.600,156,CB,smoke_pair|smoke_001|CB|6|156,6,,,,0
synthetic,smoke_pair,smoke_pair,train,smoke_pair,smoke_001,15.600,156,CA,smoke_pair|smoke_001|CA|7|156,7,,,,0
synthetic,smoke_pair,smoke_pair,train,smoke_pair,smoke_001,15.600,156,CB,smoke_pair|smoke_001|CB|7|156,7,,,,0
synthetic,smoke_pair,smoke_pair,train,smoke_pair,smoke_001,15.600,156,CA,smoke_pair|smoke_001|CA|8|156,8,,,,0
synthetic,smoke_pair,smoke_pair,train,smoke_pair,smoke_001,15.600,156,CB,smoke_pair|smoke_001|CB|8|156,8,,,,0
synthetic,smoke_pair,smoke_pair,train,smoke_pair,smoke_001,15.700,157,CA,smoke_pair|smoke_001|CA|1|157,1,,,,0
synthetic,smoke_pair,smoke_pair,train,smoke_pair,smoke_001,15.700,157,CB,smoke_pair|smoke_001|CB|1|157,1,,,,0
synthetic,smoke_pair,smoke_pair,train,smoke_pair,smoke_001,15.700,157,CA,smoke_pair|smoke_001|CA|2|157,2,,,,0
synthetic,smoke_pair,smoke_pair,train,smoke_pair,smoke_001,15.700,157,CB,smoke_pair|smoke_001|CB|2|157,2,,,,0
synthetic,smoke_pair,smoke_pair,train,smoke_pair,smoke_001,15.700,157,CA,smoke_pair|smoke_001|CA|3|157,3,,,,0
synthetic,smoke_pair,smoke_pair,train,smoke_pair,smoke_001,15.700,157,CB,smoke_pair|smoke_001|CB|3|157,3,,,,0
synthetic,smoke_pair,smoke_pair,train,smoke_pair,smoke_001,15.700,157,CA,smoke_pair|smoke_001|CA|4|157,4,,,,0
synthetic,smoke_pair,smoke_pair,train,smoke_pair,smoke_001,15.700,157,CB,smoke_pair|smoke_001|CB|4|157,4,,,,0
synthetic,smoke_pair,smoke_pair,train,smoke_pair,smoke_001,15.700,157,CA,smoke_pair|smoke_001|CA|5|157,5,,,,0
synthetic,smoke_pair,smoke_pair,train,smoke_pair,smoke_001,15.700,157,CB,smoke_pair|smoke_001|CB|5|157,5,,,,0
synthetic,smoke_pair,smoke_pair,train,smoke_pair,smoke_001,15.700,157,CA,smoke_pair|smoke_001|CA|6|157,6,,,,0
synthetic,smoke_pair,smoke_pair,train,smoke_pair,smoke_001,15.700,157,CB,smoke_pair|smoke_001|CB|6|157,6,,,,0
synthetic,smoke_pair,smoke_pair,train,smoke_pair,smoke_001,15.700,157,CA,smoke_pair|smoke_001|CA|7|157,7,,,,0
synthetic,smoke_pair,smoke_pair,train,smoke_pair,smoke_001,15.700,157,CB,smoke_pair|smoke_001|CB|7|157,7,,,,0
synthetic,smoke_pair,smoke_pair,train,smoke_pair,smoke_001,15.700,157,CA,smoke_pair|smoke_001|CA|8|157,8,,,,0
synthetic,smoke_pair,smoke_pair,train,smoke_pair,smoke_001,15.700,157,CB,smoke_pair|smoke_001|CB|8|157,8,,,,0
synthetic,smoke_pair,smoke_pair,train,smoke_pair,smoke_001,15.800,158,CA,smoke_pair|smoke_001|CA|1|158,1,,,,0
synthetic,smoke_pair,smoke_pair,train,smoke_pair,smoke_001,15.800,158,CB,smoke_pair|smoke_001|CB|1|158,1,,,,0
synthetic,smoke_pair,smoke_pair,train,smoke_pair,smoke_001,15.800,158,CA,smoke_pair|smoke_001|CA|2|158,2,,,,0
synthetic,smoke_pair,smoke_pair,train,smoke_pair,smoke_001,15.800,158,CB,smoke_pair|smoke_001|CB|2|158,2,,,,0
synthetic,smoke_pair,smoke_pair,train,smoke_pair,smoke_001,15.800,158,CA,smoke_pair|smoke_001|CA|3|158,3,,,,0
synthetic,smoke_pair,smoke_pair,train,smoke_pair,smoke_001,15.800,158,CB,smoke_pair|smoke_001|CB|3|158,3,,,,0
synthetic,smoke_pair,smoke_pair,train,smoke_pair,smoke_001,15.800,158,CA,smoke_pair|smoke_001|CA|4|158,4,,,,0
synthetic,smoke_pair,smoke_pair,train,smoke_pair,smoke_001,15.800,158,CB,smoke_pair|smoke_001|CB|4|158,4,,,,0
synthetic,smoke_pair,smoke_pair,train,smoke_pair,smoke_001,15.800,158,CA,smoke_pair|smoke_001|CA|5|158,5,,,,0
synthetic,smoke_pair,smoke_pair,train,smoke_pair,smoke_001,15.800,158,CB,smoke_pair|smoke_001|CB|5|158,5,,,,0
synthetic,smoke_pair,smoke_pair,train,smoke_pair,smoke_001,15.800,158,CA,smoke_pair|smoke_001|CA|6|158,6,,,,0
synthetic,smoke_pair,smoke_pair,train,smoke_pair,smoke_001,15.800,158,CB,smoke_pair|smoke_001|CB|6|158,6,,,,0
synthetic,smoke_pair,smoke_pair,train,smoke_pair,smoke_001,15.800,158,CA,smoke_pair|smoke_001|CA|7|158,7,,,,0
synthetic,smoke_pair,smoke_pair,train,smoke_pair,smoke_001,15.800,158,CB,smoke_pair|smoke_001|CB|7|158,7,,,,0
synthetic,smoke_pair,smoke_pair,train,smoke_pair,smoke_001,15.800,158,CA,smoke_pair|smoke_001|CA|8|158,8,,,,0
synthetic,smoke_pair,smoke_pair,train,smoke_pair,smoke_001,15.800,158,CB,smoke_pair|smoke_001|CB|8|158,8,,,,0
synthetic,smoke_pair,smoke_pair,train,smoke_pair,smoke_001,15.900,159,CA,smoke_pair|smoke_001|CA|1|159,1,,,,0
synthetic,smoke_pair,smoke_pair,train,smoke_pair,smoke_001,15.900,159,CB,smoke_pair|smoke_001|CB|1|159,1,,,,0
synthetic,smoke_pair,smoke_pair,train,smoke_pair,smoke_001,15.900,159,CA,smoke_pair|smoke_001|CA|2|159,2,,,,0
synthetic,smoke_pair,smoke_pair,train,smoke_pair,smoke_001,15.900,159,CB,smoke_pair|smoke_001|CB|2|159,2,,,,0
synthetic,smoke_pair,smoke_pair,train,smoke_pair,smoke_001,15.900,159,CA,smoke_pair|smoke_001|CA|3|159,3,,,,0
synthetic,smoke_pair,smoke_pair,train,smoke_pair,smoke_001,15.900,159,CB,smoke_pair|smoke_001|CB|3|159,3,,,,0
synthetic,smoke_pair,smoke_pair,train,smoke_pair,smoke_001,15.900,159,CA,smoke_pair|smoke_001|CA|4|159,4,,,,0
synthetic,smoke_pair,smoke_pair,train,smoke_pair,smoke_001,15.900,159,CB,smoke_pair|smoke_001|CB|4|159,4,,,,0
synthetic,smoke_pair,smoke_pair,train,smoke_pair,smoke_001,15.900,159,CA,smoke_pair|smoke_001|CA|5|159,5,,,,0
synthetic,smoke_pair,smoke_pair,train,smoke_pair,smoke_001,15.900,159,CB,smoke_pair|smoke_001|CB|5|159,5,,,,0
synthetic,smoke_pair,smoke_pair,train,smoke_pair,smoke_001,15.900,159,CA,smoke_pair|smoke_001|CA|6|159,6,,,,0
synthetic,smoke_pair,smoke_pair,train,smoke_pair,smoke_001,15.900,159,CB,smoke_pair|smoke_001|CB|6|159,6,,,,0
synthetic,smoke_pair,smoke_pair,train,smoke_pair,smoke_001,15.900,159,CA,smoke_pair|smoke_001|CA|7|159,7,,,,0
synthetic,smoke_pair,smoke_pair,train,smoke_pair,smoke_001,15.900,159,CB,smoke_pair|smoke_001|CB|7|159,7,,,,0
synthetic,smoke_pair,smoke_pair,train,smoke_pair,smoke_001,15.900,159,CA,smoke_pair|smoke_001|CA|8|159,8,,,,0
synthetic,smoke_pair,smoke_pair,train,smoke_pair,smoke_001,15.900,159,CB,smoke_pair|smoke_001|CB|8|159,8,,,,0
synthetic,smoke_pair,smoke_pair,train,smoke_pair,smoke_001,16.000,160,CA,smoke_pair|smoke_001|CA|1|160,1,,,,0
synthetic,smoke_pair,smoke_pair,train,smoke_pair,smoke_001,16.000,160,CB,smoke_pair|smoke_001|CB|1|160,1,,,,0
synthetic,smoke_pair,smoke_pair,train,smoke_pair,smoke_001,16.000,160,CA,smoke_pair|smoke_001|CA|2|160,2,,,,0
synthetic,smoke_pair,smoke_pair,train,smoke_pair,smoke_001,16.000,160,CB,smoke_pair|smoke_001|CB|2|160,2,,,,0
synthetic,smoke_pair,smoke_pair,train,smoke_pair,smoke_001,16.000,160,CA,smoke_pair|smoke_001|CA|3|160,3,,,,0
synthetic,smoke_pair,smoke_pair,train,smoke_pair,smoke_001,16.000,160,CB,smoke_pair|smoke_001|CB|3|160,3,,,,0
synthetic,smoke_pair,smoke_pair,train,smoke_pair,smoke_001,16.000,160,CA,smoke_pair|smoke_001|CA|4|160,4,,,,0
synthetic,smoke_pair,smoke_pair,train,smoke_pair,smoke_001,16.000,160,CB,smoke_pair|smoke_001|CB|4|160,4,,,,0
synthetic,smoke_pair,smoke_pair,train,smoke_pair,smoke_001,16.000,160,CA,smoke_pair|smoke_001|CA|5|160,5,,,,0
synthetic,smoke_pair,smoke_pair,train,smoke_pair,smoke_001,16.000,160,CB,smoke_pair|smoke_001|CB|5|160,5,,,,0
synthetic,smoke_pair,smoke_pair,train,smoke_pair,smoke_001,16.000,160,CA,smoke_pair|smoke_001|CA|6|160,6,,,,0
synthetic,smoke_pair,smoke_pair,train,smoke_pair,smoke_001,16.000,160,CB,smoke_pair|smoke_001|CB|6|160,6,,,,0
synthetic,smoke_pair,smoke_pair,train,smoke_pair,smoke_001,16.000,160,CA,smoke_pair|smoke_001|CA|7|160,7,,,,0
synthetic,smoke_pair,smoke_pair,train,smoke_pair,smoke_001,16.000,160,CB,smoke_pair|smoke_001|CB|7|160,7,,,,0
synthetic,smoke_pair,smoke_pair,train,smoke_pair,smoke_001,16.000,160,CA,smoke_pair|smoke_001|CA|8|160,8,,,,0
synthetic,smoke_pair,smoke_pair,train,smoke_pair,smoke_001,16.000,160,CB,smoke_pair|smoke_001|CB|8|160,8,,,,0
synthetic,smoke_pair,smoke_pair,train,smoke_pair,smoke_001,16.100,161,CA,smoke_pair|smoke_001|CA|1|161,1,,,,0
synthetic,smoke_pair,smoke_pair,train,smoke_pair,smoke_001,16.100,161,CB,smoke_pair|smoke_001|CB|1|161,1,,,,0
synthetic,smoke_pair,smoke_pair,train,smoke_pair,smoke_001,16.100,161,CA,smoke_pair|smoke_001|CA|2|161,2,,,,0
synthetic,smoke_pair,smoke_pair,train,smoke_pair,smoke_001,16.100,161,CB,smoke_pair|smoke_001|CB|2|161,2,,,,0
synthetic,smoke_pair,smoke_pair,train,smoke_pair,smoke_001,16.100,161,CA,smoke_pair|smoke_001|CA|3|161,3,,,,0
synthetic,smoke_pair,smoke_pair,train,smoke_pair,smoke_001,16.100,161,CB,smoke_pair|smoke_001|CB|3|161,3,,,,0
synthetic,smoke_pair,smoke_pair,train,smoke_pair,smoke_001,16.100,161,CA,smoke_pair|smoke_001|CA|4|161,4,,,,0
synthetic,smoke_pair,smoke_pair,train,smoke_pair,smoke_001,16.100,161,CB,smoke_pair|smoke_001|CB|4|161,4,,,,0
synthetic,smoke_pair,smoke_pair,train,smoke_pair,smoke_001,16.100,161,CA,smoke_pair|smoke_001|CA|5|161,5,,,,0
synthetic,smoke_pair,smoke_pair,train,smoke_pair,smoke_001,16.100,161,CB,smoke_pair|smoke_001|CB|5|161,5,,,,0
synthetic,smoke_pair,smoke_pair,train,smoke_pair,smoke_001,16.100,161,CA,smoke_pair|smoke_001|CA|6|161,6,,,,0
synthetic,smoke_pair,smoke_pair,train,smoke_pair,smoke_001,16.100,161,CB,smoke_pair|smoke_001|CB|6|161,6,,,,0
synthetic,smoke_pair,smoke_pair,train,smoke_pair,smoke_001,16.100,161,CA,smoke_pair|smoke_001|CA|7|161,7,,,,0
synthetic,smoke_pair,smoke_pair,train,smoke_pair,smoke_001,16.100,161,CB,smoke_pair|smoke_001|CB|7|161,7,,,,0
synthetic,smoke_pair,smoke_pair,train,smoke_pair,smoke_001,16.100,161,CA,smoke_pair|smoke_001|CA|8|161,8,,,,0
synthetic,smoke_pair,smoke_pair,train,smoke_pair,smoke_001,16.100,161,CB,smoke_pair|smoke_001|CB|8|161,8,,,,0
synthetic,smoke_pair,smoke_pair,train,smoke_pair,smoke_001,16.200,162,CA,smoke_pair|smoke_001|CA|1|162,1,,,,0
synthetic,smoke_pair,smoke_pair,train,smoke_pair,smoke_001,16.200,162,CB,smoke_pair|smoke_001|CB|1|162,1,,,,0
synthetic,smoke_pair,smoke_pair,train,smoke_pair,smoke_001,16.200,162,CA,smoke_pair|smoke_001|CA|2|162,2,,,,0
synthetic,smoke_pair,smoke_pair,train,smoke_pair,smoke_001,16.200,162,CB,smoke_pair|smoke_001|CB|2|162,2,,,,0
synthetic,smoke_pair,smoke_pair,train,smoke_pair,smoke_001,16.200,162,CA,smoke_pair|smoke_001|CA|3|162,3,,,,0
synthetic,smoke_pair,smoke_pair,train,smoke_pair,smoke_001,16.200,162,CB,smoke_pair|smoke_001|CB|3|162,3,,,,0
synthetic,smoke_pair,smoke_pair,train,smoke_pair,smoke_001,16.200,162,CA,smoke_pair|smoke_001|CA|4|162,4,,,,0
synthetic,smoke_pair,smoke_pair,train,smoke_pair,smoke_001,16.200,162,CB,smoke_pair|smoke_001|CB|4|162,4,,,,0
synthetic,smoke_pair,smoke_pair,train,smoke_pair,smoke_001,16.200,162,CA,smoke_pair|smoke_001|CA|5|162,5,,,,0
synthetic,smoke_pair,smoke_pair,train,smoke_pair,smoke_001,16.200,162,CB,smoke_pair|smoke_001|CB|5|162,5,,,,0
synthetic,smoke_pair,smoke_pair,train,smoke_pair,smoke_001,16.200,162,CA,smoke_pair|smoke_001|CA|6|162,6,,,,0
synthetic,smoke_pair,smoke_pair,train,smoke_pair,smoke_001,16.200,162,CB,smoke_pair|smoke_001|CB|6|162,6,,,,0
synthetic,smoke_pair,smoke_pair,train,smoke_pair,smoke_001,16.200,162,CA,smoke_pair|smoke_001|CA|7|162,7,,,,0
synthetic,smoke_pair,smoke_pair,train,smoke_pair,smoke_001,16.200,162,CB,smoke_pair|smoke_001|CB|7|162,7,,,,0
synthetic,smoke_pair,smoke_pair,train,smoke_pair,smoke_001,16.200,162,CA,smoke_pair|smoke_001|CA|8|162,8,,,,0
synthetic,smoke_pair,smoke_pair,train,smoke_pair,smoke_001,16.200,162,CB,smoke_pair|smoke_001|CB|8|162,8,,,,0
synthetic,smoke_pair,smoke_pair,train,smoke_pair,smoke_001,16.300,163,CA,smoke_pair|smoke_001|CA|1|163,1,,,,0
synthetic,smoke_pair,smoke_pair,train,smoke_pair,smoke_001,16.300,163,CB,smoke_pair|smoke_001|CB|1|163,1,,,,0
synthetic,smoke_pair,smoke_pair,train,smoke_pair,smoke_001,16.300,163,CA,smoke_pair|smoke_001|CA|2|163,2,,,,0
synthetic,smoke_pair,smoke_pair,train,smoke_pair,smoke_001,16.300,163,CB,smoke_pair|smoke_001|CB|2|163,2,,,,0
synthetic,smoke_pair,smoke_pair,train,smoke_pair,smoke_001,16.300,163,CA,smoke_pair|smoke_001|CA|3|163,3,,,,0
synthetic,smoke_pair,smoke_pair,train,smoke_pair,smoke_001,16.300,163,CB,smoke_pair|smoke_001|CB|3|163,3,,,,0
synthetic,smoke_pair,smoke_pair,train,smoke_pair,smoke_001,16.300,163,CA,smoke_pair|smoke_001|CA|4|163,4,,,,0
synthetic,smoke_pair,smoke_pair,train,smoke_pair,smoke_001,16.300,163,CB,smoke_pair|smoke_001|CB|4|163,4,,,,0
synthetic,smoke_pair,smoke_pair,train,smoke_pair,smoke_001,16.300,163,CA,smoke_pair|smoke_001|CA|5|163,5,,,,0
synthetic,smoke_pair,smoke_pair,train,smoke_pair,smoke_001,16.300,163,CB,smoke_pair|smoke_001|CB|5|163,5,,,,0
synthetic,smoke_pair,smoke_pair,train,smoke_pair,smoke_001,16.300,163,CA,smoke_pair|smoke_001|CA|6|163,6,,,,0
synthetic,smoke_pair,smoke_pair,train,smoke_pair,smoke_001,16.300,163,CB,smoke_pair|smoke_001|CB|6|163,6,,,,0
synthetic,smoke_pair,smoke_pair,train,smoke_pair,smoke_001,16.300,163,CA,smoke_pair|smoke_001|CA|7|163,7,,,,0
synthetic,smoke_pair,smoke_pair,train,smoke_pair,smoke_001,16.300,163,CB,smoke_pair|smoke_001|CB|7|163,7,,,,0
synthetic,smoke_pair,smoke_pair,train,smoke_pair,smoke_001,16.300,163,CA,smoke_pair|smoke_001|CA|8|163,8,,,,0
synthetic,smoke_pair,smoke_pair,train,smoke_pair,smoke_001,16.300,163,CB,smoke_pair|smoke_001|CB|8|163,8,,,,0
synthetic,smoke_pair,smoke_pair,train,smoke_pair,smoke_001,16.400,164,CA,smoke_pair|smoke_001|CA|1|164,1,,,,0
synthetic,smoke_pair,smoke_pair,train,smoke_pair,smoke_001,16.400,164,CB,smoke_pair|smoke_001|CB|1|164,1,,,,0
synthetic,smoke_pair,smoke_pair,train,smoke_pair,smoke_001,16.400,164,CA,smoke_pair|smoke_001|CA|2|164,2,,,,0
synthetic,smoke_pair,smoke_pair,train,smoke_pair,smoke_001,16.400,164,CB,smoke_pair|smoke_001|CB|2|164,2,,,,0
synthetic,smoke_pair,smoke_pair,train,smoke_pair,smoke_001,16.400,164,CA,smoke_pair|smoke_001|CA|3|164,3,,,,0
synthetic,smoke_pair,smoke_pair,train,smoke_pair,smoke_001,16.400,164,CB,smoke_pair|smoke_001|CB|3|164,3,,,,0
synthetic,smoke_pair,smoke_pair,train,smoke_pair,smoke_001,16.400,164,CA,smoke_pair|smoke_001|CA|4|164,4,,,,0
synthetic,smoke_pair,smoke_pair,train,smoke_pair,smoke_001,16.400,164,CB,smoke_pair|smoke_001|CB|4|164,4,,,,0
synthetic,smoke_pair,smoke_pair,train,smoke_pair,smoke_001,16.400,164,CA,smoke_pair|smoke_001|CA|5|164,5,,,,0
synthetic,smoke_pair,smoke_pair,train,smoke_pair,smoke_001,16.400,164,CB,smoke_pair|smoke_001|CB|5|164,5,,,,0
synthetic,smoke_pair,smoke_pair,train,smoke_pair,smoke_001,16.400,164,CA,smoke_pair|smoke_001|CA|6|164,6,,,,0
synthetic,smoke_pair,smoke_pair,train,smoke_pair,smoke_001,16.400,164,CB,smoke_pair|smoke_001|CB|6|164,6,,,,0
synthetic,smoke_pair,smoke_pair,train,smoke_pair,smoke_001,16.400,164,CA,smoke_pair|smoke_001|CA|7|164,7,,,,0
synthetic,smoke_pair,smoke_pair,train,smoke_pair,smoke_001,16.400,164,CB,smoke_pair|smoke_001|CB|7|164,7,,,,0
synthetic,smoke_pair,smoke_pair,train,smoke_pair,smoke_001,16.400,164,CA,smoke_pair|smoke_001|CA|8|164,8,,,,0
synthetic,smoke_pair,smoke_pair,train,smoke_pair,smoke_001,16.400,164,CB,smoke_pair|smoke_001|CB|8|164,8,,,,0
synthetic,smoke_pair,smoke_pair,train,smoke_pair,smoke_001,16.500,165,CA,smoke_pair|smoke_001|CA|1|165,1,,,,0
synthetic,smoke_pair,smoke_pair,train,smoke_pair,smoke_001,16.500,165,CB,smoke_pair|smoke_001|CB|1|165,1,,,,0
synthetic,smoke_pair,smoke_pair,train,smoke_pair,smoke_001,16.500,165,CA,smoke_pair|smoke_001|CA|2|165,2,,,,0
synthetic,smoke_pair,smoke_pair,train,smoke_pair,smoke_001,16.500,165,CB,smoke_pair|smoke_001|CB|2|165,2,,,,0
synthetic,smoke_pair,smoke_pair,train,smoke_pair,smoke_001,16.500,165,CA,smoke_pair|smoke_001|CA|3|165,3,,,,0
synthetic,smoke_pair,smoke_pair,train,smoke_pair,smoke_001,16.500,165,CB,smoke_pair|smoke_001|CB|3|165,3,,,,0
synthetic,smoke_pair,smoke_pair,train,smoke_pair,smoke_001,16.500,165,CA,smoke_pair|smoke_001|CA|4|165,4,,,,0
synthetic,smoke_pair,smoke_pair,train,smoke_pair,smoke_001,16.500,165,CB,smoke_pair|smoke_001|CB|4|165,4,,,,0
synthetic,smoke_pair,smoke_pair,train,smoke_pair,smoke_001,16.500,165,CA,smoke_pair|smoke_001|CA|5|165,5,,,,0
synthetic,smoke_pair,smoke_pair,train,smoke_pair,smoke_001,16.500,165,CB,smoke_pair|smoke_001|CB|5|165,5,,,,0
synthetic,smoke_pair,smoke_pair,train,smoke_pair,smoke_001,16.500,165,CA,smoke_pair|smoke_001|CA|6|165,6,,,,0
synthetic,smoke_pair,smoke_pair,train,smoke_pair,smoke_001,16.500,165,CB,smoke_pair|smoke_001|CB|6|165,6,,,,0
synthetic,smoke_pair,smoke_pair,train,smoke_pair,smoke_001,16.500,165,CA,smoke_pair|smoke_001|CA|7|165,7,,,,0
synthetic,smoke_pair,smoke_pair,train,smoke_pair,smoke_001,16.500,165,CB,smoke_pair|smoke_001|CB|7|165,7,,,,0
synthetic,smoke_pair,smoke_pair,train,smoke_pair,smoke_001,16.500,165,CA,smoke_pair|smoke_001|CA|8|165,8,,,,0
synthetic,smoke_pair,smoke_pair,train,smoke_pair,smoke_001,16.500,165,CB,smoke_pair|smoke_001|CB|8|165,8,,,,0
synthetic,smoke_pair,smoke_pair,train,smoke_pair,smoke_001,16.600,166,CA,smoke_pair|smoke_001|CA|1|166,1,,,,0
synthetic,smoke_pair,smoke_pair,train,smoke_pair,smoke_001,16.600,166,CB,smoke_pair|smoke_001|CB|1|166,1,,,,0
synthetic,smoke_pair,smoke_pair,train,smoke_pair,smoke_001,16.600,166,CA,smoke_pair|smoke_001|CA|2|166,2,,,,0
synthetic,smoke_pair,smoke_pair,train,smoke_pair,smoke_001,16.600,166,CB,smoke_pair|smoke_001|CB|2|166,2,,,,0
synthetic,smoke_pair,smoke_pair,train,smoke_pair,smoke_001,16.600,166,CA,smoke_pair|smoke_001|CA|3|166,3,,,,0
synthetic,smoke_pair,smoke_pair,train,smoke_pair,smoke_001,16.600,166,CB,smoke_pair|smoke_001|CB|3|166,3,,,,0
synthetic,smoke_pair,smoke_pair,train,smoke_pair,smoke_001,16.600,166,CA,smoke_pair|smoke_001|CA|4|166,4,,,,0
synthetic,smoke_pair,smoke_pair,train,smoke_pair,smoke_001,16.600,166,CB,smoke_pair|smoke_001|CB|4|166,4,,,,0
synthetic,smoke_pair,smoke_pair,train,smoke_pair,smoke_001,16.600,166,CA,smoke_pair|smoke_001|CA|5|166,5,,,,0
synthetic,smoke_pair,smoke_pair,train,smoke_pair,smoke_001,16.600,166,CB,smoke_pair|smoke_001|CB|5|166,5,,,,0
synthetic,smoke_pair,smoke_pair,train,smoke_pair,smoke_001,16.600,166,CA,smoke_pair|smoke_001|CA|6|166,6,,,,0
synthetic,smoke_pair,smoke_pair,train,smoke_pair,smoke_001,16.600,166,CB,smoke_pair|smoke_001|CB|6|166,6,,,,0
synthetic,smoke_pair,smoke_pair,train,smoke_pair,smoke_001,16.600,166,CA,smoke_pair|smoke_001|CA|7|166,7,,,,0
synthetic,smoke_pair,smoke_pair,train,smoke_pair,smoke_001,16.600,166,CB,smoke_pair|smoke_001|CB|7|166,7,,,,0
synthetic,smoke_pair,smoke_pair,train,smoke_pair,smoke_001,16.600,166,CA,smoke_pair|smoke_001|CA|8|166,8,,,,0
synthetic,smoke_pair,smoke_pair,train,smoke_pair,smoke_001,16.600,166,CB,smoke_pair|smoke_001|CB|8|166,8,,,,0
synthetic,smoke_pair,smoke_pair,train,smoke_pair,smoke_001,16.700,167,CA,smoke_pair|smoke_001|CA|1|167,1,,,,0
synthetic,smoke_pair,smoke_pair,train,smoke_pair,smoke_001,16.700,167,CB,smoke_pair|smoke_001|CB|1|167,1,,,,0
synthetic,smoke_pair,smoke_pair,train,smoke_pair,smoke_001,16.700,167,CA,smoke_pair|smoke_001|CA|2|167,2,,,,0
synthetic,smoke_pair,smoke_pair,train,smoke_pair,smoke_001,16.700,167,CB,smoke_pair|smoke_001|CB|2|167,2,,,,0
synthetic,smoke_pair,smoke_pair,train,smoke_pair,smoke_001,16.700,167,CA,smoke_pair|smoke_001|CA|3|167,3,,,,0
synthetic,smoke_pair,smoke_pair,train,smoke_pair,smoke_001,16.700,167,CB,smoke_pair|smoke_001|CB|3|167,3,,,,0
synthetic,smoke_pair,smoke_pair,train,smoke_pair,smoke_001,16.700,167,CA,smoke_pair|smoke_001|CA|4|167,4,,,,0
synthetic,smoke_pair,smoke_pair,train,smoke_pair,smoke_001,16.700,167,CB,smoke_pair|smoke_001|CB|4|167,4,,,,0
synthetic,smoke_pair,smoke_pair,train,smoke_pair,smoke_001,16.700,167,CA,smoke_pair|smoke_001|CA|5|167,5,,,,0
synthetic,smoke_pair,smoke_pair,train,smoke_pair,smoke_001,16.700,167,CB,smoke_pair|smoke_001|CB|5|167,5,,,,0
synthetic,smoke_pair,smoke_pair,train,smoke_pair,smoke_001,16.700,167,CA,smoke_pair|smoke_001|CA|6|167,6,,,,0
synthetic,smoke_pair,smoke_pair,train,smoke_pair,smoke_001,16.700,167,CB,smoke_pair|smoke_001|CB|6|167,6,,,,0
synthetic,smoke_pair,smoke_pair,train,smoke_pair,smoke_001,16.700,167,CA,smoke_pair|smoke_001|CA|7|167,7,,,,0
synthetic,smoke_pair,smoke_pair,train,smoke_pair,smoke_001,16.700,167,CB,smoke_pair|smoke_001|CB|7|167,7,,,,0
synthetic,smoke_pair,smoke_pair,train,smoke_pair,smoke_001,16.700,167,CA,smoke_pair|smoke_001|CA|8|167,8,,,,0
synthetic,smoke_pair,smoke_pair,train,smoke_pair,smoke_001,16.700,167,CB,smoke_pair|smoke_001|CB|8|167,8,,,,0
synthetic,smoke_pair,smoke_pair,train,smoke_pair,smoke_001,16.800,168,CA,smoke_pair|smoke_001|CA|1|168,1,,,,0
synthetic,smoke_pair,smoke_pair,train,smoke_pair,smoke_001,16.800,168,CB,smoke_pair|smoke_001|CB|1|168,1,,,,0
synthetic,smoke_pair,smoke_pair,train,smoke_pair,smoke_001,16.800,168,CA,smoke_pair|smoke_001|CA|2|168,2,,,,0
synthetic,smoke_pair,smoke_pair,train,smoke_pair,smoke_001,16.800,168,CB,smoke_pair|smoke_001|CB|2|168,2,,,,0
synthetic,smoke_pair,smoke_pair,train,smoke_pair,smoke_001,16.800,168,CA,smoke_pair|smoke_001|CA|3|168,3,,,,0
synthetic,smoke_pair,smoke_pair,train,smoke_pair,smoke_001,16.800,168,CB,smoke_pair|smoke_001|CB|3|168,3,,,,0
synthetic,smoke_pair,smoke_pair,train,smoke_pair,smoke_001,16.800,168,CA,smoke_pair|smoke_001|CA|4|168,4,,,,0
synthetic,smoke_pair,smoke_pair,train,smoke_pair,smoke_001,16.800,168,CB,smoke_pair|smoke_001|CB|4|168,4,,,,0
synthetic,smoke_pair,smoke_pair,train,smoke_pair,smoke_001,16.800,168,CA,smoke_pair|smoke_001|CA|5|168,5,,,,0
synthetic,smoke_pair,smoke_pair,train,smoke_pair,smoke_001,16.800,168,CB,smoke_pair|smoke_001|CB|5|168,5,,,,0
synthetic,smoke_pair,smoke_pair,train,smoke_pair,smoke_001,16.800,168,CA,smoke_pair|smoke_001|CA|6|168,6,,,,0
synthetic,smoke_pair,smoke_pair,train,smoke_pair,smoke_001,16.800,168,CB,smoke_pair|smoke_001|CB|6|168,6,,,,0
synthetic,smoke_pair,smoke_pair,train,smoke_pair,smoke_001,16.800,168,CA,smoke_pair|smoke_001|CA|7|168,7,,,,0
synthetic,smoke_pair,smoke_pair,train,smoke_pair,smoke_001,16.800,168,CB,smoke_pair|smoke_001|CB|7|168,7,,,,0
synthetic,smoke_pair,smoke_pair,train,smoke_pair,smoke_001,16.800,168,CA,smoke_pair|smoke_001|CA|8|168,8,,,,0
synthetic,smoke_pair,smoke_pair,train,smoke_pair,smoke_001,16.800,168,CB,smoke_pair|smoke_001|CB|8|168,8,,,,0
synthetic,smoke_pair,smoke_pair,train,smoke_pair,smoke_001,16.900,169,CA,smoke_pair|smoke_001|CA|1|169,1,,,,0
synthetic,smoke_pair,smoke_pair,train,smoke_pair,smoke_001,16.900,169,CB,smoke_pair|smoke_001|CB|1|169,1,,,,0
synthetic,smoke_pair,smoke_pair,train,smoke_pair,smoke_001,16.900,169,CA,smoke_pair|smoke_001|CA|2|169,2,,,,0
synthetic,smoke_pair,smoke_pair,train,smoke_pair,smoke_001,16.900,169,CB,smoke_pair|smoke_001|CB|2|169,2,,,,0
synthetic,smoke_pair,smoke_pair,train,smoke_pair,smoke_001,16.900,169,CA,smoke_pair|smoke_001|CA|3|169,3,,,,0
synthetic,smoke_pair,smoke_pair,train,smoke_pair,smoke_001,16.900,169,CB,smoke_pair|smoke_001|CB|3|169,3,,,,0
synthetic,smoke_pair,smoke_pair,train,smoke_pair,smoke_001,16.900,169,CA,smoke_pair|smoke_001|CA|4|169,4,,,,0
synthetic,smoke_pair,smoke_pair,train,smoke_pair,smoke_001,16.900,169,CB,smoke_pair|smoke_001|CB|4|169,4,,,,0
synthetic,smoke_pair,smoke_pair,train,smoke_pair,smoke_001,16.900,169,CA,smoke_pair|smoke_001|CA|5|169,5,,,,0
synthetic,smoke_pair,smoke_pair,train,smoke_pair,smoke_001,16.900,169,CB,smoke_pair|smoke_001|CB|5|169,5,,,,0
synthetic,smoke_pair,smoke_pair,train,smoke_pair,smoke_001,16.900,169,CA,smoke_pair|smoke_001|CA|6|169,6,,,,0
synthetic,smoke_pair,smoke_pair,train,smoke_pair,smoke_001,16.900,169,CB,smoke_pair|smoke_001|CB|6|169,6,,,,0
synthetic,smoke_pair,smoke_pair,train,smoke_pair,smoke_001,16.900,169,CA,smoke_pair|smoke_001|CA|7|169,7,,,,0
synthetic,smoke_pair,smoke_pair,train,smoke_pair,smoke_001,16.900,169,CB,smoke_pair|smoke_001|CB|7|169,7,,,,0
synthetic,smoke_pair,smoke_pair,train,smoke_pair,smoke_001,16.900,169,CA,smoke_pair|smoke_001|CA|8|169,8,,,,0
synthetic,smoke_pair,smoke_pair,train,smoke_pair,smoke_001,16.900,169,CB,smoke_pair|smoke_001|CB|8|169,8,,,,0
synthetic,smoke_pair,smoke_pair,train,smoke_pair,smoke_001,17.000,170,CA,smoke_pair|smoke_001|CA|1|170,1,,,,0
synthetic,smoke_pair,smoke_pair,train,smoke_pair,smoke_001,17.000,170,CB,smoke_pair|smoke_001|CB|1|170,1,,,,0
synthetic,smoke_pair,smoke_pair,train,smoke_pair,smoke_001,17.000,170,CA,smoke_pair|smoke_001|CA|2|170,2,,,,0
synthetic,smoke_pair,smoke_pair,train,smoke_pair,smoke_001,17.000,170,CB,smoke_pair|smoke_001|CB|2|170,2,,,,0
synthetic,smoke_pair,smoke_pair,train,smoke_pair,smoke_001,17.000,170,CA,smoke_pair|smoke_001|CA|3|170,3,,,,0
synthetic,smoke_pair,smoke_pair,train,smoke_pair,smoke_001,17.000,170,CB,smoke_pair|smoke_001|CB|3|170,3,,,,0
synthetic,smoke_pair,smoke_pair,train,smoke_pair,smoke_001,17.000,170,CA,smoke_pair|smoke_001|CA|4|170,4,,,,0
synthetic,smoke_pair,smoke_pair,train,smoke_pair,smoke_001,17.000,170,CB,smoke_pair|smoke_001|CB|4|170,4,,,,0
synthetic,smoke_pair,smoke_pair,train,smoke_pair,smoke_001,17.000,170,CA,smoke_pair|smoke_001|CA|5|170,5,,,,0
synthetic,smoke_pair,smoke_pair,train,smoke_pair,smoke_001,17.000,170,CB,smoke_pair|smoke_001|CB|5|170,5,,,,0
synthetic,smoke_pair,smoke_pair,train,smoke_pair,smoke_001,17.000,170,CA,smoke_pair|smoke_001|CA|6|170,6,,,,0
synthetic,smoke_pair,smoke_pair,train,smoke_pair,smoke_001,17.000,170,CB,smoke_pair|smoke_001|CB|6|170,6,,,,0
synthetic,smoke_pair,smoke_pair,train,smoke_pair,smoke_001,17.000,170,CA,smoke_pair|smoke_001|CA|7|170,7,,,,0
synthetic,smoke_pair,smoke_pair,train,smoke_pair,smoke_001,17.000,170,CB,smoke_pair|smoke_001|CB|7|170,7,,,,0
synthetic,smoke_pair,smoke_pair,train,smoke_pair,smoke_001,17.000,170,CA,smoke_pair|smoke_001|CA|8|170,8,,,,0
synthetic,smoke_pair,smoke_pair,train,smoke_pair,smoke_001,17.000,170,CB,smoke_pair|smoke_001|CB|8|170,8,,,,0
synthetic,smoke_pair,smoke_pair,train,smoke_pair,smoke_001,17.100,171,CA,smoke_pair|smoke_001|CA|1|171,1,,,,0
synthetic,smoke_pair,smoke_pair,train,smoke_pair,smoke_001,17.100,171,CB,smoke_pair|smoke_001|CB|1|171,1,,,,0
synthetic,smoke_pair,smoke_pair,train,smoke_pair,smoke_001,17.100,171,CA,smoke_pair|smoke_001|CA|2|171,2,,,,0
synthetic,smoke_pair,smoke_pair,train,smoke_pair,smoke_001,17.100,171,CB,smoke_pair|smoke_001|CB|2|171,2,,,,0
synthetic,smoke_pair,smoke_pair,train,smoke_pair,smoke_001,17.100,171,CA,smoke_pair|smoke_001|CA|3|171,3,,,,0
synthetic,smoke_pair,smoke_pair,train,smoke_pair,smoke_001,17.100,171,CB,smoke_pair|smoke_001|CB|3|171,3,,,,0
synthetic,smoke_pair,smoke_pair,train,smoke_pair,smoke_001,17.100,171,CA,smoke_pair|smoke_001|CA|4|171,4,,,,0
synthetic,smoke_pair,smoke_pair,train,smoke_pair,smoke_001,17.100,171,CB,smoke_pair|smoke_001|CB|4|171,4,,,,0
synthetic,smoke_pair,smoke_pair,train,smoke_pair,smoke_001,17.100,171,CA,smoke_pair|smoke_001|CA|5|171,5,,,,0
synthetic,smoke_pair,smoke_pair,train,smoke_pair,smoke_001,17.100,171,CB,smoke_pair|smoke_001|CB|5|171,5,,,,0
synthetic,smoke_pair,smoke_pair,train,smoke_pair,smoke_001,17.100,171,CA,smoke_pair|smoke_001|CA|6|171,6,,,,0
synthetic,smoke_pair,smoke_pair,train,smoke_pair,smoke_001,17.100,171,CB,smoke_pair|smoke_001|CB|6|171,6,,,,0
synthetic,smoke_pair,smoke_pair,train,smoke_pair,smoke_001,17.100,171,CA,smoke_pair|smoke_001|CA|7|171,7,,,,0
synthetic,smoke_pair,smoke_pair,train,smoke_pair,smoke_001,17.100,171,CB,smoke_pair|smoke_001|CB|7|171,7,,,,0
synthetic,smoke_pair,smoke_pair,train,smoke_pair,smoke_001,17.100,171,CA,smoke_pair|smoke_001|CA|8|171,8,,,,0
synthetic,smoke_pair,smoke_pair,train,smoke_pair,smoke_001,17.100,171,CB,smoke_pair|smoke_001|CB|8|171,8,,,,0
synthetic,smoke_pair,smoke_pair,train,smoke_pair,smoke_001,17.200,172,CA,smoke_pair|smoke_001|CA|1|172,1,,,,0
synthetic,smoke_pair,smoke_pair,train,smoke_pair,smoke_001,17.200,172,CB,smoke_pair|smoke_001|CB|1|172,1,,,,0
synthetic,smoke_pair,smoke_pair,train,smoke_pair,smoke_001,17.200,172,CA,smoke_pair|smoke_001|CA|2|172,2,,,,0
synthetic,smoke_pair,smoke_pair,train,smoke_pair,smoke_001,17.200,172,CB,smoke_pair|smoke_001|CB|2|172,2,,,,0
synthetic,smoke_pair,smoke_pair,train,smoke_pair,smoke_001,17.200,172,CA,smoke_pair|smoke_001|CA|3|172,3,,,,0
synthetic,smoke_pair,smoke_pair,train,smoke_pair,smoke_001,17.200,172,CB,smoke_pair|smoke_001|CB|3|172,3,,,,0
synthetic,smoke_pair,smoke_pair,train,smoke_pair,smoke_001,17.200,172,CA,smoke_pair|smoke_001|CA|4|172,4,,,,0
synthetic,smoke_pair,smoke_pair,train,smoke_pair,smoke_001,17.200,172,CB,smoke_pair|smoke_001|CB|4|172,4,,,,0
synthetic,smoke_pair,smoke_pair,train,smoke_pair,smoke_001,17.200,172,CA,smoke_pair|smoke_001|CA|5|172,5,,,,0
synthetic,smoke_pair,smoke_pair,train,smoke_pair,smoke_001,17.200,172,CB,smoke_pair|smoke_001|CB|5|172,5,,,,0
synthetic,smoke_pair,smoke_pair,train,smoke_pair,smoke_001,17.200,172,CA,smoke_pair|smoke_001|CA|6|172,6,,,,0
synthetic,smoke_pair,smoke_pair,train,smoke_pair,smoke_001,17.200,172,CB,smoke_pair|smoke_001|CB|6|172,6,,,,0
synthetic,smoke_pair,smoke_pair,train,smoke_pair,smoke_001,17.200,172,CA,smoke_pair|smoke_001|CA|7|172,7,,,,0
synthetic,smoke_pair,smoke_pair,train,smoke_pair,smoke_001,17.200,172,CB,smoke_pair|smoke_001|CB|7|172,7,,,,0
synthetic,smoke_pair,smoke_pair,train,smoke_pair,smoke_001,17.200,172,CA,smoke_pair|smoke_001|CA|8|172,8,,,,0
synthetic,smoke_pair,smoke_pair,train,smoke_pair,smoke_001,17.200,172,CB,smoke_pair|smoke_001|CB|8|172,8,,,,0
synthetic,smoke_pair,smoke_pair,train,smoke_pair,smoke_001,17.300,173,CA,smoke_pair|smoke_001|CA|1|173,1,,,,0
synthetic,smoke_pair,smoke_pair,train,smoke_pair,smoke_001,17.300,173,CB,smoke_pair|smoke_001|CB|1|173,1,,,,0
synthetic,smoke_pair,smoke_pair,train,smoke_pair,smoke_001,17.300,173,CA,smoke_pair|smoke_001|CA|2|173,2,,,,0
synthetic,smoke_pair,smoke_pair,train,smoke_pair,smoke_001,17.300,173,CB,smoke_pair|smoke_001|CB|2|173,2,,,,0
synthetic,smoke_pair,smoke_pair,train,smoke_pair,smoke_001,17.300,173,CA,smoke_pair|smoke_001|CA|3|173,3,,,,0
synthetic,smoke_pair,smoke_pair,train,smoke_pair,smoke_001,17.300,173,CB,smoke_pair|smoke_001|CB|3|173,3,,,,0
synthetic,smoke_pair,smoke_pair,train,smoke_pair,smoke_001,17.300,173,CA,smoke_pair|smoke_001|CA|4|173,4,,,,0
synthetic,smoke_pair,smoke_pair,train,smoke_pair,smoke_001,17.300,173,CB,smoke_pair|smoke_001|CB|4|173,4,,,,0
synthetic,smoke_pair,smoke_pair,train,smoke_pair,smoke_001,17.300,173,CA,smoke_pair|smoke_001|CA|5|173,5,,,,0
synthetic,smoke_pair,smoke_pair,train,smoke_pair,smoke_001,17.300,173,CB,smoke_pair|smoke_001|CB|5|173,5,,,,0
synthetic,smoke_pair,smoke_pair,train,smoke_pair,smoke_001,17.300,173,CA,smoke_pair|smoke_001|CA|6|173,6,,,,0
synthetic,smoke_pair,smoke_pair,train,smoke_pair,smoke_001,17.300,173,CB,smoke_pair|smoke_001|CB|6|173,6,,,,0
synthetic,smoke_pair,smoke_pair,train,smoke_pair,smoke_001,17.300,173,CA,smoke_pair|smoke_001|CA|7|173,7,,,,0
synthetic,smoke_pair,smoke_pair,train,smoke_pair,smoke_001,17.300,173,CB,smoke_pair|smoke_001|CB|7|173,7,,,,0
synthetic,smoke_pair,smoke_pair,train,smoke_pair,smoke_001,17.300,173,CA,smoke_pair|smoke_001|CA|8|173,8,,,,0
synthetic,smoke_pair,smoke_pair,train,smoke_pair,smoke_001,17.300,173,CB,smoke_pair|smoke_001|CB|8|173,8,,,,0
synthetic,smoke_pair,smoke_pair,train,smoke_pair,smoke_001,17.400,174,CA,smoke_pair|smoke_001|CA|1|174,1,,,,0
synthetic,smoke_pair,smoke_pair,train,smoke_pair,smoke_001,17.400,174,CB,smoke_pair|smoke_001|CB|1|174,1,,,,0
synthetic,smoke_pair,smoke_pair,train,smoke_pair,smoke_001,17.400,174,CA,smoke_pair|smoke_001|CA|2|174,2,,,,0
synthetic,smoke_pair,smoke_pair,train,smoke_pair,smoke_001,17.400,174,CB,smoke_pair|smoke_001|CB|2|174,2,,,,0
synthetic,smoke_pair,smoke_pair,train,smoke_pair,smoke_001,17.400,174,CA,smoke_pair|smoke_001|CA|3|174,3,,,,0
synthetic,smoke_pair,smoke_pair,train,smoke_pair,smoke_001,17.400,174,CB,smoke_pair|smoke_001|CB|3|174,3,,,,0
synthetic,smoke_pair,smoke_pair,train,smoke_pair,smoke_001,17.400,174,CA,smoke_pair|smoke_001|CA|4|174,4,,,,0
synthetic,smoke_pair,smoke_pair,train,smoke_pair,smoke_001,17.400,174,CB,smoke_pair|smoke_001|CB|4|174,4,,,,0
synthetic,smoke_pair,smoke_pair,train,smoke_pair,smoke_001,17.400,174,CA,smoke_pair|smoke_001|CA|5|174,5,,,,0
synthetic,smoke_pair,smoke_pair,train,smoke_pair,smoke_001,17.400,174,CB,smoke_pair|smoke_001|CB|5|174,5,,,,0
synthetic,smoke_pair,smoke_pair,train,smoke_pair,smoke_001,17.400,174,CA,smoke_pair|smoke_001|CA|6|174,6,,,,0
synthetic,smoke_pair,smoke_pair,train,smoke_pair,smoke_001,17.400,174,CB,smoke_pair|smoke_001|CB|6|174,6,,,,0
synthetic,smoke_pair,smoke_pair,train,smoke_pair,smoke_001,17.400,174,CA,smoke_pair|smoke_001|CA|7|174,7,,,,0
synthetic,smoke_pair,smoke_pair,train,smoke_pair,smoke_001,17.400,174,CB,smoke_pair|smoke_001|CB|7|174,7,,,,0
synthetic,smoke_pair,smoke_pair,train,smoke_pair,smoke_001,17.400,174,CA,smoke_pair|smoke_001|CA|8|174,8,,,,0
synthetic,smoke_pair,smoke_pair,train,smoke_pair,smoke_001,17.400,174,CB,smoke_pair|smoke_001|CB|8|174,8,,,,0
synthetic,smoke_pair,smoke_pair,train,smoke_pair,smoke_001,17.500,175,CA,smoke_pair|smoke_001|CA|1|175,1,,,,0
synthetic,smoke_pair,smoke_pair,train,smoke_pair,smoke_001,17.500,175,CB,smoke_pair|smoke_001|CB|1|175,1,,,,0
synthetic,smoke_pair,smoke_pair,train,smoke_pair,smoke_001,17.500,175,CA,smoke_pair|smoke_001|CA|2|175,2,,,,0
synthetic,smoke_pair,smoke_pair,train,smoke_pair,smoke_001,17.500,175,CB,smoke_pair|smoke_001|CB|2|175,2,,,,0
synthetic,smoke_pair,smoke_pair,train,smoke_pair,smoke_001,17.500,175,CA,smoke_pair|smoke_001|CA|3|175,3,,,,0
synthetic,smoke_pair,smoke_pair,train,smoke_pair,smoke_001,17.500,175,CB,smoke_pair|smoke_001|CB|3|175,3,,,,0
synthetic,smoke_pair,smoke_pair,train,smoke_pair,smoke_001,17.500,175,CA,smoke_pair|smoke_001|CA|4|175,4,,,,0
synthetic,smoke_pair,smoke_pair,train,smoke_pair,smoke_001,17.500,175,CB,smoke_pair|smoke_001|CB|4|175,4,,,,0
synthetic,smoke_pair,smoke_pair,train,smoke_pair,smoke_001,17.500,175,CA,smoke_pair|smoke_001|CA|5|175,5,,,,0
synthetic,smoke_pair,smoke_pair,train,smoke_pair,smoke_001,17.500,175,CB,smoke_pair|smoke_001|CB|5|175,5,,,,0
synthetic,smoke_pair,smoke_pair,train,smoke_pair,smoke_001,17.500,175,CA,smoke_pair|smoke_001|CA|6|175,6,,,,0
synthetic,smoke_pair,smoke_pair,train,smoke_pair,smoke_001,17.500,175,CB,smoke_pair|smoke_001|CB|6|175,6,,,,0
synthetic,smoke_pair,smoke_pair,train,smoke_pair,smoke_001,17.500,175,CA,smoke_pair|smoke_001|CA|7|175,7,,,,0
synthetic,smoke_pair,smoke_pair,train,smoke_pair,smoke_001,17.500,175,CB,smoke_pair|smoke_001|CB|7|175,7,,,,0
synthetic,smoke_pair,smoke_pair,train,smoke_pair,smoke_001,17.500,175,CA,smoke_pair|smoke_001|CA|8|175,8,,,,0
synthetic,smoke_pair,smoke_pair,train,smoke_pair,smoke_001,17.500,175,CB,smoke_pair|smoke_001|CB|8|175,8,,,,0
synthetic,smoke_pair,smoke_pair,train,smoke_pair,smoke_001,17.600,176,CA,smoke_pair|smoke_001|CA|1|176,1,,,,0
synthetic,smoke_pair,smoke_pair,train,smoke_pair,smoke_001,17.600,176,CB,smoke_pair|smoke_001|CB|1|176,1,,,,0
synthetic,smoke_pair,smoke_pair,train,smoke_pair,smoke_001,17.600,176,CA,smoke_pair|smoke_001|CA|2|176,2,,,,0
synthetic,smoke_pair,smoke_pair,train,smoke_pair,smoke_001,17.600,176,CB,smoke_pair|smoke_001|CB|2|176,2,,,,0
synthetic,smoke_pair,smoke_pair,train,smoke_pair,smoke_001,17.600,176,CA,smoke_pair|smoke_001|CA|3|176,3,,,,0
synthetic,smoke_pair,smoke_pair,train,smoke_pair,smoke_001,17.600,176,CB,smoke_pair|smoke_001|CB|3|176,3,,,,0
synthetic,smoke_pair,smoke_pair,train,smoke_pair,smoke_001,17.600,176,CA,smoke_pair|smoke_001|CA|4|176,4,,,,0
synthetic,smoke_pair,smoke_pair,train,smoke_pair,smoke_001,17.600,176,CB,smoke_pair|smoke_001|CB|4|176,4,,,,0
synthetic,smoke_pair,smoke_pair,train,smoke_pair,smoke_001,17.600,176,CA,smoke_pair|smoke_001|CA|5|176,5,,,,0
synthetic,smoke_pair,smoke_pair,train,smoke_pair,smoke_001,17.600,176,CB,smoke_pair|smoke_001|CB|5|176,5,,,,0
synthetic,smoke_pair,smoke_pair,train,smoke_pair,smoke_001,17.600,176,CA,smoke_pair|smoke_001|CA|6|176,6,,,,0
synthetic,smoke_pair,smoke_pair,train,smoke_pair,smoke_001,17.600,176,CB,smoke_pair|smoke_001|CB|6|176,6,,,,0
synthetic,smoke_pair,smoke_pair,train,smoke_pair,smoke_001,17.600,176,CA,smoke_pair|smoke_001|CA|7|176,7,,,,0
synthetic,smoke_pair,smoke_pair,train,smoke_pair,smoke_001,17.600,176,CB,smoke_pair|smoke_001|CB|7|176,7,,,,0
synthetic,smoke_pair,smoke_pair,train,smoke_pair,smoke_001,17.600,176,CA,smoke_pair|smoke_001|CA|8|176,8,,,,0
synthetic,smoke_pair,smoke_pair,train,smoke_pair,smoke_001,17.600,176,CB,smoke_pair|smoke_001|CB|8|176,8,,,,0
synthetic,smoke_pair,smoke_pair,train,smoke_pair,smoke_001,17.700,177,CA,smoke_pair|smoke_001|CA|1|177,1,,,,0
synthetic,smoke_pair,smoke_pair,train,smoke_pair,smoke_001,17.700,177,CB,smoke_pair|smoke_001|CB|1|177,1,,,,0
synthetic,smoke_pair,smoke_pair,train,smoke_pair,smoke_001,17.700,177,CA,smoke_pair|smoke_001|CA|2|177,2,,,,0
synthetic,smoke_pair,smoke_pair,train,smoke_pair,smoke_001,17.700,177,CB,smoke_pair|smoke_001|CB|2|177,2,,,,0
synthetic,smoke_pair,smoke_pair,train,smoke_pair,smoke_001,17.700,177,CA,smoke_pair|smoke_001|CA|3|177,3,,,,0
synthetic,smoke_pair,smoke_pair,train,smoke_pair,smoke_001,17.700,177,CB,smoke_pair|smoke_001|CB|3|177,3,,,,0
synthetic,smoke_pair,smoke_pair,train,smoke_pair,smoke_001,17.700,177,CA,smoke_pair|smoke_001|CA|4|177,4,,,,0
synthetic,smoke_pair,smoke_pair,train,smoke_pair,smoke_001,17.700,177,CB,smoke_pair|smoke_001|CB|4|177,4,,,,0
synthetic,smoke_pair,smoke_pair,train,smoke_pair,smoke_001,17.700,177,CA,smoke_pair|smoke_001|CA|5|177,5,,,,0
synthetic,smoke_pair,smoke_pair,train,smoke_pair,smoke_001,17.700,177,CB,smoke_pair|smoke_001|CB|5|177,5,,,,0
synthetic,smoke_pair,smoke_pair,train,smoke_pair,smoke_001,17.700,177,CA,smoke_pair|smoke_001|CA|6|177,6,,,,0
synthetic,smoke_pair,smoke_pair,train,smoke_pair,smoke_001,17.700,177,CB,smoke_pair|smoke_001|CB|6|177,6,,,,0
synthetic,smoke_pair,smoke_pair,train,smoke_pair,smoke_001,17.700,177,CA,smoke_pair|smoke_001|CA|7|177,7,,,,0
synthetic,smoke_pair,smoke_pair,train,smoke_pair,smoke_001,17.700,177,CB,smoke_pair|smoke_001|CB|7|177,7,,,,0
synthetic,smoke_pair,smoke_pair,train,smoke_pair,smoke_001,17.700,177,CA,smoke_pair|smoke_001|CA|8|177,8,,,,0
synthetic,smoke_pair,smoke_pair,train,smoke_pair,smoke_001,17.700,177,CB,smoke_pair|smoke_001|CB|8|177,8,,,,0
synthetic,smoke_pair,smoke_pair,train,smoke_pair,smoke_001,17.800,178,CA,smoke_pair|smoke_001|CA|1|178,1,,,,0
synthetic,smoke_pair,smoke_pair,train,smoke_pair,smoke_001,17.800,178,CB,smoke_pair|smoke_001|CB|1|178,1,,,,0
synthetic,smoke_pair,smoke_pair,train,smoke_pair,smoke_001,17.800,178,CA,smoke_pair|smoke_001|CA|2|178,2,,,,0
synthetic,smoke_pair,smoke_pair,train,smoke_pair,smoke_001,17.800,178,CB,smoke_pair|smoke_001|CB|2|178,2,,,,0
synthetic,smoke_pair,smoke_pair,train,smoke_pair,smoke_001,17.800,178,CA,smoke_pair|smoke_001|CA|3|178,3,,,,0
synthetic,smoke_pair,smoke_pair,train,smoke_pair,smoke_001,17.800,178,CB,smoke_pair|smoke_001|CB|3|178,3,,,,0
synthetic,smoke_pair,smoke_pair,train,smoke_pair,smoke_001,17.800,178,CA,smoke_pair|smoke_001|CA|4|178,4,,,,0
synthetic,smoke_pair,smoke_pair,train,smoke_pair,smoke_001,17.800,178,CB,smoke_pair|smoke_001|CB|4|178,4,,,,0
synthetic,smoke_pair,smoke_pair,train,smoke_pair,smoke_001,17.800,178,CA,smoke_pair|smoke_001|CA|5|178,5,,,,0
synthetic,smoke_pair,smoke_pair,train,smoke_pair,smoke_001,17.800,178,CB,smoke_pair|smoke_001|CB|5|178,5,,,,0
synthetic,smoke_pair,smoke_pair,train,smoke_pair,smoke_001,17.800,178,CA,smoke_pair|smoke_001|CA|6|178,6,,,,0
synthetic,smoke_pair,smoke_pair,train,smoke_pair,smoke_001,17.800,178,CB,smoke_pair|smoke_001|CB|6|178,6,,,,0
synthetic,smoke_pair,smoke_pair,train,smoke_pair,smoke_001,17.800,178,CA,smoke_pair|smoke_001|CA|7|178,7,,,,0
synthetic,smoke_pair,smoke_pair,train,smoke_pair,smoke_001,17.800,178,CB,smoke_pair|smoke_001|CB|7|178,7,,,,0
synthetic,smoke_pair,smoke_pair,train,smoke_pair,smoke_001,17.800,178,CA,smoke_pair|smoke_001|CA|8|178,8,,,,0
synthetic,smoke_pair,smoke_pair,train,smoke_pair,smoke_001,17.800,178,CB,smoke_pair|smoke_001|CB|8|178,8,,,,0
synthetic,smoke_pair,smoke_pair,train,smoke_pair,smoke_001,17.900,179,CA,smoke_pair|smoke_001|CA|1|179,1,,,,0
synthetic,smoke_pair,smoke_pair,train,smoke_pair,smoke_001,17.900,179,CB,smoke_pair|smoke_001|CB|1|179,1,,,,0
synthetic,smoke_pair,smoke_pair,train,smoke_pair,smoke_001,17.900,179,CA,smoke_pair|smoke_001|CA|2|179,2,,,,0
synthetic,smoke_pair,smoke_pair,train,smoke_pair,smoke_001,17.900,179,CB,smoke_pair|smoke_001|CB|2|179,2,,,,0
synthetic,smoke_pair,smoke_pair,train,smoke_pair,smoke_001,17.900,179,CA,smoke_pair|smoke_001|CA|3|179,3,,,,0
synthetic,smoke_pair,smoke_pair,train,smoke_pair,smoke_001,17.900,179,CB,smoke_pair|smoke_001|CB|3|179,3,,,,0
synthetic,smoke_pair,smoke_pair,train,smoke_pair,smoke_001,17.900,179,CA,smoke_pair|smoke_001|CA|4|179,4,,,,0
synthetic,smoke_pair,smoke_pair,train,smoke_pair,smoke_001,17.900,179,CB,smoke_pair|smoke_001|CB|4|179,4,,,,0
synthetic,smoke_pair,smoke_pair,train,smoke_pair,smoke_001,17.900,179,CA,smoke_pair|smoke_001|CA|5|179,5,,,,0
synthetic,smoke_pair,smoke_pair,train,smoke_pair,smoke_001,17.900,179,CB,smoke_pair|smoke_001|CB|5|179,5,,,,0
synthetic,smoke_pair,smoke_pair,train,smoke_pair,smoke_001,17.900,179,CA,smoke_pair|smoke_001|CA|6|179,6,,,,0
synthetic,smoke_pair,smoke_pair,train,smoke_pair,smoke_001,17.900,179,CB,smoke_pair|smoke_001|CB|6|179,6,,,,0
synthetic,smoke_pair,smoke_pair,train,smoke_pair,smoke_001,17.900,179,CA,smoke_pair|smoke_001|CA|7|179,7,,,,0
synthetic,smoke_pair,smoke_pair,train,smoke_pair,smoke_001,17.900,179,CB,smoke_pair|smoke_001|CB|7|179,7,,,,0
synthetic,smoke_pair,smoke_pair,train,smoke_pair,smoke_001,17.900,179,CA,smoke_pair|smoke_001|CA|8|179,8,,,,0
synthetic,smoke_pair,smoke_pair,train,smoke_pair,smoke_001,17.900,179,CB,smoke_pair|smoke_001|CB|8|179,8,,,,0
synthetic,smoke_pair,smoke_pair,train,smoke_pair,smoke_001,18.000,180,CA,smoke_pair|smoke_001|CA|1|180,1,,,,0
synthetic,smoke_pair,smoke_pair,train,smoke_pair,smoke_001,18.000,180,CB,smoke_pair|smoke_001|CB|1|180,1,,,,0
synthetic,smoke_pair,smoke_pair,train,smoke_pair,smoke_001,18.000,180,CA,smoke_pair|smoke_001|CA|2|180,2,,,,0
synthetic,smoke_pair,smoke_pair,train,smoke_pair,smoke_001,18.000,180,CB,smoke_pair|smoke_001|CB|2|180,2,,,,0
synthetic,smoke_pair,smoke_pair,train,smoke_pair,smoke_001,18.000,180,CA,smoke_pair|smoke_001|CA|3|180,3,,,,0
synthetic,smoke_pair,smoke_pair,train,smoke_pair,smoke_001,18.000,180,CB,smoke_pair|smoke_001|CB|3|180,3,,,,0
synthetic,smoke_pair,smoke_pair,train,smoke_pair,smoke_001,18.000,180,CA,smoke_pair|smoke_001|CA|4|180,4,,,,0
synthetic,smoke_pair,smoke_pair,train,smoke_pair,smoke_001,18.000,180,CB,smoke_pair|smoke_001|CB|4|180,4,,,,0
synthetic,smoke_pair,smoke_pair,train,smoke_pair,smoke_001,18.000,180,CA,smoke_pair|smoke_001|CA|5|180,5,,,,0
synthetic,smoke_pair,smoke_pair,train,smoke_pair,smoke_001,18.000,180,CB,smoke_pair|smoke_001|CB|5|180,5,,,,0
synthetic,smoke_pair,smoke_pair,train,smoke_pair,smoke_001,18.000,180,CA,smoke_pair|smoke_001|CA|6|180,6,,,,0
synthetic,smoke_pair,smoke_pair,train,smoke_pair,smoke_001,18.000,180,CB,smoke_pair|smoke_001|CB|6|180,6,,,,0
synthetic,smoke_pair,smoke_pair,train,smoke_pair,smoke_001,18.000,180,CA,smoke_pair|smoke_001|CA|7|180,7,,,,0
synthetic,smoke_pair,smoke_pair,train,smoke_pair,smoke_001,18.000,180,CB,smoke_pair|smoke_001|CB|7|180,7,,,,0
synthetic,smoke_pair,smoke_pair,train,smoke_pair,smoke_001,18.000,180,CA,smoke_pair|smoke_001|CA|8|180,8,,,,0
synthetic,smoke_pair,smoke_pair,train,smoke_pair,smoke_001,18.000,180,CB,smoke_pair|smoke_001|CB|8|180,8,,,,0
synthetic,smoke_pair,smoke_pair,train,smoke_pair,smoke_001,18.100,181,CA,smoke_pair|smoke_001|CA|1|181,1,,,,0
synthetic,smoke_pair,smoke_pair,train,smoke_pair,smoke_001,18.100,181,CB,smoke_pair|smoke_001|CB|1|181,1,,,,0
synthetic,smoke_pair,smoke_pair,train,smoke_pair,smoke_001,18.100,181,CA,smoke_pair|smoke_001|CA|2|181,2,,,,0
synthetic,smoke_pair,smoke_pair,train,smoke_pair,smoke_001,18.100,181,CB,smoke_pair|smoke_001|CB|2|181,2,,,,0
synthetic,smoke_pair,smoke_pair,train,smoke_pair,smoke_001,18.100,181,CA,smoke_pair|smoke_001|CA|3|181,3,,,,0
synthetic,smoke_pair,smoke_pair,train,smoke_pair,smoke_001,18.100,181,CB,smoke_pair|smoke_001|CB|3|181,3,,,,0
synthetic,smoke_pair,smoke_pair,train,smoke_pair,smoke_001,18.100,181,CA,smoke_pair|smoke_001|CA|4|181,4,,,,0
synthetic,smoke_pair,smoke_pair,train,smoke_pair,smoke_001,18.100,181,CB,smoke_pair|smoke_001|CB|4|181,4,,,,0
synthetic,smoke_pair,smoke_pair,train,smoke_pair,smoke_001,18.100,181,CA,smoke_pair|smoke_001|CA|5|181,5,,,,0
synthetic,smoke_pair,smoke_pair,train,smoke_pair,smoke_001,18.100,181,CB,smoke_pair|smoke_001|CB|5|181,5,,,,0
synthetic,smoke_pair,smoke_pair,train,smoke_pair,smoke_001,18.100,181,CA,smoke_pair|smoke_001|CA|6|181,6,,,,0
synthetic,smoke_pair,smoke_pair,train,smoke_pair,smoke_001,18.100,181,CB,smoke_pair|smoke_001|CB|6|181,6,,,,0
synthetic,smoke_pair,smoke_pair,train,smoke_pair,smoke_001,18.100,181,CA,smoke_pair|smoke_001|CA|7|181,7,,,,0
synthetic,smoke_pair,smoke_pair,train,smoke_pair,smoke_001,18.100,181,CB,smoke_pair|smoke_001|CB|7|181,7,,,,0
synthetic,smoke_pair,smoke_pair,train,smoke_pair,smoke_001,18.100,181,CA,smoke_pair|smoke_001|CA|8|181,8,,,,0
synthetic,smoke_pair,smoke_pair,train,smoke_pair,smoke_001,18.100,181,CB,smoke_pair|smoke_001|CB|8|181,8,,,,0
synthetic,smoke_pair,smoke_pair,train,smoke_pair,smoke_001,18.200,182,CA,smoke_pair|smoke_001|CA|1|182,1,,,,0
synthetic,smoke_pair,smoke_pair,train,smoke_pair,smoke_001,18.200,182,CB,smoke_pair|smoke_001|CB|1|182,1,,,,0
synthetic,smoke_pair,smoke_pair,train,smoke_pair,smoke_001,18.200,182,CA,smoke_pair|smoke_001|CA|2|182,2,,,,0
synthetic,smoke_pair,smoke_pair,train,smoke_pair,smoke_001,18.200,182,CB,smoke_pair|smoke_001|CB|2|182,2,,,,0
synthetic,smoke_pair,smoke_pair,train,smoke_pair,smoke_001,18.200,182,CA,smoke_pair|smoke_001|CA|3|182,3,,,,0
synthetic,smoke_pair,smoke_pair,train,smoke_pair,smoke_001,18.200,182,CB,smoke_pair|smoke_001|CB|3|182,3,,,,0
synthetic,smoke_pair,smoke_pair,train,smoke_pair,smoke_001,18.200,182,CA,smoke_pair|smoke_001|CA|4|182,4,,,,0
synthetic,smoke_pair,smoke_pair,train,smoke_pair,smoke_001,18.200,182,CB,smoke_pair|smoke_001|CB|4|182,4,,,,0
synthetic,smoke_pair,smoke_pair,train,smoke_pair,smoke_001,18.200,182,CA,smoke_pair|smoke_001|CA|5|182,5,,,,0
synthetic,smoke_pair,smoke_pair,train,smoke_pair,smoke_001,18.200,182,CB,smoke_pair|smoke_001|CB|5|182,5,,,,0
synthetic,smoke_pair,smoke_pair,train,smoke_pair,smoke_001,18.200,182,CA,smoke_pair|smoke_001|CA|6|182,6,,,,0
synthetic,smoke_pair,smoke_pair,train,smoke_pair,smoke_001,18.200,182,CB,smoke_pair|smoke_001|CB|6|182,6,,,,0
synthetic,smoke_pair,smoke_pair,train,smoke_pair,smoke_001,18.200,182,CA,smoke_pair|smoke_001|CA|7|182,7,,,,0
synthetic,smoke_pair,smoke_pair,train,smoke_pair,smoke_001,18.200,182,CB,smoke_pair|smoke_001|CB|7|182,7,,,,0
synthetic,smoke_pair,smoke_pair,train,smoke_pair,smoke_001,18.200,182,CA,smoke_pair|smoke_001|CA|8|182,8,,,,0
synthetic,smoke_pair,smoke_pair,train,smoke_pair,smoke_001,18.200,182,CB,smoke_pair|smoke_001|CB|8|182,8,,,,0
synthetic,smoke_pair,smoke_pair,train,smoke_pair,smoke_001,18.300,183,CA,smoke_pair|smoke_001|CA|1|183,1,,,,0
synthetic,smoke_pair,smoke_pair,train,smoke_pair,smoke_001,18.300,183,CB,smoke_pair|smoke_001|CB|1|183,1,,,,0
synthetic,smoke_pair,smoke_pair,train,smoke_pair,smoke_001,18.300,183,CA,smoke_pair|smoke_001|CA|2|183,2,,,,0
synthetic,smoke_pair,smoke_pair,train,smoke_pair,smoke_001,18.300,183,CB,smoke_pair|smoke_001|CB|2|183,2,,,,0
synthetic,smoke_pair,smoke_pair,train,smoke_pair,smoke_001,18.300,183,CA,smoke_pair|smoke_001|CA|3|183,3,,,,0
synthetic,smoke_pair,smoke_pair,train,smoke_pair,smoke_001,18.300,183,CB,smoke_pair|smoke_001|CB|3|183,3,,,,0
synthetic,smoke_pair,smoke_pair,train,smoke_pair,smoke_001,18.300,183,CA,smoke_pair|smoke_001|CA|4|183,4,,,,0
synthetic,smoke_pair,smoke_pair,train,smoke_pair,smoke_001,18.300,183,CB,smoke_pair|smoke_001|CB|4|183,4,,,,0
synthetic,smoke_pair,smoke_pair,train,smoke_pair,smoke_001,18.300,183,CA,smoke_pair|smoke_001|CA|5|183,5,,,,0
synthetic,smoke_pair,smoke_pair,train,smoke_pair,smoke_001,18.300,183,CB,smoke_pair|smoke_001|CB|5|183,5,,,,0
synthetic,smoke_pair,smoke_pair,train,smoke_pair,smoke_001,18.300,183,CA,smoke_pair|smoke_001|CA|6|183,6,,,,0
synthetic,smoke_pair,smoke_pair,train,smoke_pair,smoke_001,18.300,183,CB,smoke_pair|smoke_001|CB|6|183,6,,,,0
synthetic,smoke_pair,smoke_pair,train,smoke_pair,smoke_001,18.300,183,CA,smoke_pair|smoke_001|CA|7|183,7,,,,0
synthetic,smoke_pair,smoke_pair,train,smoke_pair,smoke_001,18.300,183,CB,smoke_pair|smoke_001|CB|7|183,7,,,,0
synthetic,smoke_pair,smoke_pair,train,smoke_pair,smoke_001,18.300,183,CA,smoke_pair|smoke_001|CA|8|183,8,,,,0
synthetic,smoke_pair,smoke_pair,train,smoke_pair,smoke_001,18.300,183,CB,smoke_pair|smoke_001|CB|8|183,8,,,,0
synthetic,smoke_pair,smoke_pair,train,smoke_pair,smoke_001,18.400,184,CA,smoke_pair|smoke_001|CA|1|184,1,,,,0
synthetic,smoke_pair,smoke_pair,train,smoke_pair,smoke_001,18.400,184,CB,smoke_pair|smoke_001|CB|1|184,1,,,,0
synthetic,smoke_pair,smoke_pair,train,smoke_pair,smoke_001,18.400,184,CA,smoke_pair|smoke_001|CA|2|184,2,,,,0
synthetic,smoke_pair,smoke_pair,train,smoke_pair,smoke_001,18.400,184,CB,smoke_pair|smoke_001|CB|2|184,2,,,,0
synthetic,smoke_pair,smoke_pair,train,smoke_pair,smoke_001,18.400,184,CA,smoke_pair|smoke_001|CA|3|184,3,,,,0
synthetic,smoke_pair,smoke_pair,train,smoke_pair,smoke_001,18.400,184,CB,smoke_pair|smoke_001|CB|3|184,3,,,,0
synthetic,smoke_pair,smoke_pair,train,smoke_pair,smoke_001,18.400,184,CA,smoke_pair|smoke_001|CA|4|184,4,,,,0
synthetic,smoke_pair,smoke_pair,train,smoke_pair,smoke_001,18.400,184,CB,smoke_pair|smoke_001|CB|4|184,4,,,,0
synthetic,smoke_pair,smoke_pair,train,smoke_pair,smoke_001,18.400,184,CA,smoke_pair|smoke_001|CA|5|184,5,,,,0
synthetic,smoke_pair,smoke_pair,train,smoke_pair,smoke_001,18.400,184,CB,smoke_pair|smoke_001|CB|5|184,5,,,,0
synthetic,smoke_pair,smoke_pair,train,smoke_pair,smoke_001,18.400,184,CA,smoke_pair|smoke_001|CA|6|184,6,,,,0
synthetic,smoke_pair,smoke_pair,train,smoke_pair,smoke_001,18.400,184,CB,smoke_pair|smoke_001|CB|6|184,6,,,,0
synthetic,smoke_pair,smoke_pair,train,smoke_pair,smoke_001,18.400,184,CA,smoke_pair|smoke_001|CA|7|184,7,,,,0
synthetic,smoke_pair,smoke_pair,train,smoke_pair,smoke_001,18.400,184,CB,smoke_pair|smoke_001|CB|7|184,7,,,,0
synthetic,smoke_pair,smoke_pair,train,smoke_pair,smoke_001,18.400,184,CA,smoke_pair|smoke_001|CA|8|184,8,,,,0
synthetic,smoke_pair,smoke_pair,train,smoke_pair,smoke_001,18.400,184,CB,smoke_pair|smoke_001|CB|8|184,8,,,,0
synthetic,smoke_pair,smoke_pair,train,smoke_pair,smoke_001,18.500,185,CA,smoke_pair|smoke_001|CA|1|185,1,,,,0
synthetic,smoke_pair,smoke_pair,train,smoke_pair,smoke_001,18.500,185,CB,smoke_pair|smoke_001|CB|1|185,1,,,,0
synthetic,smoke_pair,smoke_pair,train,smoke_pair,smoke_001,18.500,185,CA,smoke_pair|smoke_001|CA|2|185,2,,,,0
synthetic,smoke_pair,smoke_pair,train,smoke_pair,smoke_001,18.500,185,CB,smoke_pair|smoke_001|CB|2|185,2,,,,0
synthetic,smoke_pair,smoke_pair,train,smoke_pair,smoke_001,18.500,185,CA,smoke_pair|smoke_001|CA|3|185,3,,,,0
synthetic,smoke_pair,smoke_pair,train,smoke_pair,smoke_001,18.500,185,CB,smoke_pair|smoke_001|CB|3|185,3,,,,0
synthetic,smoke_pair,smoke_pair,train,smoke_pair,smoke_001,18.500,185,CA,smoke_pair|smoke_001|CA|4|185,4,,,,0
synthetic,smoke_pair,smoke_pair,train,smoke_pair,smoke_001,18.500,185,CB,smoke_pair|smoke_001|CB|4|185,4,,,,0
synthetic,smoke_pair,smoke_pair,train,smoke_pair,smoke_001,18.500,185,CA,smoke_pair|smoke_001|CA|5|185,5,,,,0
synthetic,smoke_pair,smoke_pair,train,smoke_pair,smoke_001,18.500,185,CB,smoke_pair|smoke_001|CB|5|185,5,,,,0
synthetic,smoke_pair,smoke_pair,train,smoke_pair,smoke_001,18.500,185,CA,smoke_pair|smoke_001|CA|6|185,6,,,,0
synthetic,smoke_pair,smoke_pair,train,smoke_pair,smoke_001,18.500,185,CB,smoke_pair|smoke_001|CB|6|185,6,,,,0
synthetic,smoke_pair,smoke_pair,train,smoke_pair,smoke_001,18.500,185,CA,smoke_pair|smoke_001|CA|7|185,7,,,,0
synthetic,smoke_pair,smoke_pair,train,smoke_pair,smoke_001,18.500,185,CB,smoke_pair|smoke_001|CB|7|185,7,,,,0
synthetic,smoke_pair,smoke_pair,train,smoke_pair,smoke_001,18.500,185,CA,smoke_pair|smoke_001|CA|8|185,8,,,,0
synthetic,smoke_pair,smoke_pair,train,smoke_pair,smoke_001,18.500,185,CB,smoke_pair|smoke_001|CB|8|185,8,,,,0
synthetic,smoke_pair,smoke_pair,train,smoke_pair,smoke_001,18.600,186,CA,smoke_pair|smoke_001|CA|1|186,1,,,,0
synthetic,smoke_pair,smoke_pair,train,smoke_pair,smoke_001,18.600,186,CB,smoke_pair|smoke_001|CB|1|186,1,,,,0
synthetic,smoke_pair,smoke_pair,train,smoke_pair,smoke_001,18.600,186,CA,smoke_pair|smoke_001|CA|2|186,2,,,,0
synthetic,smoke_pair,smoke_pair,train,smoke_pair,smoke_001,18.600,186,CB,smoke_pair|smoke_001|CB|2|186,2,,,,0
synthetic,smoke_pair,smoke_pair,train,smoke_pair,smoke_001,18.600,186,CA,smoke_pair|smoke_001|CA|3|186,3,,,,0
synthetic,smoke_pair,smoke_pair,train,smoke_pair,smoke_001,18.600,186,CB,smoke_pair|smoke_001|CB|3|186,3,,,,0
synthetic,smoke_pair,smoke_pair,train,smoke_pair,smoke_001,18.600,186,CA,smoke_pair|smoke_001|CA|4|186,4,,,,0
synthetic,smoke_pair,smoke_pair,train,smoke_pair,smoke_001,18.600,186,CB,smoke_pair|smoke_001|CB|4|186,4,,,,0
synthetic,smoke_pair,smoke_pair,train,smoke_pair,smoke_001,18.600,186,CA,smoke_pair|smoke_001|CA|5|186,5,,,,0
synthetic,smoke_pair,smoke_pair,train,smoke_pair,smoke_001,18.600,186,CB,smoke_pair|smoke_001|CB|5|186,5,,,,0
synthetic,smoke_pair,smoke_pair,train,smoke_pair,smoke_001,18.600,186,CA,smoke_pair|smoke_001|CA|6|186,6,,,,0
synthetic,smoke_pair,smoke_pair,train,smoke_pair,smoke_001,18.600,186,CB,smoke_pair|smoke_001|CB|6|186,6,,,,0
synthetic,smoke_pair,smoke_pair,train,smoke_pair,smoke_001,18.600,186,CA,smoke_pair|smoke_001|CA|7|186,7,,,,0
synthetic,smoke_pair,smoke_pair,train,smoke_pair,smoke_001,18.600,186,CB,smoke_pair|smoke_001|CB|7|186,7,,,,0
synthetic,smoke_pair,smoke_pair,train,smoke_pair,smoke_001,18.600,186,CA,smoke_pair|smoke_001|CA|8|186,8,,,,0
synthetic,smoke_pair,smoke_pair,train,smoke_pair,smoke_001,18.600,186,CB,smoke_pair|smoke_001|CB|8|186,8,,,,0
synthetic,smoke_pair,smoke_pair,train,smoke_pair,smoke_001,18.700,187,CA,smoke_pair|smoke_001|CA|1|187,1,,,,0
synthetic,smoke_pair,smoke_pair,train,smoke_pair,smoke_001,18.700,187,CB,smoke_pair|smoke_001|CB|1|187,1,,,,0
synthetic,smoke_pair,smoke_pair,train,smoke_pair,smoke_001,18.700,187,CA,smoke_pair|smoke_001|CA|2|187,2,,,,0
synthetic,smoke_pair,smoke_pair,train,smoke_pair,smoke_001,18.700,187,CB,smoke_pair|smoke_001|CB|2|187,2,,,,0
synthetic,smoke_pair,smoke_pair,train,smoke_pair,smoke_001,18.700,187,CA,smoke_pair|smoke_001|CA|3|187,3,,,,0
synthetic,smoke_pair,smoke_pair,train,smoke_pair,smoke_001,18.700,187,CB,smoke_pair|smoke_001|CB|3|187,3,,,,0
synthetic,smoke_pair,smoke_pair,train,smoke_pair,smoke_001,18.700,187,CA,smoke_pair|smoke_001|CA|4|187,4,,,,0
synthetic,smoke_pair,smoke_pair,train,smoke_pair,smoke_001,18.700,187,CB,smoke_pair|smoke_001|CB|4|187,4,,,,0
synthetic,smoke_pair,smoke_pair,train,smoke_pair,smoke_001,18.700,187,CA,smoke_pair|smoke_001|CA|5|187,5,,,,0
synthetic,smoke_pair,smoke_pair,train,smoke_pair,smoke_001,18.700,187,CB,smoke_pair|smoke_001|CB|5|187,5,,,,0
synthetic,smoke_pair,smoke_pair,train,smoke_pair,smoke_001,18.700,187,CA,smoke_pair|smoke_001|CA|6|187,6,,,,0
synthetic,smoke_pair,smoke_pair,train,smoke_pair,smoke_001,18.700,187,CB,smoke_pair|smoke_001|CB|6|187,6,,,,0
synthetic,smoke_pair,smoke_pair,train,smoke_pair,smoke_001,18.700,187,CA,smoke_pair|smoke_001|CA|7|187,7,,,,0
synthetic,smoke_pair,smoke_pair,train,smoke_pair,smoke_001,18.700,187,CB,smoke_pair|smoke_001|CB|7|187,7,,,,0
synthetic,smoke_pair,smoke_pair,train,smoke_pair,smoke_001,18.700,187,CA,smoke_pair|smoke_001|CA|8|187,8,,,,0
synthetic,smoke_pair,smoke_pair,train,smoke_pair,smoke_001,18.700,187,CB,smoke_pair|smoke_001|CB|8|187,8,,,,0
synthetic,smoke_pair,smoke_pair,train,smoke_pair,smoke_001,18.800,188,CA,smoke_pair|smoke_001|CA|1|188,1,,,,0
synthetic,smoke_pair,smoke_pair,train,smoke_pair,smoke_001,18.800,188,CB,smoke_pair|smoke_001|CB|1|188,1,,,,0
synthetic,smoke_pair,smoke_pair,train,smoke_pair,smoke_001,18.800,188,CA,smoke_pair|smoke_001|CA|2|188,2,,,,0
synthetic,smoke_pair,smoke_pair,train,smoke_pair,smoke_001,18.800,188,CB,smoke_pair|smoke_001|CB|2|188,2,,,,0
synthetic,smoke_pair,smoke_pair,train,smoke_pair,smoke_001,18.800,188,CA,smoke_pair|smoke_001|CA|3|188,3,,,,0
synthetic,smoke_pair,smoke_pair,train,smoke_pair,smoke_001,18.800,188,CB,smoke_pair|smoke_001|CB|3|188,3,,,,0
synthetic,smoke_pair,smoke_pair,train,smoke_pair,smoke_001,18.800,188,CA,smoke_pair|smoke_001|CA|4|188,4,,,,0
synthetic,smoke_pair,smoke_pair,train,smoke_pair,smoke_001,18.800,188,CB,smoke_pair|smoke_001|CB|4|188,4,,,,0
synthetic,smoke_pair,smoke_pair,train,smoke_pair,smoke_001,18.800,188,CA,smoke_pair|smoke_001|CA|5|188,5,,,,0
synthetic,smoke_pair,smoke_pair,train,smoke_pair,smoke_001,18.800,188,CB,smoke_pair|smoke_001|CB|5|188,5,,,,0
synthetic,smoke_pair,smoke_pair,train,smoke_pair,smoke_001,18.800,188,CA,smoke_pair|smoke_001|CA|6|188,6,,,,0
synthetic,smoke_pair,smoke_pair,train,smoke_pair,smoke_001,18.800,188,CB,smoke_pair|smoke_001|CB|6|188,6,,,,0
synthetic,smoke_pair,smoke_pair,train,smoke_pair,smoke_001,18.800,188,CA,smoke_pair|smoke_001|CA|7|188,7,,,,0
synthetic,smoke_pair,smoke_pair,train,smoke_pair,smoke_001,18.800,188,CB,smoke_pair|smoke_001|CB|7|188,7,,,,0
synthetic,smoke_pair,smoke_pair,train,smoke_pair,smoke_001,18.800,188,CA,smoke_pair|smoke_001|CA|8|188,8,,,,0
synthetic,smoke_pair,smoke_pair,train,smoke_pair,smoke_001,18.800,188,CB,smoke_pair|smoke_001|CB|8|188,8,,,,0
synthetic,smoke_pair,smoke_pair,train,smoke_pair,smoke_001,18.900,189,CA,smoke_pair|smoke_001|CA|1|189,1,,,,0
synthetic,smoke_pair,smoke_pair,train,smoke_pair,smoke_001,18.900,189,CB,smoke_pair|smoke_001|CB|1|189,1,,,,0
synthetic,smoke_pair,smoke_pair,train,smoke_pair,smoke_001,18.900,189,CA,smoke_pair|smoke_001|CA|2|189,2,,,,0
synthetic,smoke_pair,smoke_pair,train,smoke_pair,smoke_001,18.900,189,CB,smoke_pair|smoke_001|CB|2|189,2,,,,0
synthetic,smoke_pair,smoke_pair,train,smoke_pair,smoke_001,18.900,189,CA,smoke_pair|smoke_001|CA|3|189,3,,,,0
synthetic,smoke_pair,smoke_pair,train,smoke_pair,smoke_001,18.900,189,CB,smoke_pair|smoke_001|CB|3|189,3,,,,0
synthetic,smoke_pair,smoke_pair,train,smoke_pair,smoke_001,18.900,189,CA,smoke_pair|smoke_001|CA|4|189,4,,,,0
synthetic,smoke_pair,smoke_pair,train,smoke_pair,smoke_001,18.900,189,CB,smoke_pair|smoke_001|CB|4|189,4,,,,0
synthetic,smoke_pair,smoke_pair,train,smoke_pair,smoke_001,18.900,189,CA,smoke_pair|smoke_001|CA|5|189,5,,,,0
synthetic,smoke_pair,smoke_pair,train,smoke_pair,smoke_001,18.900,189,CB,smoke_pair|smoke_001|CB|5|189,5,,,,0
synthetic,smoke_pair,smoke_pair,train,smoke_pair,smoke_001,18.900,189,CA,smoke_pair|smoke_001|CA|6|189,6,,,,0
synthetic,smoke_pair,smoke_pair,train,smoke_pair,smoke_001,18.900,189,CB,smoke_pair|smoke_001|CB|6|189,6,,,,0
synthetic,smoke_pair,smoke_pair,train,smoke_pair,smoke_001,18.900,189,CA,smoke_pair|smoke_001|CA|7|189,7,,,,0
synthetic,smoke_pair,smoke_pair,train,smoke_pair,smoke_001,18.900,189,CB,smoke_pair|smoke_001|CB|7|189,7,,,,0
synthetic,smoke_pair,smoke_pair,train,smoke_pair,smoke_001,18.900,189,CA,smoke_pair|smoke_001|CA|8|189,8,,,,0
synthetic,smoke_pair,smoke_pair,train,smoke_pair,smoke_001,18.900,189,CB,smoke_pair|smoke_001|CB|8|189,8,,,,0
synthetic,smoke_pair,smoke_pair,train,smoke_pair,smoke_001,19.000,190,CA,smoke_pair|smoke_001|CA|1|190,1,,,,0
synthetic,smoke_pair,smoke_pair,train,smoke_pair,smoke_001,19.000,190,CB,smoke_pair|smoke_001|CB|1|190,1,,,,0
synthetic,smoke_pair,smoke_pair,train,smoke_pair,smoke_001,19.000,190,CA,smoke_pair|smoke_001|CA|2|190,2,,,,0
synthetic,smoke_pair,smoke_pair,train,smoke_pair,smoke_001,19.000,190,CB,smoke_pair|smoke_001|CB|2|190,2,,,,0
synthetic,smoke_pair,smoke_pair,train,smoke_pair,smoke_001,19.000,190,CA,smoke_pair|smoke_001|CA|3|190,3,,,,0
synthetic,smoke_pair,smoke_pair,train,smoke_pair,smoke_001,19.000,190,CB,smoke_pair|smoke_001|CB|3|190,3,,,,0
synthetic,smoke_pair,smoke_pair,train,smoke_pair,smoke_001,19.000,190,CA,smoke_pair|smoke_001|CA|4|190,4,,,,0
synthetic,smoke_pair,smoke_pair,train,smoke_pair,smoke_001,19.000,190,CB,smoke_pair|smoke_001|CB|4|190,4,,,,0
synthetic,smoke_pair,smoke_pair,train,smoke_pair,smoke_001,19.000,190,CA,smoke_pair|smoke_001|CA|5|190,5,,,,0
synthetic,smoke_pair,smoke_pair,train,smoke_pair,smoke_001,19.000,190,CB,smoke_pair|smoke_001|CB|5|190,5,,,,0
synthetic,smoke_pair,smoke_pair,train,smoke_pair,smoke_001,19.000,190,CA,smoke_pair|smoke_001|CA|6|190,6,,,,0
synthetic,smoke_pair,smoke_pair,train,smoke_pair,smoke_001,19.000,190,CB,smoke_pair|smoke_001|CB|6|190,6,,,,0
synthetic,smoke_pair,smoke_pair,train,smoke_pair,smoke_001,19.000,190,CA,smoke_pair|smoke_001|CA|7|190,7,,,,0
synthetic,smoke_pair,smoke_pair,train,smoke_pair,smoke_001,19.000,190,CB,smoke_pair|smoke_001|CB|7|190,7,,,,0
synthetic,smoke_pair,smoke_pair,train,smoke_pair,smoke_001,19.000,190,CA,smoke_pair|smoke_001|CA|8|190,8,,,,0
synthetic,smoke_pair,smoke_pair,train,smoke_pair,smoke_001,19.000,190,CB,smoke_pair|smoke_001|CB|8|190,8,,,,0
synthetic,smoke_pair,smoke_pair,train,smoke_pair,smoke_001,19.100,191,CA,smoke_pair|smoke_001|CA|1|191,1,,,,0
synthetic,smoke_pair,smoke_pair,train,smoke_pair,smoke_001,19.100,191,CB,smoke_pair|smoke_001|CB|1|191,1,,,,0
synthetic,smoke_pair,smoke_pair,train,smoke_pair,smoke_001,19.100,191,CA,smoke_pair|smoke_001|CA|2|191,2,,,,0
synthetic,smoke_pair,smoke_pair,train,smoke_pair,smoke_001,19.100,191,CB,smoke_pair|smoke_001|CB|2|191,2,,,,0
synthetic,smoke_pair,smoke_pair,train,smoke_pair,smoke_001,19.100,191,CA,smoke_pair|smoke_001|CA|3|191,3,,,,0
synthetic,smoke_pair,smoke_pair,train,smoke_pair,smoke_001,19.100,191,CB,smoke_pair|smoke_001|CB|3|191,3,,,,0
synthetic,smoke_pair,smoke_pair,train,smoke_pair,smoke_001,19.100,191,CA,smoke_pair|smoke_001|CA|4|191,4,,,,0
synthetic,smoke_pair,smoke_pair,train,smoke_pair,smoke_001,19.100,191,CB,smoke_pair|smoke_001|CB|4|191,4,,,,0
synthetic,smoke_pair,smoke_pair,train,smoke_pair,smoke_001,19.100,191,CA,smoke_pair|smoke_001|CA|5|191,5,,,,0
synthetic,smoke_pair,smoke_pair,train,smoke_pair,smoke_001,19.100,191,CB,smoke_pair|smoke_001|CB|5|191,5,,,,0
synthetic,smoke_pair,smoke_pair,train,smoke_pair,smoke_001,19.100,191,CA,smoke_pair|smoke_001|CA|6|191,6,,,,0
synthetic,smoke_pair,smoke_pair,train,smoke_pair,smoke_001,19.100,191,CB,smoke_pair|smoke_001|CB|6|191,6,,,,0
synthetic,smoke_pair,smoke_pair,train,smoke_pair,smoke_001,19.100,191,CA,smoke_pair|smoke_001|CA|7|191,7,,,,0
synthetic,smoke_pair,smoke_pair,train,smoke_pair,smoke_001,19.100,191,CB,smoke_pair|smoke_001|CB|7|191,7,,,,0
synthetic,smoke_pair,smoke_pair,train,smoke_pair,smoke_001,19.100,191,CA,smoke_pair|smoke_001|CA|8|191,8,,,,0
synthetic,smoke_pair,smoke_pair,train,smoke_pair,smoke_001,19.100,191,CB,smoke_pair|smoke_001|CB|8|191,8,,,,0
synthetic,smoke_pair,smoke_pair,train,smoke_pair,smoke_001,19.200,192,CA,smoke_pair|smoke_001|CA|1|192,1,,,,0
synthetic,smoke_pair,smoke_pair,train,smoke_pair,smoke_001,19.200,192,CB,smoke_pair|smoke_001|CB|1|192,1,,,,0
synthetic,smoke_pair,smoke_pair,train,smoke_pair,smoke_001,19.200,192,CA,smoke_pair|smoke_001|CA|2|192,2,,,,0
synthetic,smoke_pair,smoke_pair,train,smoke_pair,smoke_001,19.200,192,CB,smoke_pair|smoke_001|CB|2|192,2,,,,0
synthetic,smoke_pair,smoke_pair,train,smoke_pair,smoke_001,19.200,192,CA,smoke_pair|smoke_001|CA|3|192,3,,,,0
synthetic,smoke_pair,smoke_pair,train,smoke_pair,smoke_001,19.200,192,CB,smoke_pair|smoke_001|CB|3|192,3,,,,0
synthetic,smoke_pair,smoke_pair,train,smoke_pair,smoke_001,19.200,192,CA,smoke_pair|smoke_001|CA|4|192,4,,,,0
synthetic,smoke_pair,smoke_pair,train,smoke_pair,smoke_001,19.200,192,CB,smoke_pair|smoke_001|CB|4|192,4,,,,0
synthetic,smoke_pair,smoke_pair,train,smoke_pair,smoke_001,19.200,192,CA,smoke_pair|smoke_001|CA|5|192,5,,,,0
synthetic,smoke_pair,smoke_pair,train,smoke_pair,smoke_001,19.200,192,CB,smoke_pair|smoke_001|CB|5|192,5,,,,0
synthetic,smoke_pair,smoke_pair,train,smoke_pair,smoke_001,19.200,192,CA,smoke_pair|smoke_001|CA|6|192,6,,,,0
synthetic,smoke_pair,smoke_pair,train,smoke_pair,smoke_001,19.200,192,CB,smoke_pair|smoke_001|CB|6|192,6,,,,0
synthetic,smoke_pair,smoke_pair,train,smoke_pair,smoke_001,19.200,192,CA,smoke_pair|smoke_001|CA|7|192,7,,,,0
synthetic,smoke_pair,smoke_pair,train,smoke_pair,smoke_001,19.200,192,CB,smoke_pair|smoke_001|CB|7|192,7,,,,0
synthetic,smoke_pair,smoke_pair,train,smoke_pair,smoke_001,19.200,192,CA,smoke_pair|smoke_001|CA|8|192,8,,,,0
synthetic,smoke_pair,smoke_pair,train,smoke_pair,smoke_001,19.200,192,CB,smoke_pair|smoke_001|CB|8|192,8,,,,0
synthetic,smoke_pair,smoke_pair,train,smoke_pair,smoke_001,19.300,193,CA,smoke_pair|smoke_001|CA|1|193,1,,,,0
synthetic,smoke_pair,smoke_pair,train,smoke_pair,smoke_001,19.300,193,CB,smoke_pair|smoke_001|CB|1|193,1,,,,0
synthetic,smoke_pair,smoke_pair,train,smoke_pair,smoke_001,19.300,193,CA,smoke_pair|smoke_001|CA|2|193,2,,,,0
synthetic,smoke_pair,smoke_pair,train,smoke_pair,smoke_001,19.300,193,CB,smoke_pair|smoke_001|CB|2|193,2,,,,0
synthetic,smoke_pair,smoke_pair,train,smoke_pair,smoke_001,19.300,193,CA,smoke_pair|smoke_001|CA|3|193,3,,,,0
synthetic,smoke_pair,smoke_pair,train,smoke_pair,smoke_001,19.300,193,CB,smoke_pair|smoke_001|CB|3|193,3,,,,0
synthetic,smoke_pair,smoke_pair,train,smoke_pair,smoke_001,19.300,193,CA,smoke_pair|smoke_001|CA|4|193,4,,,,0
synthetic,smoke_pair,smoke_pair,train,smoke_pair,smoke_001,19.300,193,CB,smoke_pair|smoke_001|CB|4|193,4,,,,0
synthetic,smoke_pair,smoke_pair,train,smoke_pair,smoke_001,19.300,193,CA,smoke_pair|smoke_001|CA|5|193,5,,,,0
synthetic,smoke_pair,smoke_pair,train,smoke_pair,smoke_001,19.300,193,CB,smoke_pair|smoke_001|CB|5|193,5,,,,0
synthetic,smoke_pair,smoke_pair,train,smoke_pair,smoke_001,19.300,193,CA,smoke_pair|smoke_001|CA|6|193,6,,,,0
synthetic,smoke_pair,smoke_pair,train,smoke_pair,smoke_001,19.300,193,CB,smoke_pair|smoke_001|CB|6|193,6,,,,0
synthetic,smoke_pair,smoke_pair,train,smoke_pair,smoke_001,19.300,193,CA,smoke_pair|smoke_001|CA|7|193,7,,,,0
synthetic,smoke_pair,smoke_pair,train,smoke_pair,smoke_001,19.300,193,CB,smoke_pair|smoke_001|CB|7|193,7,,,,0
synthetic,smoke_pair,smoke_pair,train,smoke_pair,smoke_001,19.300,193,CA,smoke_pair|smoke_001|CA|8|193,8,,,,0
synthetic,smoke_pair,smoke_pair,train,smoke_pair,smoke_001,19.300,193,CB,smoke_pair|smoke_001|CB|8|193,8,,,,0
synthetic,smoke_pair,smoke_pair,train,smoke_pair,smoke_001,19.400,194,CA,smoke_pair|smoke_001|CA|1|194,1,,,,0
synthetic,smoke_pair,smoke_pair,train,smoke_pair,smoke_001,19.400,194,CB,smoke_pair|smoke_001|CB|1|194,1,,,,0
synthetic,smoke_pair,smoke_pair,train,smoke_pair,smoke_001,19.400,194,CA,smoke_pair|smoke_001|CA|2|194,2,,,,0
synthetic,smoke_pair,smoke_pair,train,smoke_pair,smoke_001,19.400,194,CB,smoke_pair|smoke_001|CB|2|194,2,,,,0
synthetic,smoke_pair,smoke_pair,train,smoke_pair,smoke_001,19.400,194,CA,smoke_pair|smoke_001|CA|3|194,3,,,,0
synthetic,smoke_pair,smoke_pair,train,smoke_pair,smoke_001,19.400,194,CB,smoke_pair|smoke_001|CB|3|194,3,,,,0
synthetic,smoke_pair,smoke_pair,train,smoke_pair,smoke_001,19.400,194,CA,smoke_pair|smoke_001|CA|4|194,4,,,,0
synthetic,smoke_pair,smoke_pair,train,smoke_pair,smoke_001,19.400,194,CB,smoke_pair|smoke_001|CB|4|194,4,,,,0
synthetic,smoke_pair,smoke_pair,train,smoke_pair,smoke_001,19.400,194,CA,smoke_pair|smoke_001|CA|5|194,5,,,,0
synthetic,smoke_pair,smoke_pair,train,smoke_pair,smoke_001,19.400,194,CB,smoke_pair|smoke_001|CB|5|194,5,,,,0
synthetic,smoke_pair,smoke_pair,train,smoke_pair,smoke_001,19.400,194,CA,smoke_pair|smoke_001|CA|6|194,6,,,,0
synthetic,smoke_pair,smoke_pair,train,smoke_pair,smoke_001,19.400,194,CB,smoke_pair|smoke_001|CB|6|194,6,,,,0
synthetic,smoke_pair,smoke_pair,train,smoke_pair,smoke_001,19.400,194,CA,smoke_pair|smoke_001|CA|7|194,7,,,,0
synthetic,smoke_pair,smoke_pair,train,smoke_pair,smoke_001,19.400,194,CB,smoke_pair|smoke_001|CB|7|194,7,,,,0
synthetic,smoke_pair,smoke_pair,train,smoke_pair,smoke_001,19.400,194,CA,smoke_pair|smoke_001|CA|8|194,8,,,,0
synthetic,smoke_pair,smoke_pair,train,smoke_pair,smoke_001,19.400,194,CB,smoke_pair|smoke_001|CB|8|194,8,,,,0
synthetic,smoke_pair,smoke_pair,train,smoke_pair,smoke_001,19.500,195,CA,smoke_pair|smoke_001|CA|1|195,1,,,,0
synthetic,smoke_pair,smoke_pair,train,smoke_pair,smoke_001,19.500,195,CB,smoke_pair|smoke_001|CB|1|195,1,,,,0
synthetic,smoke_pair,smoke_pair,train,smoke_pair,smoke_001,19.500,195,CA,smoke_pair|smoke_001|CA|2|195,2,,,,0
synthetic,smoke_pair,smoke_pair,train,smoke_pair,smoke_001,19.500,195,CB,smoke_pair|smoke_001|CB|2|195,2,,,,0
synthetic,smoke_pair,smoke_pair,train,smoke_pair,smoke_001,19.500,195,CA,smoke_pair|smoke_001|CA|3|195,3,,,,0
synthetic,smoke_pair,smoke_pair,train,smoke_pair,smoke_001,19.500,195,CB,smoke_pair|smoke_001|CB|3|195,3,,,,0
synthetic,smoke_pair,smoke_pair,train,smoke_pair,smoke_001,19.500,195,CA,smoke_pair|smoke_001|CA|4|195,4,,,,0
synthetic,smoke_pair,smoke_pair,train,smoke_pair,smoke_001,19.500,195,CB,smoke_pair|smoke_001|CB|4|195,4,,,,0
synthetic,smoke_pair,smoke_pair,train,smoke_pair,smoke_001,19.500,195,CA,smoke_pair|smoke_001|CA|5|195,5,,,,0
synthetic,smoke_pair,smoke_pair,train,smoke_pair,smoke_001,19.500,195,CB,smoke_pair|smoke_001|CB|5|195,5,,,,0
synthetic,smoke_pair,smoke_pair,train,smoke_pair,smoke_001,19.500,195,CA,smoke_pair|smoke_001|CA|6|195,6,,,,0
synthetic,smoke_pair,smoke_pair,train,smoke_pair,smoke_001,19.500,195,CB,smoke_pair|smoke_001|CB|6|195,6,,,,0
synthetic,smoke_pair,smoke_pair,train,smoke_pair,smoke_001,19.500,195,CA,smoke_pair|smoke_001|CA|7|195,7,,,,0
synthetic,smoke_pair,smoke_pair,train,smoke_pair,smoke_001,19.500,195,CB,smoke_pair|smoke_001|CB|7|195,7,,,,0
synthetic,smoke_pair,smoke_pair,train,smoke_pair,smoke_001,19.500,195,CA,smoke_pair|smoke_001|CA|8|195,8,,,,0
synthetic,smoke_pair,smoke_pair,train,smoke_pair,smoke_001,19.500,195,CB,smoke_pair|smoke_001|CB|8|195,8,,,,0
synthetic,smoke_pair,smoke_pair,train,smoke_pair,smoke_001,19.600,196,CA,smoke_pair|smoke_001|CA|1|196,1,,,,0
synthetic,smoke_pair,smoke_pair,train,smoke_pair,smoke_001,19.600,196,CB,smoke_pair|smoke_001|CB|1|196,1,,,,0
synthetic,smoke_pair,smoke_pair,train,smoke_pair,smoke_001,19.600,196,CA,smoke_pair|smoke_001|CA|2|196,2,,,,0
synthetic,smoke_pair,smoke_pair,train,smoke_pair,smoke_001,19.600,196,CB,smoke_pair|smoke_001|CB|2|196,2,,,,0
synthetic,smoke_pair,smoke_pair,train,smoke_pair,smoke_001,19.600,196,CA,smoke_pair|smoke_001|CA|3|196,3,,,,0
synthetic,smoke_pair,smoke_pair,train,smoke_pair,smoke_001,19.600,196,CB,smoke_pair|smoke_001|CB|3|196,3,,,,0
synthetic,smoke_pair,smoke_pair,train,smoke_pair,smoke_001,19.600,196,CA,smoke_pair|smoke_001|CA|4|196,4,,,,0
synthetic,smoke_pair,smoke_pair,train,smoke_pair,smoke_001,19.600,196,CB,smoke_pair|smoke_001|CB|4|196,4,,,,0
synthetic,smoke_pair,smoke_pair,train,smoke_pair,smoke_001,19.600,196,CA,smoke_pair|smoke_001|CA|5|196,5,,,,0
synthetic,smoke_pair,smoke_pair,train,smoke_pair,smoke_001,19.600,196,CB,smoke_pair|smoke_001|CB|5|196,5,,,,0
synthetic,smoke_pair,smoke_pair,train,smoke_pair,smoke_001,19.600,196,CA,smoke_pair|smoke_001|CA|6|196,6,,,,0
synthetic,smoke_pair,smoke_pair,train,smoke_pair,smoke_001,19.600,196,CB,smoke_pair|smoke_001|CB|6|196,6,,,,0
synthetic,smoke_pair,smoke_pair,train,smoke_pair,smoke_001,19.600,196,CA,smoke_pair|smoke_001|CA|7|196,7,,,,0
synthetic,smoke_pair,smoke_pair,train,smoke_pair,smoke_001,19.600,196,CB,smoke_pair|smoke_001|CB|7|196,7,,,,0
synthetic,smoke_pair,smoke_pair,train,smoke_pair,smoke_001,19.600,196,CA,smoke_pair|smoke_001|CA|8|196,8,,,,0
synthetic,smoke_pair,smoke_pair,train,smoke_pair,smoke_001,19.600,196,CB,smoke_pair|smoke_001|CB|8|196,8,,,,0
synthetic,smoke_pair,smoke_pair,train,smoke_pair,smoke_001,19.700,197,CA,smoke_pair|smoke_001|CA|1|197,1,,,,0
synthetic,smoke_pair,smoke_pair,train,smoke_pair,smoke_001,19.700,197,CB,smoke_pair|smoke_001|CB|1|197,1,,,,0
synthetic,smoke_pair,smoke_pair,train,smoke_pair,smoke_001,19.700,197,CA,smoke_pair|smoke_001|CA|2|197,2,,,,0
synthetic,smoke_pair,smoke_pair,train,smoke_pair,smoke_001,19.700,197,CB,smoke_pair|smoke_001|CB|2|197,2,,,,0
synthetic,smoke_pair,smoke_pair,train,smoke_pair,smoke_001,19.700,197,CA,smoke_pair|smoke_001|CA|3|197,3,,,,0
synthetic,smoke_pair,smoke_pair,train,smoke_pair,smoke_001,19.700,197,CB,smoke_pair|smoke_001|CB|3|197,3,,,,0
synthetic,smoke_pair,smoke_pair,train,smoke_pair,smoke_001,19.700,197,CA,smoke_pair|smoke_001|CA|4|197,4,,,,0
synthetic,smoke_pair,smoke_pair,train,smoke_pair,smoke_001,19.700,197,CB,smoke_pair|smoke_001|CB|4|197,4,,,,0
synthetic,smoke_pair,smoke_pair,train,smoke_pair,smoke_001,19.700,197,CA,smoke_pair|smoke_001|CA|5|197,5,,,,0
synthetic,smoke_pair,smoke_pair,train,smoke_pair,smoke_001,19.700,197,CB,smoke_pair|smoke_001|CB|5|197,5,,,,0
synthetic,smoke_pair,smoke_pair,train,smoke_pair,smoke_001,19.700,197,CA,smoke_pair|smoke_001|CA|6|197,6,,,,0
synthetic,smoke_pair,smoke_pair,train,smoke_pair,smoke_001,19.700,197,CB,smoke_pair|smoke_001|CB|6|197,6,,,,0
synthetic,smoke_pair,smoke_pair,train,smoke_pair,smoke_001,19.700,197,CA,smoke_pair|smoke_001|CA|7|197,7,,,,0
synthetic,smoke_pair,smoke_pair,train,smoke_pair,smoke_001,19.700,197,CB,smoke_pair|smoke_001|CB|7|197,7,,,,0
synthetic,smoke_pair,smoke_pair,train,smoke_pair,smoke_001,19.700,197,CA,smoke_pair|smoke_001|CA|8|197,8,,,,0
synthetic,smoke_pair,smoke_pair,train,smoke_pair,smoke_001,19.700,197,CB,smoke_pair|smoke_001|CB|8|197,8,,,,0
synthetic,smoke_pair,smoke_pair,train,smoke_pair,smoke_001,19.800,198,CA,smoke_pair|smoke_001|CA|1|198,1,,,,0
synthetic,smoke_pair,smoke_pair,train,smoke_pair,smoke_001,19.800,198,CB,smoke_pair|smoke_001|CB|1|198,1,,,,0
synthetic,smoke_pair,smoke_pair,train,smoke_pair,smoke_001,19.800,198,CA,smoke_pair|smoke_001|CA|2|198,2,,,,0
synthetic,smoke_pair,smoke_pair,train,smoke_pair,smoke_001,19.800,198,CB,smoke_pair|smoke_001|CB|2|198,2,,,,0
synthetic,smoke_pair,smoke_pair,train,smoke_pair,smoke_001,19.800,198,CA,smoke_pair|smoke_001|CA|3|198,3,,,,0
synthetic,smoke_pair,smoke_pair,train,smoke_pair,smoke_001,19.800,198,CB,smoke_pair|smoke_001|CB|3|198,3,,,,0
synthetic,smoke_pair,smoke_pair,train,smoke_pair,smoke_001,19.800,198,CA,smoke_pair|smoke_001|CA|4|198,4,,,,0
synthetic,smoke_pair,smoke_pair,train,smoke_pair,smoke_001,19.800,198,CB,smoke_pair|smoke_001|CB|4|198,4,,,,0
synthetic,smoke_pair,smoke_pair,train,smoke_pair,smoke_001,19.800,198,CA,smoke_pair|smoke_001|CA|5|198,5,,,,0
synthetic,smoke_pair,smoke_pair,train,smoke_pair,smoke_001,19.800,198,CB,smoke_pair|smoke_001|CB|5|198,5,,,,0
synthetic,smoke_pair,smoke_pair,train,smoke_pair,smoke_001,19.800,198,CA,smoke_pair|smoke_001|CA|6|198,6,,,,0
synthetic,smoke_pair,smoke_pair,train,smoke_pair,smoke_001,19.800,198,CB,smoke_pair|smoke_001|CB|6|198,6,,,,0
synthetic,smoke_pair,smoke_pair,train,smoke_pair,smoke_001,19.800,198,CA,smoke_pair|smoke_001|CA|7|198,7,,,,0
synthetic,smoke_pair,smoke_pair,train,smoke_pair,smoke_001,19.800,198,CB,smoke_pair|smoke_001|CB|7|198,7,,,,0
synthetic,smoke_pair,smoke_pair,train,smoke_pair,smoke_001,19.800,198,CA,smoke_pair|smoke_001|CA|8|198,8,,,,0
synthetic,smoke_pair,smoke_pair,train,smoke_pair,smoke_001,19.800,198,CB,smoke_pair|smoke_001|CB|8|198,8,,,,0
synthetic,smoke_pair,smoke_pair,train,smoke_pair,smoke_001,19.900,199,CA,smoke_pair|smoke_001|CA|1|199,1,,,,0
synthetic,smoke_pair,smoke_pair,train,smoke_pair,smoke_001,19.900,199,CB,smoke_pair|smoke_001|CB|1|199,1,,,,0
synthetic,smoke_pair,smoke_pair,train,smoke_pair,smoke_001,19.900,199,CA,smoke_pair|smoke_001|CA|2|199,2,,,,0
synthetic,smoke_pair,smoke_pair,train,smoke_pair,smoke_001,19.900,199,CB,smoke_pair|smoke_001|CB|2|199,2,,,,0
synthetic,smoke_pair,smoke_pair,train,smoke_pair,smoke_001,19.900,199,CA,smoke_pair|smoke_001|CA|3|199,3,,,,0
synthetic,smoke_pair,smoke_pair,train,smoke_pair,smoke_001,19.900,199,CB,smoke_pair|smoke_001|CB|3|199,3,,,,0
synthetic,smoke_pair,smoke_pair,train,smoke_pair,smoke_001,19.900,199,CA,smoke_pair|smoke_001|CA|4|199,4,,,,0
synthetic,smoke_pair,smoke_pair,train,smoke_pair,smoke_001,19.900,199,CB,smoke_pair|smoke_001|CB|4|199,4,,,,0
synthetic,smoke_pair,smoke_pair,train,smoke_pair,smoke_001,19.900,199,CA,smoke_pair|smoke_001|CA|5|199,5,,,,0
synthetic,smoke_pair,smoke_pair,train,smoke_pair,smoke_001,19.900,199,CB,smoke_pair|smoke_001|CB|5|199,5,,,,0
synthetic,smoke_pair,smoke_pair,train,smoke_pair,smoke_001,19.900,199,CA,smoke_pair|smoke_001|CA|6|199,6,,,,0
synthetic,smoke_pair,smoke_pair,train,smoke_pair,smoke_001,19.900,199,CB,smoke_pair|smoke_001|CB|6|199,6,,,,0
synthetic,smoke_pair,smoke_pair,train,smoke_pair,smoke_001,19.900,199,CA,smoke_pair|smoke_001|CA|7|199,7,,,,0
synthetic,smoke_pair,smoke_pair,train,smoke_pair,smoke_001,19.900,199,CB,smoke_pair|smoke_001|CB|7|199,7,,,,0
synthetic,smoke_pair,smoke_pair,train,smoke_pair,smoke_001,19.900,199,CA,smoke_pair|smoke_001|CA|8|199,8,,,,0
synthetic,smoke_pair,smoke_pair,train,smoke_pair,smoke_001,19.900,199,CB,smoke_pair|smoke_001|CB|8|199,8,,,,0
synthetic,smoke_pair,smoke_pair,train,smoke_pair,smoke_001,20.000,200,CA,smoke_pair|smoke_001|CA|1|200,1,,,,0
synthetic,smoke_pair,smoke_pair,train,smoke_pair,smoke_001,20.000,200,CB,smoke_pair|smoke_001|CB|1|200,1,,,,0
synthetic,smoke_pair,smoke_pair,train,smoke_pair,smoke_001,20.000,200,CA,smoke_pair|smoke_001|CA|2|200,2,,,,0
synthetic,smoke_pair,smoke_pair,train,smoke_pair,smoke_001,20.000,200,CB,smoke_pair|smoke_001|CB|2|200,2,,,,0
synthetic,smoke_pair,smoke_pair,train,smoke_pair,smoke_001,20.000,200,CA,smoke_pair|smoke_001|CA|3|200,3,,,,0
synthetic,smoke_pair,smoke_pair,train,smoke_pair,smoke_001,20.000,200,CB,smoke_pair|smoke_001|CB|3|200,3,,,,0
synthetic,smoke_pair,smoke_pair,train,smoke_pair,smoke_001,20.000,200,CA,smoke_pair|smoke_001|CA|4|200,4,,,,0
synthetic,smoke_pair,smoke_pair,train,smoke_pair,smoke_001,20.000,200,CB,smoke_pair|smoke_001|CB|4|200,4,,,,0
synthetic,smoke_pair,smoke_pair,train,smoke_pair,smoke_001,20.000,200,CA,smoke_pair|smoke_001|CA|5|200,5,,,,0
synthetic,smoke_pair,smoke_pair,train,smoke_pair,smoke_001,20.000,200,CB,smoke_pair|smoke_001|CB|5|200,5,,,,0
synthetic,smoke_pair,smoke_pair,train,smoke_pair,smoke_001,20.000,200,CA,smoke_pair|smoke_001|CA|6|200,6,,,,0
synthetic,smoke_pair,smoke_pair,train,smoke_pair,smoke_001,20.000,200,CB,smoke_pair|smoke_001|CB|6|200,6,,,,0
synthetic,smoke_pair,smoke_pair,train,smoke_pair,smoke_001,20.000,200,CA,smoke_pair|smoke_001|CA|7|200,7,,,,0
synthetic,smoke_pair,smoke_pair,train,smoke_pair,smoke_001,20.000,200,CB,smoke_pair|smoke_001|CB|7|200,7,,,,0
synthetic,smoke_pair,smoke_pair,train,smoke_pair,smoke_001,20.000,200,CA,smoke_pair|smoke_001|CA|8|200,8,,,,0
synthetic,smoke_pair,smoke_pair,train,smoke_pair,smoke_001,20.000,200,CB,smoke_pair|smoke_001|CB|8|200,8,,,,0
synthetic,smoke_pair,smoke_pair,train,smoke_pair,smoke_001,20.100,201,CA,smoke_pair|smoke_001|CA|1|201,1,,,,0
synthetic,smoke_pair,smoke_pair,train,smoke_pair,smoke_001,20.100,201,CB,smoke_pair|smoke_001|CB|1|201,1,,,,0
synthetic,smoke_pair,smoke_pair,train,smoke_pair,smoke_001,20.100,201,CA,smoke_pair|smoke_001|CA|2|201,2,,,,0
synthetic,smoke_pair,smoke_pair,train,smoke_pair,smoke_001,20.100,201,CB,smoke_pair|smoke_001|CB|2|201,2,,,,0
synthetic,smoke_pair,smoke_pair,train,smoke_pair,smoke_001,20.100,201,CA,smoke_pair|smoke_001|CA|3|201,3,,,,0
synthetic,smoke_pair,smoke_pair,train,smoke_pair,smoke_001,20.100,201,CB,smoke_pair|smoke_001|CB|3|201,3,,,,0
synthetic,smoke_pair,smoke_pair,train,smoke_pair,smoke_001,20.100,201,CA,smoke_pair|smoke_001|CA|4|201,4,,,,0
synthetic,smoke_pair,smoke_pair,train,smoke_pair,smoke_001,20.100,201,CB,smoke_pair|smoke_001|CB|4|201,4,,,,0
synthetic,smoke_pair,smoke_pair,train,smoke_pair,smoke_001,20.100,201,CA,smoke_pair|smoke_001|CA|5|201,5,,,,0
synthetic,smoke_pair,smoke_pair,train,smoke_pair,smoke_001,20.100,201,CB,smoke_pair|smoke_001|CB|5|201,5,,,,0
synthetic,smoke_pair,smoke_pair,train,smoke_pair,smoke_001,20.100,201,CA,smoke_pair|smoke_001|CA|6|201,6,,,,0
synthetic,smoke_pair,smoke_pair,train,smoke_pair,smoke_001,20.100,201,CB,smoke_pair|smoke_001|CB|6|201,6,,,,0
synthetic,smoke_pair,smoke_pair,train,smoke_pair,smoke_001,20.100,201,CA,smoke_pair|smoke_001|CA|7|201,7,,,,0
synthetic,smoke_pair,smoke_pair,train,smoke_pair,smoke_001,20.100,201,CB,smoke_pair|smoke_001|CB|7|201,7,,,,0
synthetic,smoke_pair,smoke_pair,train,smoke_pair,smoke_001,20.100,201,CA,smoke_pair|smoke_001|CA|8|201,8,,,,0
synthetic,smoke_pair,smoke_pair,train,smoke_pair,smoke_001,20.100,201,CB,smoke_pair|smoke_001|CB|8|201,8,,,,0
synthetic,smoke_pair,smoke_pair,train,smoke_pair,smoke_001,20.200,202,CA,smoke_pair|smoke_001|CA|1|202,1,,,,0
synthetic,smoke_pair,smoke_pair,train,smoke_pair,smoke_001,20.200,202,CB,smoke_pair|smoke_001|CB|1|202,1,,,,0
synthetic,smoke_pair,smoke_pair,train,smoke_pair,smoke_001,20.200,202,CA,smoke_pair|smoke_001|CA|2|202,2,,,,0
synthetic,smoke_pair,smoke_pair,train,smoke_pair,smoke_001,20.200,202,CB,smoke_pair|smoke_001|CB|2|202,2,,,,0
synthetic,smoke_pair,smoke_pair,train,smoke_pair,smoke_001,20.200,202,CA,smoke_pair|smoke_001|CA|3|202,3,,,,0
synthetic,smoke_pair,smoke_pair,train,smoke_pair,smoke_001,20.200,202,CB,smoke_pair|smoke_001|CB|3|202,3,,,,0
synthetic,smoke_pair,smoke_pair,train,smoke_pair,smoke_001,20.200,202,CA,smoke_pair|smoke_001|CA|4|202,4,,,,0
synthetic,smoke_pair,smoke_pair,train,smoke_pair,smoke_001,20.200,202,CB,smoke_pair|smoke_001|CB|4|202,4,,,,0
synthetic,smoke_pair,smoke_pair,train,smoke_pair,smoke_001,20.200,202,CA,smoke_pair|smoke_001|CA|5|202,5,,,,0
synthetic,smoke_pair,smoke_pair,train,smoke_pair,smoke_001,20.200,202,CB,smoke_pair|smoke_001|CB|5|202,5,,,,0
synthetic,smoke_pair,smoke_pair,train,smoke_pair,smoke_001,20.200,202,CA,smoke_pair|smoke_001|CA|6|202,6,,,,0
synthetic,smoke_pair,smoke_pair,train,smoke_pair,smoke_001,20.200,202,CB,smoke_pair|smoke_001|CB|6|202,6,,,,0
synthetic,smoke_pair,smoke_pair,train,smoke_pair,smoke_001,20.200,202,CA,smoke_pair|smoke_001|CA|7|202,7,,,,0
synthetic,smoke_pair,smoke_pair,train,smoke_pair,smoke_001,20.200,202,CB,smoke_pair|smoke_001|CB|7|202,7,,,,0
synthetic,smoke_pair,smoke_pair,train,smoke_pair,smoke_001,20.200,202,CA,smoke_pair|smoke_001|CA|8|202,8,,,,0
synthetic,smoke_pair,smoke_pair,train,smoke_pair,smoke_001,20.200,202,CB,smoke_pair|smoke_001|CB|8|202,8,,,,0
synthetic,smoke_pair,smoke_pair,train,smoke_pair,smoke_001,20.300,203,CA,smoke_pair|smoke_001|CA|1|203,1,,,,0
synthetic,smoke_pair,smoke_pair,train,smoke_pair,smoke_001,20.300,203,CB,smoke_pair|smoke_001|CB|1|203,1,,,,0
synthetic,smoke_pair,smoke_pair,train,smoke_pair,smoke_001,20.300,203,CA,smoke_pair|smoke_001|CA|2|203,2,,,,0
synthetic,smoke_pair,smoke_pair,train,smoke_pair,smoke_001,20.300,203,CB,smoke_pair|smoke_001|CB|2|203,2,,,,0
synthetic,smoke_pair,smoke_pair,train,smoke_pair,smoke_001,20.300,203,CA,smoke_pair|smoke_001|CA|3|203,3,,,,0
synthetic,smoke_pair,smoke_pair,train,smoke_pair,smoke_001,20.300,203,CB,smoke_pair|smoke_001|CB|3|203,3,,,,0
synthetic,smoke_pair,smoke_pair,train,smoke_pair,smoke_001,20.300,203,CA,smoke_pair|smoke_001|CA|4|203,4,,,,0
synthetic,smoke_pair,smoke_pair,train,smoke_pair,smoke_001,20.300,203,CB,smoke_pair|smoke_001|CB|4|203,4,,,,0
synthetic,smoke_pair,smoke_pair,train,smoke_pair,smoke_001,20.300,203,CA,smoke_pair|smoke_001|CA|5|203,5,,,,0
synthetic,smoke_pair,smoke_pair,train,smoke_pair,smoke_001,20.300,203,CB,smoke_pair|smoke_001|CB|5|203,5,,,,0
synthetic,smoke_pair,smoke_pair,train,smoke_pair,smoke_001,20.300,203,CA,smoke_pair|smoke_001|CA|6|203,6,,,,0
synthetic,smoke_pair,smoke_pair,train,smoke_pair,smoke_001,20.300,203,CB,smoke_pair|smoke_001|CB|6|203,6,,,,0
synthetic,smoke_pair,smoke_pair,train,smoke_pair,smoke_001,20.300,203,CA,smoke_pair|smoke_001|CA|7|203,7,,,,0
synthetic,smoke_pair,smoke_pair,train,smoke_pair,smoke_001,20.300,203,CB,smoke_pair|smoke_001|CB|7|203,7,,,,0
synthetic,smoke_pair,smoke_pair,train,smoke_pair,smoke_001,20.300,203,CA,smoke_pair|smoke_001|CA|8|203,8,,,,0
synthetic,smoke_pair,smoke_pair,train,smoke_pair,smoke_001,20.300,203,CB,smoke_pair|smoke_001|CB|8|203,8,,,,0
synthetic,smoke_pair,smoke_pair,train,smoke_pair,smoke_001,20.400,204,CA,smoke_pair|smoke_001|CA|1|204,1,,,,0
synthetic,smoke_pair,smoke_pair,train,smoke_pair,smoke_001,20.400,204,CB,smoke_pair|smoke_001|CB|1|204,1,,,,0
synthetic,smoke_pair,smoke_pair,train,smoke_pair,smoke_001,20.400,204,CA,smoke_pair|smoke_001|CA|2|204,2,,,,0
synthetic,smoke_pair,smoke_pair,train,smoke_pair,smoke_001,20.400,204,CB,smoke_pair|smoke_001|CB|2|204,2,,,,0
synthetic,smoke_pair,smoke_pair,train,smoke_pair,smoke_001,20.400,204,CA,smoke_pair|smoke_001|CA|3|204,3,,,,0
synthetic,smoke_pair,smoke_pair,train,smoke_pair,smoke_001,20.400,204,CB,smoke_pair|smoke_001|CB|3|204,3,,,,0
synthetic,smoke_pair,smoke_pair,train,smoke_pair,smoke_001,20.400,204,CA,smoke_pair|smoke_001|CA|4|204,4,,,,0
synthetic,smoke_pair,smoke_pair,train,smoke_pair,smoke_001,20.400,204,CB,smoke_pair|smoke_001|CB|4|204,4,,,,0
synthetic,smoke_pair,smoke_pair,train,smoke_pair,smoke_001,20.400,204,CA,smoke_pair|smoke_001|CA|5|204,5,,,,0
synthetic,smoke_pair,smoke_pair,train,smoke_pair,smoke_001,20.400,204,CB,smoke_pair|smoke_001|CB|5|204,5,,,,0
synthetic,smoke_pair,smoke_pair,train,smoke_pair,smoke_001,20.400,204,CA,smoke_pair|smoke_001|CA|6|204,6,,,,0
synthetic,smoke_pair,smoke_pair,train,smoke_pair,smoke_001,20.400,204,CB,smoke_pair|smoke_001|CB|6|204,6,,,,0
synthetic,smoke_pair,smoke_pair,train,smoke_pair,smoke_001,20.400,204,CA,smoke_pair|smoke_001|CA|7|204,7,,,,0
synthetic,smoke_pair,smoke_pair,train,smoke_pair,smoke_001,20.400,204,CB,smoke_pair|smoke_001|CB|7|204,7,,,,0
synthetic,smoke_pair,smoke_pair,train,smoke_pair,smoke_001,20.400,204,CA,smoke_pair|smoke_001|CA|8|204,8,,,,0
synthetic,smoke_pair,smoke_pair,train,smoke_pair,smoke_001,20.400,204,CB,smoke_pair|smoke_001|CB|8|204,8,,,,0
synthetic,smoke_pair,smoke_pair,train,smoke_pair,smoke_001,20.500,205,CA,smoke_pair|smoke_001|CA|1|205,1,,,,0
synthetic,smoke_pair,smoke_pair,train,smoke_pair,smoke_001,20.500,205,CB,smoke_pair|smoke_001|CB|1|205,1,,,,0
synthetic,smoke_pair,smoke_pair,train,smoke_pair,smoke_001,20.500,205,CA,smoke_pair|smoke_001|CA|2|205,2,,,,0
synthetic,smoke_pair,smoke_pair,train,smoke_pair,smoke_001,20.500,205,CB,smoke_pair|smoke_001|CB|2|205,2,,,,0
synthetic,smoke_pair,smoke_pair,train,smoke_pair,smoke_001,20.500,205,CA,smoke_pair|smoke_001|CA|3|205,3,,,,0
synthetic,smoke_pair,smoke_pair,train,smoke_pair,smoke_001,20.500,205,CB,smoke_pair|smoke_001|CB|3|205,3,,,,0
synthetic,smoke_pair,smoke_pair,train,smoke_pair,smoke_001,20.500,205,CA,smoke_pair|smoke_001|CA|4|205,4,,,,0
synthetic,smoke_pair,smoke_pair,train,smoke_pair,smoke_001,20.500,205,CB,smoke_pair|smoke_001|CB|4|205,4,,,,0
synthetic,smoke_pair,smoke_pair,train,smoke_pair,smoke_001,20.500,205,CA,smoke_pair|smoke_001|CA|5|205,5,,,,0
synthetic,smoke_pair,smoke_pair,train,smoke_pair,smoke_001,20.500,205,CB,smoke_pair|smoke_001|CB|5|205,5,,,,0
synthetic,smoke_pair,smoke_pair,train,smoke_pair,smoke_001,20.500,205,CA,smoke_pair|smoke_001|CA|6|205,6,,,,0
synthetic,smoke_pair,smoke_pair,train,smoke_pair,smoke_001,20.500,205,CB,smoke_pair|smoke_001|CB|6|205,6,,,,0
synthetic,smoke_pair,smoke_pair,train,smoke_pair,smoke_001,20.500,205,CA,smoke_pair|smoke_001|CA|7|205,7,,,,0
synthetic,smoke_pair,smoke_pair,train,smoke_pair,smoke_001,20.500,205,CB,smoke_pair|smoke_001|CB|7|205,7,,,,0
synthetic,smoke_pair,smoke_pair,train,smoke_pair,smoke_001,20.500,205,CA,smoke_pair|smoke_001|CA|8|205,8,,,,0
synthetic,smoke_pair,smoke_pair,train,smoke_pair,smoke_001,20.500,205,CB,smoke_pair|smoke_001|CB|8|205,8,,,,0
synthetic,smoke_pair,smoke_pair,train,smoke_pair,smoke_001,20.600,206,CA,smoke_pair|smoke_001|CA|1|206,1,,,,0
synthetic,smoke_pair,smoke_pair,train,smoke_pair,smoke_001,20.600,206,CB,smoke_pair|smoke_001|CB|1|206,1,,,,0
synthetic,smoke_pair,smoke_pair,train,smoke_pair,smoke_001,20.600,206,CA,smoke_pair|smoke_001|CA|2|206,2,,,,0
synthetic,smoke_pair,smoke_pair,train,smoke_pair,smoke_001,20.600,206,CB,smoke_pair|smoke_001|CB|2|206,2,,,,0
synthetic,smoke_pair,smoke_pair,train,smoke_pair,smoke_001,20.600,206,CA,smoke_pair|smoke_001|CA|3|206,3,,,,0
synthetic,smoke_pair,smoke_pair,train,smoke_pair,smoke_001,20.600,206,CB,smoke_pair|smoke_001|CB|3|206,3,,,,0
synthetic,smoke_pair,smoke_pair,train,smoke_pair,smoke_001,20.600,206,CA,smoke_pair|smoke_001|CA|4|206,4,,,,0
synthetic,smoke_pair,smoke_pair,train,smoke_pair,smoke_001,20.600,206,CB,smoke_pair|smoke_001|CB|4|206,4,,,,0
synthetic,smoke_pair,smoke_pair,train,smoke_pair,smoke_001,20.600,206,CA,smoke_pair|smoke_001|CA|5|206,5,,,,0
synthetic,smoke_pair,smoke_pair,train,smoke_pair,smoke_001,20.600,206,CB,smoke_pair|smoke_001|CB|5|206,5,,,,0
synthetic,smoke_pair,smoke_pair,train,smoke_pair,smoke_001,20.600,206,CA,smoke_pair|smoke_001|CA|6|206,6,,,,0
synthetic,smoke_pair,smoke_pair,train,smoke_pair,smoke_001,20.600,206,CB,smoke_pair|smoke_001|CB|6|206,6,,,,0
synthetic,smoke_pair,smoke_pair,train,smoke_pair,smoke_001,20.600,206,CA,smoke_pair|smoke_001|CA|7|206,7,,,,0
synthetic,smoke_pair,smoke_pair,train,smoke_pair,smoke_001,20.600,206,CB,smoke_pair|smoke_001|CB|7|206,7,,,,0
synthetic,smoke_pair,smoke_pair,train,smoke_pair,smoke_001,20.600,206,CA,smoke_pair|smoke_001|CA|8|206,8,,,,0
synthetic,smoke_pair,smoke_pair,train,smoke_pair,smoke_001,20.600,206,CB,smoke_pair|smoke_001|CB|8|206,8,,,,0
synthetic,smoke_pair,smoke_pair,train,smoke_pair,smoke_001,20.700,207,CA,smoke_pair|smoke_001|CA|1|207,1,,,,0
synthetic,smoke_pair,smoke_pair,train,smoke_pair,smoke_001,20.700,207,CB,smoke_pair|smoke_001|CB|1|207,1,,,,0
synthetic,smoke_pair,smoke_pair,train,smoke_pair,smoke_001,20.700,207,CA,smoke_pair|smoke_001|CA|2|207,2,,,,0
synthetic,smoke_pair,smoke_pair,train,smoke_pair,smoke_001,20.700,207,CB,smoke_pair|smoke_001|CB|2|207,2,,,,0
synthetic,smoke_pair,smoke_pair,train,smoke_pair,smoke_001,20.700,207,CA,smoke_pair|smoke_001|CA|3|207,3,,,,0
synthetic,smoke_pair,smoke_pair,train,smoke_pair,smoke_001,20.700,207,CB,smoke_pair|smoke_001|CB|3|207,3,,,,0
synthetic,smoke_pair,smoke_pair,train,smoke_pair,smoke_001,20.700,207,CA,smoke_pair|smoke_001|CA|4|207,4,,,,0
synthetic,smoke_pair,smoke_pair,train,smoke_pair,smoke_001,20.700,207,CB,smoke_pair|smoke_001|CB|4|207,4,,,,0
synthetic,smoke_pair,smoke_pair,train,smoke_pair,smoke_001,20.700,207,CA,smoke_pair|smoke_001|CA|5|207,5,,,,0
synthetic,smoke_pair,smoke_pair,train,smoke_pair,smoke_001,20.700,207,CB,smoke_pair|smoke_001|CB|5|207,5,,,,0
synthetic,smoke_pair,smoke_pair,train,smoke_pair,smoke_001,20.700,207,CA,smoke_pair|smoke_001|CA|6|207,6,,,,0
synthetic,smoke_pair,smoke_pair,train,smoke_pair,smoke_001,20.700,207,CB,smoke_pair|smoke_001|CB|6|207,6,,,,0
synthetic,smoke_pair,smoke_pair,train,smoke_pair,smoke_001,20.700,207,CA,smoke_pair|smoke_001|CA|7|207,7,,,,0
synthetic,smoke_pair,smoke_pair,train,smoke_pair,smoke_001,20.700,207,CB,smoke_pair|smoke_001|CB|7|207,7,,,,0
synthetic,smoke_pair,smoke_pair,train,smoke_pair,smoke_001,20.700,207,CA,smoke_pair|smoke_001|CA|8|207,8,,,,0
synthetic,smoke_pair,smoke_pair,train,smoke_pair,smoke_001,20.700,207,CB,smoke_pair|smoke_001|CB|8|207,8,,,,0
synthetic,smoke_pair,smoke_pair,train,smoke_pair,smoke_001,20.800,208,CA,smoke_pair|smoke_001|CA|1|208,1,,,,0
synthetic,smoke_pair,smoke_pair,train,smoke_pair,smoke_001,20.800,208,CB,smoke_pair|smoke_001|CB|1|208,1,,,,0
synthetic,smoke_pair,smoke_pair,train,smoke_pair,smoke_001,20.800,208,CA,smoke_pair|smoke_001|CA|2|208,2,,,,0
synthetic,smoke_pair,smoke_pair,train,smoke_pair,smoke_001,20.800,208,CB,smoke_pair|smoke_001|CB|2|208,2,,,,0
synthetic,smoke_pair,smoke_pair,train,smoke_pair,smoke_001,20.800,208,CA,smoke_pair|smoke_001|CA|3|208,3,,,,0
synthetic,smoke_pair,smoke_pair,train,smoke_pair,smoke_001,20.800,208,CB,smoke_pair|smoke_001|CB|3|208,3,,,,0
synthetic,smoke_pair,smoke_pair,train,smoke_pair,smoke_001,20.800,208,CA,smoke_pair|smoke_001|CA|4|208,4,,,,0
synthetic,smoke_pair,smoke_pair,train,smoke_pair,smoke_001,20.800,208,CB,smoke_pair|smoke_001|CB|4|208,4,,,,0
synthetic,smoke_pair,smoke_pair,train,smoke_pair,smoke_001,20.800,208,CA,smoke_pair|smoke_001|CA|5|208,5,,,,0
synthetic,smoke_pair,smoke_pair,train,smoke_pair,smoke_001,20.800,208,CB,smoke_pair|smoke_001|CB|5|208,5,,,,0
synthetic,smoke_pair,smoke_pair,train,smoke_pair,smoke_001,20.800,208,CA,smoke_pair|smoke_001|CA|6|208,6,,,,0
synthetic,smoke_pair,smoke_pair,train,smoke_pair,smoke_001,20.800,208,CB,smoke_pair|smoke_001|CB|6|208,6,,,,0
synthetic,smoke_pair,smoke_pair,train,smoke_pair,smoke_001,20.800,208,CA,smoke_pair|smoke_001|CA|7|208,7,,,,0
synthetic,smoke_pair,smoke_pair,train,smoke_pair,smoke_001,20.800,208,CB,smoke_pair|smoke_001|CB|7|208,7,,,,0
synthetic,smoke_pair,smoke_pair,train,smoke_pair,smoke_001,20.800,208,CA,smoke_pair|smoke_001|CA|8|208,8,,,,0
synthetic,smoke_pair,smoke_pair,train,smoke_pair,smoke_001,20.800,208,CB,smoke_pair|smoke_001|CB|8|208,8,,,,0
synthetic,smoke_pair,smoke_pair,train,smoke_pair,smoke_001,20.900,209,CA,smoke_pair|smoke_001|CA|1|209,1,,,,0
synthetic,smoke_pair,smoke_pair,train,smoke_pair,smoke_001,20.900,209,CB,smoke_pair|smoke_001|CB|1|209,1,,,,0
synthetic,smoke_pair,smoke_pair,train,smoke_pair,smoke_001,20.900,209,CA,smoke_pair|smoke_001|CA|2|209,2,,,,0
synthetic,smoke_pair,smoke_pair,train,smoke_pair,smoke_001,20.900,209,CB,smoke_pair|smoke_001|CB|2|209,2,,,,0
synthetic,smoke_pair,smoke_pair,train,smoke_pair,smoke_001,20.900,209,CA,smoke_pair|smoke_001|CA|3|209,3,,,,0
synthetic,smoke_pair,smoke_pair,train,smoke_pair,smoke_001,20.900,209,CB,smoke_pair|smoke_001|CB|3|209,3,,,,0
synthetic,smoke_pair,smoke_pair,train,smoke_pair,smoke_001,20.900,209,CA,smoke_pair|smoke_001|CA|4|209,4,,,,0
synthetic,smoke_pair,smoke_pair,train,smoke_pair,smoke_001,20.900,209,CB,smoke_pair|smoke_001|CB|4|209,4,,,,0
synthetic,smoke_pair,smoke_pair,train,smoke_pair,smoke_001,20.900,209,CA,smoke_pair|smoke_001|CA|5|209,5,,,,0
synthetic,smoke_pair,smoke_pair,train,smoke_pair,smoke_001,20.900,209,CB,smoke_pair|smoke_001|CB|5|209,5,,,,0
synthetic,smoke_pair,smoke_pair,train,smoke_pair,smoke_001,20.900,209,CA,smoke_pair|smoke_001|CA|6|209,6,,,,0
synthetic,smoke_pair,smoke_pair,train,smoke_pair,smoke_001,20.900,209,CB,smoke_pair|smoke_001|CB|6|209,6,,,,0
synthetic,smoke_pair,smoke_pair,train,smoke_pair,smoke_001,20.900,209,CA,smoke_pair|smoke_001|CA|7|209,7,,,,0
synthetic,smoke_pair,smoke_pair,train,smoke_pair,smoke_001,20.900,209,CB,smoke_pair|smoke_001|CB|7|209,7,,,,0
synthetic,smoke_pair,smoke_pair,train,smoke_pair,smoke_001,20.900,209,CA,smoke_pair|smoke_001|CA|8|209,8,,,,0
synthetic,smoke_pair,smoke_pair,train,smoke_pair,smoke_001,20.900,209,CB,smoke_pair|smoke_001|CB|8|209,8,,,,0
synthetic,smoke_pair,smoke_pair,train,smoke_pair,smoke_001,21.000,210,CA,smoke_pair|smoke_001|CA|1|210,1,,,,0
synthetic,smoke_pair,smoke_pair,train,smoke_pair,smoke_001,21.000,210,CB,smoke_pair|smoke_001|CB|1|210,1,,,,0
synthetic,smoke_pair,smoke_pair,train,smoke_pair,smoke_001,21.000,210,CA,smoke_pair|smoke_001|CA|2|210,2,,,,0
synthetic,smoke_pair,smoke_pair,train,smoke_pair,smoke_001,21.000,210,CB,smoke_pair|smoke_001|CB|2|210,2,,,,0
synthetic,smoke_pair,smoke_pair,train,smoke_pair,smoke_001,21.000,210,CA,smoke_pair|smoke_001|CA|3|210,3,,,,0
synthetic,smoke_pair,smoke_pair,train,smoke_pair,smoke_001,21.000,210,CB,smoke_pair|smoke_001|CB|3|210,3,,,,0
synthetic,smoke_pair,smoke_pair,train,smoke_pair,smoke_001,21.000,210,CA,smoke_pair|smoke_001|CA|4|210,4,,,,0
synthetic,smoke_pair,smoke_pair,train,smoke_pair,smoke_001,21.000,210,CB,smoke_pair|smoke_001|CB|4|210,4,,,,0
synthetic,smoke_pair,smoke_pair,train,smoke_pair,smoke_001,21.000,210,CA,smoke_pair|smoke_001|CA|5|210,5,,,,0
synthetic,smoke_pair,smoke_pair,train,smoke_pair,smoke_001,21.000,210,CB,smoke_pair|smoke_001|CB|5|210,5,,,,0
synthetic,smoke_pair,smoke_pair,train,smoke_pair,smoke_001,21.000,210,CA,smoke_pair|smoke_001|CA|6|210,6,,,,0
synthetic,smoke_pair,smoke_pair,train,smoke_pair,smoke_001,21.000,210,CB,smoke_pair|smoke_001|CB|6|210,6,,,,0
synthetic,smoke_pair,smoke_pair,train,smoke_pair,smoke_001,21.000,210,CA,smoke_pair|smoke_001|CA|7|210,7,,,,0
synthetic,smoke_pair,smoke_pair,train,smoke_pair,smoke_001,21.000,210,CB,smoke_pair|smoke_001|CB|7|210,7,,,,0
synthetic,smoke_pair,smoke_pair,train,smoke_pair,smoke_001,21.000,210,CA,smoke_pair|smoke_001|CA|8|210,8,,,,0
synthetic,smoke_pair,smoke_pair,train,smoke_pair,smoke_001,21.000,210,CB,smoke_pair|smoke_001|CB|8|210,8,,,,0
synthetic,smoke_pair,smoke_pair,train,smoke_pair,smoke_001,21.100,211,CA,smoke_pair|smoke_001|CA|1|211,1,,,,0
synthetic,smoke_pair,smoke_pair,train,smoke_pair,smoke_001,21.100,211,CB,smoke_pair|smoke_001|CB|1|211,1,,,,0
synthetic,smoke_pair,smoke_pair,train,smoke_pair,smoke_001,21.100,211,CA,smoke_pair|smoke_001|CA|2|211,2,,,,0
synthetic,smoke_pair,smoke_pair,train,smoke_pair,smoke_001,21.100,211,CB,smoke_pair|smoke_001|CB|2|211,2,,,,0
synthetic,smoke_pair,smoke_pair,train,smoke_pair,smoke_001,21.100,211,CA,smoke_pair|smoke_001|CA|3|211,3,,,,0
synthetic,smoke_pair,smoke_pair,train,smoke_pair,smoke_001,21.100,211,CB,smoke_pair|smoke_001|CB|3|211,3,,,,0
synthetic,smoke_pair,smoke_pair,train,smoke_pair,smoke_001,21.100,211,CA,smoke_pair|smoke_001|CA|4|211,4,,,,0
synthetic,smoke_pair,smoke_pair,train,smoke_pair,smoke_001,21.100,211,CB,smoke_pair|smoke_001|CB|4|211,4,,,,0
synthetic,smoke_pair,smoke_pair,train,smoke_pair,smoke_001,21.100,211,CA,smoke_pair|smoke_001|CA|5|211,5,,,,0
synthetic,smoke_pair,smoke_pair,train,smoke_pair,smoke_001,21.100,211,CB,smoke_pair|smoke_001|CB|5|211,5,,,,0
synthetic,smoke_pair,smoke_pair,train,smoke_pair,smoke_001,21.100,211,CA,smoke_pair|smoke_001|CA|6|211,6,,,,0
synthetic,smoke_pair,smoke_pair,train,smoke_pair,smoke_001,21.100,211,CB,smoke_pair|smoke_001|CB|6|211,6,,,,0
synthetic,smoke_pair,smoke_pair,train,smoke_pair,smoke_001,21.100,211,CA,smoke_pair|smoke_001|CA|7|211,7,,,,0
synthetic,smoke_pair,smoke_pair,train,smoke_pair,smoke_001,21.100,211,CB,smoke_pair|smoke_001|CB|7|211,7,,,,0
synthetic,smoke_pair,smoke_pair,train,smoke_pair,smoke_001,21.100,211,CA,smoke_pair|smoke_001|CA|8|211,8,,,,0
synthetic,smoke_pair,smoke_pair,train,smoke_pair,smoke_001,21.100,211,CB,smoke_pair|smoke_001|CB|8|211,8,,,,0
synthetic,smoke_pair,smoke_pair,train,smoke_pair,smoke_001,21.200,212,CA,smoke_pair|smoke_001|CA|1|212,1,,,,0
synthetic,smoke_pair,smoke_pair,train,smoke_pair,smoke_001,21.200,212,CB,smoke_pair|smoke_001|CB|1|212,1,,,,0
synthetic,smoke_pair,smoke_pair,train,smoke_pair,smoke_001,21.200,212,CA,smoke_pair|smoke_001|CA|2|212,2,,,,0
synthetic,smoke_pair,smoke_pair,train,smoke_pair,smoke_001,21.200,212,CB,smoke_pair|smoke_001|CB|2|212,2,,,,0
synthetic,smoke_pair,smoke_pair,train,smoke_pair,smoke_001,21.200,212,CA,smoke_pair|smoke_001|CA|3|212,3,,,,0
synthetic,smoke_pair,smoke_pair,train,smoke_pair,smoke_001,21.200,212,CB,smoke_pair|smoke_001|CB|3|212,3,,,,0
synthetic,smoke_pair,smoke_pair,train,smoke_pair,smoke_001,21.200,212,CA,smoke_pair|smoke_001|CA|4|212,4,,,,0
synthetic,smoke_pair,smoke_pair,train,smoke_pair,smoke_001,21.200,212,CB,smoke_pair|smoke_001|CB|4|212,4,,,,0
synthetic,smoke_pair,smoke_pair,train,smoke_pair,smoke_001,21.200,212,CA,smoke_pair|smoke_001|CA|5|212,5,,,,0
synthetic,smoke_pair,smoke_pair,train,smoke_pair,smoke_001,21.200,212,CB,smoke_pair|smoke_001|CB|5|212,5,,,,0
synthetic,smoke_pair,smoke_pair,train,smoke_pair,smoke_001,21.200,212,CA,smoke_pair|smoke_001|CA|6|212,6,,,,0
synthetic,smoke_pair,smoke_pair,train,smoke_pair,smoke_001,21.200,212,CB,smoke_pair|smoke_001|CB|6|212,6,,,,0
synthetic,smoke_pair,smoke_pair,train,smoke_pair,smoke_001,21.200,212,CA,smoke_pair|smoke_001|CA|7|212,7,,,,0
synthetic,smoke_pair,smoke_pair,train,smoke_pair,smoke_001,21.200,212,CB,smoke_pair|smoke_001|CB|7|212,7,,,,0
synthetic,smoke_pair,smoke_pair,train,smoke_pair,smoke_001,21.200,212,CA,smoke_pair|smoke_001|CA|8|212,8,,,,0
synthetic,smoke_pair,smoke_pair,train,smoke_pair,smoke_001,21.200,212,CB,smoke_pair|smoke_001|CB|8|212,8,,,,0
synthetic,smoke_pair,smoke_pair,train,smoke_pair,smoke_001,21.300,213,CA,smoke_pair|smoke_001|CA|1|213,1,,,,0
synthetic,smoke_pair,smoke_pair,train,smoke_pair,smoke_001,21.300,213,CB,smoke_pair|smoke_001|CB|1|213,1,,,,0
synthetic,smoke_pair,smoke_pair,train,smoke_pair,smoke_001,21.300,213,CA,smoke_pair|smoke_001|CA|2|213,2,,,,0
synthetic,smoke_pair,smoke_pair,train,smoke_pair,smoke_001,21.300,213,CB,smoke_pair|smoke_001|CB|2|213,2,,,,0
synthetic,smoke_pair,smoke_pair,train,smoke_pair,smoke_001,21.300,213,CA,smoke_pair|smoke_001|CA|3|213,3,,,,0
synthetic,smoke_pair,smoke_pair,train,smoke_pair,smoke_001,21.300,213,CB,smoke_pair|smoke_001|CB|3|213,3,,,,0
synthetic,smoke_pair,smoke_pair,train,smoke_pair,smoke_001,21.300,213,CA,smoke_pair|smoke_001|CA|4|213,4,,,,0
synthetic,smoke_pair,smoke_pair,train,smoke_pair,smoke_001,21.300,213,CB,smoke_pair|smoke_001|CB|4|213,4,,,,0
synthetic,smoke_pair,smoke_pair,train,smoke_pair,smoke_001,21.300,213,CA,smoke_pair|smoke_001|CA|5|213,5,,,,0
synthetic,smoke_pair,smoke_pair,train,smoke_pair,smoke_001,21.300,213,CB,smoke_pair|smoke_001|CB|5|213,5,,,,0
synthetic,smoke_pair,smoke_pair,train,smoke_pair,smoke_001,21.300,213,CA,smoke_pair|smoke_001|CA|6|213,6,,,,0
synthetic,smoke_pair,smoke_pair,train,smoke_pair,smoke_001,21.300,213,CB,smoke_pair|smoke_001|CB|6|213,6,,,,0
synthetic,smoke_pair,smoke_pair,train,smoke_pair,smoke_001,21.300,213,CA,smoke_pair|smoke_001|CA|7|213,7,,,,0
synthetic,smoke_pair,smoke_pair,train,smoke_pair,smoke_001,21.300,213,CB,smoke_pair|smoke_001|CB|7|213,7,,,,0
synthetic,smoke_pair,smoke_pair,train,smoke_pair,smoke_001,21.300,213,CA,smoke_pair|smoke_001|CA|8|213,8,,,,0
synthetic,smoke_pair,smoke_pair,train,smoke_pair,smoke_001,21.300,213,CB,smoke_pair|smoke_001|CB|8|213,8,,,,0
synthetic,smoke_pair,smoke_pair,train,smoke_pair,smoke_001,21.400,214,CA,smoke_pair|smoke_001|CA|1|214,1,,,,0
synthetic,smoke_pair,smoke_pair,train,smoke_pair,smoke_001,21.400,214,CB,smoke_pair|smoke_001|CB|1|214,1,,,,0
synthetic,smoke_pair,smoke_pair,train,smoke_pair,smoke_001,21.400,214,CA,smoke_pair|smoke_001|CA|2|214,2,,,,0
synthetic,smoke_pair,smoke_pair,train,smoke_pair,smoke_001,21.400,214,CB,smoke_pair|smoke_001|CB|2|214,2,,,,0
synthetic,smoke_pair,smoke_pair,train,smoke_pair,smoke_001,21.400,214,CA,smoke_pair|smoke_001|CA|3|214,3,,,,0
synthetic,smoke_pair,smoke_pair,train,smoke_pair,smoke_001,21.400,214,CB,smoke_pair|smoke_001|CB|3|214,3,,,,0
synthetic,smoke_pair,smoke_pair,train,smoke_pair,smoke_001,21.400,214,CA,smoke_pair|smoke_001|CA|4|214,4,,,,0
synthetic,smoke_pair,smoke_pair,train,smoke_pair,smoke_001,21.400,214,CB,smoke_pair|smoke_001|CB|4|214,4,,,,0
synthetic,smoke_pair,smoke_pair,train,smoke_pair,smoke_001,21.400,214,CA,smoke_pair|smoke_001|CA|5|214,5,,,,0
synthetic,smoke_pair,smoke_pair,train,smoke_pair,smoke_001,21.400,214,CB,smoke_pair|smoke_001|CB|5|214,5,,,,0
synthetic,smoke_pair,smoke_pair,train,smoke_pair,smoke_001,21.400,214,CA,smoke_pair|smoke_001|CA|6|214,6,,,,0
synthetic,smoke_pair,smoke_pair,train,smoke_pair,smoke_001,21.400,214,CB,smoke_pair|smoke_001|CB|6|214,6,,,,0
synthetic,smoke_pair,smoke_pair,train,smoke_pair,smoke_001,21.400,214,CA,smoke_pair|smoke_001|CA|7|214,7,,,,0
synthetic,smoke_pair,smoke_pair,train,smoke_pair,smoke_001,21.400,214,CB,smoke_pair|smoke_001|CB|7|214,7,,,,0
synthetic,smoke_pair,smoke_pair,train,smoke_pair,smoke_001,21.400,214,CA,smoke_pair|smoke_001|CA|8|214,8,,,,0
synthetic,smoke_pair,smoke_pair,train,smoke_pair,smoke_001,21.400,214,CB,smoke_pair|smoke_001|CB|8|214,8,,,,0
synthetic,smoke_pair,smoke_pair,train,smoke_pair,smoke_001,21.500,215,CA,smoke_pair|smoke_001|CA|1|215,1,,,,0
synthetic,smoke_pair,smoke_pair,train,smoke_pair,smoke_001,21.500,215,CB,smoke_pair|smoke_001|CB|1|215,1,,,,0
synthetic,smoke_pair,smoke_pair,train,smoke_pair,smoke_001,21.500,215,CA,smoke_pair|smoke_001|CA|2|215,2,,,,0
synthetic,smoke_pair,smoke_pair,train,smoke_pair,smoke_001,21.500,215,CB,smoke_pair|smoke_001|CB|2|215,2,,,,0
synthetic,smoke_pair,smoke_pair,train,smoke_pair,smoke_001,21.500,215,CA,smoke_pair|smoke_001|CA|3|215,3,,,,0
synthetic,smoke_pair,smoke_pair,train,smoke_pair,smoke_001,21.500,215,CB,smoke_pair|smoke_001|CB|3|215,3,,,,0
synthetic,smoke_pair,smoke_pair,train,smoke_pair,smoke_001,21.500,215,CA,smoke_pair|smoke_001|CA|4|215,4,,,,0
synthetic,smoke_pair,smoke_pair,train,smoke_pair,smoke_001,21.500,215,CB,smoke_pair|smoke_001|CB|4|215,4,,,,0
synthetic,smoke_pair,smoke_pair,train,smoke_pair,smoke_001,21.500,215,CA,smoke_pair|smoke_001|CA|5|215,5,,,,0
synthetic,smoke_pair,smoke_pair,train,smoke_pair,smoke_001,21.500,215,CB,smoke_pair|smoke_001|CB|5|215,5,,,,0
synthetic,smoke_pair,smoke_pair,train,smoke_pair,smoke_001,21.500,215,CA,smoke_pair|smoke_001|CA|6|215,6,,,,0
synthetic,smoke_pair,smoke_pair,train,smoke_pair,smoke_001,21.500,215,CB,smoke_pair|smoke_001|CB|6|215,6,,,,0
synthetic,smoke_pair,smoke_pair,train,smoke_pair,smoke_001,21.500,215,CA,smoke_pair|smoke_001|CA|7|215,7,,,,0
synthetic,smoke_pair,smoke_pair,train,smoke_pair,smoke_001,21.500,215,CB,smoke_pair|smoke_001|CB|7|215,7,,,,0
synthetic,smoke_pair,smoke_pair,train,smoke_pair,smoke_001,21.500,215,CA,smoke_pair|smoke_001|CA|8|215,8,,,,0
synthetic,smoke_pair,smoke_pair,train,smoke_pair,smoke_001,21.500,215,CB,smoke_pair|smoke_001|CB|8|215,8,,,,0
synthetic,smoke_pair,smoke_pair,train,smoke_pair,smoke_001,21.600,216,CA,smoke_pair|smoke_001|CA|1|216,1,,,,0
synthetic,smoke_pair,smoke_pair,train,smoke_pair,smoke_001,21.600,216,CB,smoke_pair|smoke_001|CB|1|216,1,,,,0
synthetic,smoke_pair,smoke_pair,train,smoke_pair,smoke_001,21.600,216,CA,smoke_pair|smoke_001|CA|2|216,2,,,,0
synthetic,smoke_pair,smoke_pair,train,smoke_pair,smoke_001,21.600,216,CB,smoke_pair|smoke_001|CB|2|216,2,,,,0
synthetic,smoke_pair,smoke_pair,train,smoke_pair,smoke_001,21.600,216,CA,smoke_pair|smoke_001|CA|3|216,3,,,,0
synthetic,smoke_pair,smoke_pair,train,smoke_pair,smoke_001,21.600,216,CB,smoke_pair|smoke_001|CB|3|216,3,,,,0
synthetic,smoke_pair,smoke_pair,train,smoke_pair,smoke_001,21.600,216,CA,smoke_pair|smoke_001|CA|4|216,4,,,,0
synthetic,smoke_pair,smoke_pair,train,smoke_pair,smoke_001,21.600,216,CB,smoke_pair|smoke_001|CB|4|216,4,,,,0
synthetic,smoke_pair,smoke_pair,train,smoke_pair,smoke_001,21.600,216,CA,smoke_pair|smoke_001|CA|5|216,5,,,,0
synthetic,smoke_pair,smoke_pair,train,smoke_pair,smoke_001,21.600,216,CB,smoke_pair|smoke_001|CB|5|216,5,,,,0
synthetic,smoke_pair,smoke_pair,train,smoke_pair,smoke_001,21.600,216,CA,smoke_pair|smoke_001|CA|6|216,6,,,,0
synthetic,smoke_pair,smoke_pair,train,smoke_pair,smoke_001,21.600,216,CB,smoke_pair|smoke_001|CB|6|216,6,,,,0
synthetic,smoke_pair,smoke_pair,train,smoke_pair,smoke_001,21.600,216,CA,smoke_pair|smoke_001|CA|7|216,7,,,,0
synthetic,smoke_pair,smoke_pair,train,smoke_pair,smoke_001,21.600,216,CB,smoke_pair|smoke_001|CB|7|216,7,,,,0
synthetic,smoke_pair,smoke_pair,train,smoke_pair,smoke_001,21.600,216,CA,smoke_pair|smoke_001|CA|8|216,8,,,,0
synthetic,smoke_pair,smoke_pair,train,smoke_pair,smoke_001,21.600,216,CB,smoke_pair|smoke_001|CB|8|216,8,,,,0
synthetic,smoke_pair,smoke_pair,train,smoke_pair,smoke_001,21.700,217,CA,smoke_pair|smoke_001|CA|1|217,1,,,,0
synthetic,smoke_pair,smoke_pair,train,smoke_pair,smoke_001,21.700,217,CB,smoke_pair|smoke_001|CB|1|217,1,,,,0
synthetic,smoke_pair,smoke_pair,train,smoke_pair,smoke_001,21.700,217,CA,smoke_pair|smoke_001|CA|2|217,2,,,,0
synthetic,smoke_pair,smoke_pair,train,smoke_pair,smoke_001,21.700,217,CB,smoke_pair|smoke_001|CB|2|217,2,,,,0
synthetic,smoke_pair,smoke_pair,train,smoke_pair,smoke_001,21.700,217,CA,smoke_pair|smoke_001|CA|3|217,3,,,,0
synthetic,smoke_pair,smoke_pair,train,smoke_pair,smoke_001,21.700,217,CB,smoke_pair|smoke_001|CB|3|217,3,,,,0
synthetic,smoke_pair,smoke_pair,train,smoke_pair,smoke_001,21.700,217,CA,smoke_pair|smoke_001|CA|4|217,4,,,,0
synthetic,smoke_pair,smoke_pair,train,smoke_pair,smoke_001,21.700,217,CB,smoke_pair|smoke_001|CB|4|217,4,,,,0
synthetic,smoke_pair,smoke_pair,train,smoke_pair,smoke_001,21.700,217,CA,smoke_pair|smoke_001|CA|5|217,5,,,,0
synthetic,smoke_pair,smoke_pair,train,smoke_pair,smoke_001,21.700,217,CB,smoke_pair|smoke_001|CB|5|217,5,,,,0
synthetic,smoke_pair,smoke_pair,train,smoke_pair,smoke_001,21.700,217,CA,smoke_pair|smoke_001|CA|6|217,6,,,,0
synthetic,smoke_pair,smoke_pair,train,smoke_pair,smoke_001,21.700,217,CB,smoke_pair|smoke_001|CB|6|217,6,,,,0
synthetic,smoke_pair,smoke_pair,train,smoke_pair,smoke_001,21.700,217,CA,smoke_pair|smoke_001|CA|7|217,7,,,,0
synthetic,smoke_pair,smoke_pair,train,smoke_pair,smoke_001,21.700,217,CB,smoke_pair|smoke_001|CB|7|217,7,,,,0
synthetic,smoke_pair,smoke_pair,train,smoke_pair,smoke_001,21.700,217,CA,smoke_pair|smoke_001|CA|8|217,8,,,,0
synthetic,smoke_pair,smoke_pair,train,smoke_pair,smoke_001,21.700,217,CB,smoke_pair|smoke_001|CB|8|217,8,,,,0
synthetic,smoke_pair,smoke_pair,train,smoke_pair,smoke_001,21.800,218,CA,smoke_pair|smoke_001|CA|1|218,1,,,,0
synthetic,smoke_pair,smoke_pair,train,smoke_pair,smoke_001,21.800,218,CB,smoke_pair|smoke_001|CB|1|218,1,,,,0
synthetic,smoke_pair,smoke_pair,train,smoke_pair,smoke_001,21.800,218,CA,smoke_pair|smoke_001|CA|2|218,2,,,,0
synthetic,smoke_pair,smoke_pair,train,smoke_pair,smoke_001,21.800,218,CB,smoke_pair|smoke_001|CB|2|218,2,,,,0
synthetic,smoke_pair,smoke_pair,train,smoke_pair,smoke_001,21.800,218,CA,smoke_pair|smoke_001|CA|3|218,3,,,,0
synthetic,smoke_pair,smoke_pair,train,smoke_pair,smoke_001,21.800,218,CB,smoke_pair|smoke_001|CB|3|218,3,,,,0
synthetic,smoke_pair,smoke_pair,train,smoke_pair,smoke_001,21.800,218,CA,smoke_pair|smoke_001|CA|4|218,4,,,,0
synthetic,smoke_pair,smoke_pair,train,smoke_pair,smoke_001,21.800,218,CB,smoke_pair|smoke_001|CB|4|218,4,,,,0
synthetic,smoke_pair,smoke_pair,train,smoke_pair,smoke_001,21.800,218,CA,smoke_pair|smoke_001|CA|5|218,5,,,,0
synthetic,smoke_pair,smoke_pair,train,smoke_pair,smoke_001,21.800,218,CB,smoke_pair|smoke_001|CB|5|218,5,,,,0
synthetic,smoke_pair,smoke_pair,train,smoke_pair,smoke_001,21.800,218,CA,smoke_pair|smoke_001|CA|6|218,6,,,,0
synthetic,smoke_pair,smoke_pair,train,smoke_pair,smoke_001,21.800,218,CB,smoke_pair|smoke_001|CB|6|218,6,,,,0
synthetic,smoke_pair,smoke_pair,train,smoke_pair,smoke_001,21.800,218,CA,smoke_pair|smoke_001|CA|7|218,7,,,,0
synthetic,smoke_pair,smoke_pair,train,smoke_pair,smoke_001,21.800,218,CB,smoke_pair|smoke_001|CB|7|218,7,,,,0
synthetic,smoke_pair,smoke_pair,train,smoke_pair,smoke_001,21.800,218,CA,smoke_pair|smoke_001|CA|8|218,8,,,,0
synthetic,smoke_pair,smoke_pair,train,smoke_pair,smoke_001,21.800,218,CB,smoke_pair|smoke_001|CB|8|218,8,,,,0
synthetic,smoke_pair,smoke_pair,train,smoke_pair,smoke_001,21.900,219,CA,smoke_pair|smoke_001|CA|1|219,1,,,,0
synthetic,smoke_pair,smoke_pair,train,smoke_pair,smoke_001,21.900,219,CB,smoke_pair|smoke_001|CB|1|219,1,,,,0
synthetic,smoke_pair,smoke_pair,train,smoke_pair,smoke_001,21.900,219,CA,smoke_pair|smoke_001|CA|2|219,2,,,,0
synthetic,smoke_pair,smoke_pair,train,smoke_pair,smoke_001,21.900,219,CB,smoke_pair|smoke_001|CB|2|219,2,,,,0
synthetic,smoke_pair,smoke_pair,train,smoke_pair,smoke_001,21.900,219,CA,smoke_pair|smoke_001|CA|3|219,3,,,,0
synthetic,smoke_pair,smoke_pair,train,smoke_pair,smoke_001,21.900,219,CB,smoke_pair|smoke_001|CB|3|219,3,,,,0
synthetic,smoke_pair,smoke_pair,train,smoke_pair,smoke_001,21.900,219,CA,smoke_pair|smoke_001|CA|4|219,4,,,,0
synthetic,smoke_pair,smoke_pair,train,smoke_pair,smoke_001,21.900,219,CB,smoke_pair|smoke_001|CB|4|219,4,,,,0
synthetic,smoke_pair,smoke_pair,train,smoke_pair,smoke_001,21.900,219,CA,smoke_pair|smoke_001|CA|5|219,5,,,,0
synthetic,smoke_pair,smoke_pair,train,smoke_pair,smoke_001,21.900,219,CB,smoke_pair|smoke_001|CB|5|219,5,,,,0
synthetic,smoke_pair,smoke_pair,train,smoke_pair,smoke_001,21.900,219,CA,smoke_pair|smoke_001|CA|6|219,6,,,,0
synthetic,smoke_pair,smoke_pair,train,smoke_pair,smoke_001,21.900,219,CB,smoke_pair|smoke_001|CB|6|219,6,,,,0
synthetic,smoke_pair,smoke_pair,train,smoke_pair,smoke_001,21.900,219,CA,smoke_pair|smoke_001|CA|7|219,7,,,,0
synthetic,smoke_pair,smoke_pair,train,smoke_pair,smoke_001,21.900,219,CB,smoke_pair|smoke_001|CB|7|219,7,,,,0
synthetic,smoke_pair,smoke_pair,train,smoke_pair,smoke_001,21.900,219,CA,smoke_pair|smoke_001|CA|8|219,8,,,,0
synthetic,smoke_pair,smoke_pair,train,smoke_pair,smoke_001,21.900,219,CB,smoke_pair|smoke_001|CB|8|219,8,,,,0
synthetic,smoke_pair,smoke_pair,train,smoke_pair,smoke_001,22.000,220,CA,smoke_pair|smoke_001|CA|1|220,1,,,,0
synthetic,smoke_pair,smoke_pair,train,smoke_pair,smoke_001,22.000,220,CB,smoke_pair|smoke_001|CB|1|220,1,,,,0
synthetic,smoke_pair,smoke_pair,train,smoke_pair,smoke_001,22.000,220,CA,smoke_pair|smoke_001|CA|2|220,2,,,,0
synthetic,smoke_pair,smoke_pair,train,smoke_pair,smoke_001,22.000,220,CB,smoke_pair|smoke_001|CB|2|220,2,,,,0
synthetic,smoke_pair,smoke_pair,train,smoke_pair,smoke_001,22.000,220,CA,smoke_pair|smoke_001|CA|3|220,3,,,,0
synthetic,smoke_pair,smoke_pair,train,smoke_pair,smoke_001,22.000,220,CB,smoke_pair|smoke_001|CB|3|220,3,,,,0
synthetic,smoke_pair,smoke_pair,train,smoke_pair,smoke_001,22.000,220,CA,smoke_pair|smoke_001|CA|4|220,4,,,,0
synthetic,smoke_pair,smoke_pair,train,smoke_pair,smoke_001,22.000,220,CB,smoke_pair|smoke_001|CB|4|220,4,,,,0
synthetic,smoke_pair,smoke_pair,train,smoke_pair,smoke_001,22.000,220,CA,smoke_pair|smoke_001|CA|5|220,5,,,,0
synthetic,smoke_pair,smoke_pair,train,smoke_pair,smoke_001,22.000,220,CB,smoke_pair|smoke_001|CB|5|220,5,,,,0
synthetic,smoke_pair,smoke_pair,train,smoke_pair,smoke_001,22.000,220,CA,smoke_pair|smoke_001|CA|6|220,6,,,,0
synthetic,smoke_pair,smoke_pair,train,smoke_pair,smoke_001,22.000,220,CB,smoke_pair|smoke_001|CB|6|220,6,,,,0
synthetic,smoke_pair,smoke_pair,train,smoke_pair,smoke_001,22.000,220,CA,smoke_pair|smoke_001|CA|7|220,7,,,,0
synthetic,smoke_pair,smoke_pair,train,smoke_pair,smoke_001,22.000,220,CB,smoke_pair|smoke_001|CB|7|220,7,,,,0
synthetic,smoke_pair,smoke_pair,train,smoke_pair,smoke_001,22.000,220,CA,smoke_pair|smoke_001|CA|8|220,8,,,,0
synthetic,smoke_pair,smoke_pair,train,smoke_pair,smoke_001,22.000,220,CB,smoke_pair|smoke_001|CB|8|220,8,,,,0
synthetic,smoke_pair,smoke_pair,train,smoke_pair,smoke_001,22.100,221,CA,smoke_pair|smoke_001|CA|1|221,1,,,,0
synthetic,smoke_pair,smoke_pair,train,smoke_pair,smoke_001,22.100,221,CB,smoke_pair|smoke_001|CB|1|221,1,,,,0
synthetic,smoke_pair,smoke_pair,train,smoke_pair,smoke_001,22.100,221,CA,smoke_pair|smoke_001|CA|2|221,2,,,,0
synthetic,smoke_pair,smoke_pair,train,smoke_pair,smoke_001,22.100,221,CB,smoke_pair|smoke_001|CB|2|221,2,,,,0
synthetic,smoke_pair,smoke_pair,train,smoke_pair,smoke_001,22.100,221,CA,smoke_pair|smoke_001|CA|3|221,3,,,,0
synthetic,smoke_pair,smoke_pair,train,smoke_pair,smoke_001,22.100,221,CB,smoke_pair|smoke_001|CB|3|221,3,,,,0
synthetic,smoke_pair,smoke_pair,train,smoke_pair,smoke_001,22.100,221,CA,smoke_pair|smoke_001|CA|4|221,4,,,,0
synthetic,smoke_pair,smoke_pair,train,smoke_pair,smoke_001,22.100,221,CB,smoke_pair|smoke_001|CB|4|221,4,,,,0
synthetic,smoke_pair,smoke_pair,train,smoke_pair,smoke_001,22.100,221,CA,smoke_pair|smoke_001|CA|5|221,5,,,,0
synthetic,smoke_pair,smoke_pair,train,smoke_pair,smoke_001,22.100,221,CB,smoke_pair|smoke_001|CB|5|221,5,,,,0
synthetic,smoke_pair,smoke_pair,train,smoke_pair,smoke_001,22.100,221,CA,smoke_pair|smoke_001|CA|6|221,6,,,,0
synthetic,smoke_pair,smoke_pair,train,smoke_pair,smoke_001,22.100,221,CB,smoke_pair|smoke_001|CB|6|221,6,,,,0
synthetic,smoke_pair,smoke_pair,train,smoke_pair,smoke_001,22.100,221,CA,smoke_pair|smoke_001|CA|7|221,7,,,,0
synthetic,smoke_pair,smoke_pair,train,smoke_pair,smoke_001,22.100,221,CB,smoke_pair|smoke_001|CB|7|221,7,,,,0
synthetic,smoke_pair,smoke_pair,train,smoke_pair,smoke_001,22.100,221,CA,smoke_pair|smoke_001|CA|8|221,8,,,,0
synthetic,smoke_pair,smoke_pair,train,smoke_pair,smoke_001,22.100,221,CB,smoke_pair|smoke_001|CB|8|221,8,,,,0
synthetic,smoke_pair,smoke_pair,train,smoke_pair,smoke_001,22.200,222,CA,smoke_pair|smoke_001|CA|1|222,1,,,,0
synthetic,smoke_pair,smoke_pair,train,smoke_pair,smoke_001,22.200,222,CB,smoke_pair|smoke_001|CB|1|222,1,,,,0
synthetic,smoke_pair,smoke_pair,train,smoke_pair,smoke_001,22.200,222,CA,smoke_pair|smoke_001|CA|2|222,2,,,,0
synthetic,smoke_pair,smoke_pair,train,smoke_pair,smoke_001,22.200,222,CB,smoke_pair|smoke_001|CB|2|222,2,,,,0
synthetic,smoke_pair,smoke_pair,train,smoke_pair,smoke_001,22.200,222,CA,smoke_pair|smoke_001|CA|3|222,3,,,,0
synthetic,smoke_pair,smoke_pair,train,smoke_pair,smoke_001,22.200,222,CB,smoke_pair|smoke_001|CB|3|222,3,,,,0
synthetic,smoke_pair,smoke_pair,train,smoke_pair,smoke_001,22.200,222,CA,smoke_pair|smoke_001|CA|4|222,4,,,,0
synthetic,smoke_pair,smoke_pair,train,smoke_pair,smoke_001,22.200,222,CB,smoke_pair|smoke_001|CB|4|222,4,,,,0
synthetic,smoke_pair,smoke_pair,train,smoke_pair,smoke_001,22.200,222,CA,smoke_pair|smoke_001|CA|5|222,5,,,,0
synthetic,smoke_pair,smoke_pair,train,smoke_pair,smoke_001,22.200,222,CB,smoke_pair|smoke_001|CB|5|222,5,,,,0
synthetic,smoke_pair,smoke_pair,train,smoke_pair,smoke_001,22.200,222,CA,smoke_pair|smoke_001|CA|6|222,6,,,,0
synthetic,smoke_pair,smoke_pair,train,smoke_pair,smoke_001,22.200,222,CB,smoke_pair|smoke_001|CB|6|222,6,,,,0
synthetic,smoke_pair,smoke_pair,train,smoke_pair,smoke_001,22.200,222,CA,smoke_pair|smoke_001|CA|7|222,7,,,,0
synthetic,smoke_pair,smoke_pair,train,smoke_pair,smoke_001,22.200,222,CB,smoke_pair|smoke_001|CB|7|222,7,,,,0
synthetic,smoke_pair,smoke_pair,train,smoke_pair,smoke_001,22.200,222,CA,smoke_pair|smoke_001|CA|8|222,8,,,,0
synthetic,smoke_pair,smoke_pair,train,smoke_pair,smoke_001,22.200,222,CB,smoke_pair|smoke_001|CB|8|222,8,,,,0
synthetic,smoke_pair,smoke_pair,train,smoke_pair,smoke_001,22.300,223,CA,smoke_pair|smoke_001|CA|1|223,1,,,,0
synthetic,smoke_pair,smoke_pair,train,smoke_pair,smoke_001,22.300,223,CB,smoke_pair|smoke_001|CB|1|223,1,,,,0
synthetic,smoke_pair,smoke_pair,train,smoke_pair,smoke_001,22.300,223,CA,smoke_pair|smoke_001|CA|2|223,2,,,,0
synthetic,smoke_pair,smoke_pair,train,smoke_pair,smoke_001,22.300,223,CB,smoke_pair|smoke_001|CB|2|223,2,,,,0
synthetic,smoke_pair,smoke_pair,train,smoke_pair,smoke_001,22.300,223,CA,smoke_pair|smoke_001|CA|3|223,3,,,,0
synthetic,smoke_pair,smoke_pair,train,smoke_pair,smoke_001,22.300,223,CB,smoke_pair|smoke_001|CB|3|223,3,,,,0
synthetic,smoke_pair,smoke_pair,train,smoke_pair,smoke_001,22.300,223,CA,smoke_pair|smoke_001|CA|4|223,4,,,,0
synthetic,smoke_pair,smoke_pair,train,smoke_pair,smoke_001,22.300,223,CB,smoke_pair|smoke_001|CB|4|223,4,,,,0
synthetic,smoke_pair,smoke_pair,train,smoke_pair,smoke_001,22.300,223,CA,smoke_pair|smoke_001|CA|5|223,5,,,,0
synthetic,smoke_pair,smoke_pair,train,smoke_pair,smoke_001,22.300,223,CB,smoke_pair|smoke_001|CB|5|223,5,,,,0
synthetic,smoke_pair,smoke_pair,train,smoke_pair,smoke_001,22.300,223,CA,smoke_pair|smoke_001|CA|6|223,6,,,,0
synthetic,smoke_pair,smoke_pair,train,smoke_pair,smoke_001,22.300,223,CB,smoke_pair|smoke_001|CB|6|223,6,,,,0
synthetic,smoke_pair,smoke_pair,train,smoke_pair,smoke_001,22.300,223,CA,smoke_pair|smoke_001|CA|7|223,7,,,,0
synthetic,smoke_pair,smoke_pair,train,smoke_pair,smoke_001,22.300,223,CB,smoke_pair|smoke_001|CB|7|223,7,,,,0
synthetic,smoke_pair,smoke_pair,train,smoke_pair,smoke_001,22.300,223,CA,smoke_pair|smoke_001|CA|8|223,8,,,,0
synthetic,smoke_pair,smoke_pair,train,smoke_pair,smoke_001,22.300,223,CB,smoke_pair|smoke_001|CB|8|223,8,,,,0
synthetic,smoke_pair,smoke_pair,train,smoke_pair,smoke_001,22.400,224,CA,smoke_pair|smoke_001|CA|1|224,1,,,,0
synthetic,smoke_pair,smoke_pair,train,smoke_pair,smoke_001,22.400,224,CB,smoke_pair|smoke_001|CB|1|224,1,,,,0
synthetic,smoke_pair,smoke_pair,train,smoke_pair,smoke_001,22.400,224,CA,smoke_pair|smoke_001|CA|2|224,2,,,,0
synthetic,smoke_pair,smoke_pair,train,smoke_pair,smoke_001,22.400,224,CB,smoke_pair|smoke_001|CB|2|224,2,,,,0
synthetic,smoke_pair,smoke_pair,train,smoke_pair,smoke_001,22.400,224,CA,smoke_pair|smoke_001|CA|3|224,3,,,,0
synthetic,smoke_pair,smoke_pair,train,smoke_pair,smoke_001,22.400,224,CB,smoke_pair|smoke_001|CB|3|224,3,,,,0
synthetic,smoke_pair,smoke_pair,train,smoke_pair,smoke_001,22.400,224,CA,smoke_pair|smoke_001|CA|4|224,4,,,,0
synthetic,smoke_pair,smoke_pair,train,smoke_pair,smoke_001,22.400,224,CB,smoke_pair|smoke_001|CB|4|224,4,,,,0
synthetic,smoke_pair,smoke_pair,train,smoke_pair,smoke_001,22.400,224,CA,smoke_pair|smoke_001|CA|5|224,5,,,,0
synthetic,smoke_pair,smoke_pair,train,smoke_pair,smoke_001,22.400,224,CB,smoke_pair|smoke_001|CB|5|224,5,,,,0
synthetic,smoke_pair,smoke_pair,train,smoke_pair,smoke_001,22.400,224,CA,smoke_pair|smoke_001|CA|6|224,6,,,,0
synthetic,smoke_pair,smoke_pair,train,smoke_pair,smoke_001,22.400,224,CB,smoke_pair|smoke_001|CB|6|224,6,,,,0
synthetic,smoke_pair,smoke_pair,train,smoke_pair,smoke_001,22.400,224,CA,smoke_pair|smoke_001|CA|7|224,7,,,,0
synthetic,smoke_pair,smoke_pair,train,smoke_pair,smoke_001,22.400,224,CB,smoke_pair|smoke_001|CB|7|224,7,,,,0
synthetic,smoke_pair,smoke_pair,train,smoke_pair,smoke_001,22.400,224,CA,smoke_pair|smoke_001|CA|8|224,8,,,,0
synthetic,smoke_pair,smoke_pair,train,smoke_pair,smoke_001,22.400,224,CB,smoke_pair|smoke_001|CB|8|224,8,,,,0
synthetic,smoke_pair,smoke_pair,train,smoke_pair,smoke_001,22.500,225,CA,smoke_pair|smoke_001|CA|1|225,1,,,,0
synthetic,smoke_pair,smoke_pair,train,smoke_pair,smoke_001,22.500,225,CB,smoke_pair|smoke_001|CB|1|225,1,,,,0
synthetic,smoke_pair,smoke_pair,train,smoke_pair,smoke_001,22.500,225,CA,smoke_pair|smoke_001|CA|2|225,2,,,,0
synthetic,smoke_pair,smoke_pair,train,smoke_pair,smoke_001,22.500,225,CB,smoke_pair|smoke_001|CB|2|225,2,,,,0
synthetic,smoke_pair,smoke_pair,train,smoke_pair,smoke_001,22.500,225,CA,smoke_pair|smoke_001|CA|3|225,3,,,,0
synthetic,smoke_pair,smoke_pair,train,smoke_pair,smoke_001,22.500,225,CB,smoke_pair|smoke_001|CB|3|225,3,,,,0
synthetic,smoke_pair,smoke_pair,train,smoke_pair,smoke_001,22.500,225,CA,smoke_pair|smoke_001|CA|4|225,4,,,,0
synthetic,smoke_pair,smoke_pair,train,smoke_pair,smoke_001,22.500,225,CB,smoke_pair|smoke_001|CB|4|225,4,,,,0
synthetic,smoke_pair,smoke_pair,train,smoke_pair,smoke_001,22.500,225,CA,smoke_pair|smoke_001|CA|5|225,5,,,,0
synthetic,smoke_pair,smoke_pair,train,smoke_pair,smoke_001,22.500,225,CB,smoke_pair|smoke_001|CB|5|225,5,,,,0
synthetic,smoke_pair,smoke_pair,train,smoke_pair,smoke_001,22.500,225,CA,smoke_pair|smoke_001|CA|6|225,6,,,,0
synthetic,smoke_pair,smoke_pair,train,smoke_pair,smoke_001,22.500,225,CB,smoke_pair|smoke_001|CB|6|225,6,,,,0
synthetic,smoke_pair,smoke_pair,train,smoke_pair,smoke_001,22.500,225,CA,smoke_pair|smoke_001|CA|7|225,7,,,,0
synthetic,smoke_pair,smoke_pair,train,smoke_pair,smoke_001,22.500,225,CB,smoke_pair|smoke_001|CB|7|225,7,,,,0
synthetic,smoke_pair,smoke_pair,train,smoke_pair,smoke_001,22.500,225,CA,smoke_pair|smoke_001|CA|8|225,8,,,,0
synthetic,smoke_pair,smoke_pair,train,smoke_pair,smoke_001,22.500,225,CB,smoke_pair|smoke_001|CB|8|225,8,,,,0
synthetic,smoke_pair,smoke_pair,train,smoke_pair,smoke_001,22.600,226,CA,smoke_pair|smoke_001|CA|1|226,1,,,,0
synthetic,smoke_pair,smoke_pair,train,smoke_pair,smoke_001,22.600,226,CB,smoke_pair|smoke_001|CB|1|226,1,,,,0
synthetic,smoke_pair,smoke_pair,train,smoke_pair,smoke_001,22.600,226,CA,smoke_pair|smoke_001|CA|2|226,2,,,,0
synthetic,smoke_pair,smoke_pair,train,smoke_pair,smoke_001,22.600,226,CB,smoke_pair|smoke_001|CB|2|226,2,,,,0
synthetic,smoke_pair,smoke_pair,train,smoke_pair,smoke_001,22.600,226,CA,smoke_pair|smoke_001|CA|3|226,3,,,,0
synthetic,smoke_pair,smoke_pair,train,smoke_pair,smoke_001,22.600,226,CB,smoke_pair|smoke_001|CB|3|226,3,,,,0
synthetic,smoke_pair,smoke_pair,train,smoke_pair,smoke_001,22.600,226,CA,smoke_pair|smoke_001|CA|4|226,4,,,,0
synthetic,smoke_pair,smoke_pair,train,smoke_pair,smoke_001,22.600,226,CB,smoke_pair|smoke_001|CB|4|226,4,,,,0
synthetic,smoke_pair,smoke_pair,train,smoke_pair,smoke_001,22.600,226,CA,smoke_pair|smoke_001|CA|5|226,5,,,,0
synthetic,smoke_pair,smoke_pair,train,smoke_pair,smoke_001,22.600,226,CB,smoke_pair|smoke_001|CB|5|226,5,,,,0
synthetic,smoke_pair,smoke_pair,train,smoke_pair,smoke_001,22.600,226,CA,smoke_pair|smoke_001|CA|6|226,6,,,,0
synthetic,smoke_pair,smoke_pair,train,smoke_pair,smoke_001,22.600,226,CB,smoke_pair|smoke_001|CB|6|226,6,,,,0
synthetic,smoke_pair,smoke_pair,train,smoke_pair,smoke_001,22.600,226,CA,smoke_pair|smoke_001|CA|7|226,7,,,,0
synthetic,smoke_pair,smoke_pair,train,smoke_pair,smoke_001,22.600,226,CB,smoke_pair|smoke_001|CB|7|226,7,,,,0
synthetic,smoke_pair,smoke_pair,train,smoke_pair,smoke_001,22.600,226,CA,smoke_pair|smoke_001|CA|8|226,8,,,,0
synthetic,smoke_pair,smoke_pair,train,smoke_pair,smoke_001,22.600,226,CB,smoke_pair|smoke_001|CB|8|226,8,,,,0
synthetic,smoke_pair,smoke_pair,train,smoke_pair,smoke_001,22.700,227,CA,smoke_pair|smoke_001|CA|1|227,1,,,,0
synthetic,smoke_pair,smoke_pair,train,smoke_pair,smoke_001,22.700,227,CB,smoke_pair|smoke_001|CB|1|227,1,,,,0
synthetic,smoke_pair,smoke_pair,train,smoke_pair,smoke_001,22.700,227,CA,smoke_pair|smoke_001|CA|2|227,2,,,,0
synthetic,smoke_pair,smoke_pair,train,smoke_pair,smoke_001,22.700,227,CB,smoke_pair|smoke_001|CB|2|227,2,,,,0
synthetic,smoke_pair,smoke_pair,train,smoke_pair,smoke_001,22.700,227,CA,smoke_pair|smoke_001|CA|3|227,3,,,,0
synthetic,smoke_pair,smoke_pair,train,smoke_pair,smoke_001,22.700,227,CB,smoke_pair|smoke_001|CB|3|227,3,,,,0
synthetic,smoke_pair,smoke_pair,train,smoke_pair,smoke_001,22.700,227,CA,smoke_pair|smoke_001|CA|4|227,4,,,,0
synthetic,smoke_pair,smoke_pair,train,smoke_pair,smoke_001,22.700,227,CB,smoke_pair|smoke_001|CB|4|227,4,,,,0
synthetic,smoke_pair,smoke_pair,train,smoke_pair,smoke_001,22.700,227,CA,smoke_pair|smoke_001|CA|5|227,5,,,,0
synthetic,smoke_pair,smoke_pair,train,smoke_pair,smoke_001,22.700,227,CB,smoke_pair|smoke_001|CB|5|227,5,,,,0
synthetic,smoke_pair,smoke_pair,train,smoke_pair,smoke_001,22.700,227,CA,smoke_pair|smoke_001|CA|6|227,6,,,,0
synthetic,smoke_pair,smoke_pair,train,smoke_pair,smoke_001,22.700,227,CB,smoke_pair|smoke_001|CB|6|227,6,,,,0
synthetic,smoke_pair,smoke_pair,train,smoke_pair,smoke_001,22.700,227,CA,smoke_pair|smoke_001|CA|7|227,7,,,,0
synthetic,smoke_pair,smoke_pair,train,smoke_pair,smoke_001,22.700,227,CB,smoke_pair|smoke_001|CB|7|227,7,,,,0
synthetic,smoke_pair,smoke_pair,train,smoke_pair,smoke_001,22.700,227,CA,smoke_pair|smoke_001|CA|8|227,8,,,,0
synthetic,smoke_pair,smoke_pair,train,smoke_pair,smoke_001,22.700,227,CB,smoke_pair|smoke_001|CB|8|227,8,,,,0
synthetic,smoke_pair,smoke_pair,train,smoke_pair,smoke_001,22.800,228,CA,smoke_pair|smoke_001|CA|1|228,1,,,,0
synthetic,smoke_pair,smoke_pair,train,smoke_pair,smoke_001,22.800,228,CB,smoke_pair|smoke_001|CB|1|228,1,,,,0
synthetic,smoke_pair,smoke_pair,train,smoke_pair,smoke_001,22.800,228,CA,smoke_pair|smoke_001|CA|2|228,2,,,,0
synthetic,smoke_pair,smoke_pair,train,smoke_pair,smoke_001,22.800,228,CB,smoke_pair|smoke_001|CB|2|228,2,,,,0
synthetic,smoke_pair,smoke_pair,train,smoke_pair,smoke_001,22.800,228,CA,smoke_pair|smoke_001|CA|3|228,3,,,,0
synthetic,smoke_pair,smoke_pair,train,smoke_pair,smoke_001,22.800,228,CB,smoke_pair|smoke_001|CB|3|228,3,,,,0
synthetic,smoke_pair,smoke_pair,train,smoke_pair,smoke_001,22.800,228,CA,smoke_pair|smoke_001|CA|4|228,4,,,,0
synthetic,smoke_pair,smoke_pair,train,smoke_pair,smoke_001,22.800,228,CB,smoke_pair|smoke_001|CB|4|228,4,,,,0
synthetic,smoke_pair,smoke_pair,train,smoke_pair,smoke_001,22.800,228,CA,smoke_pair|smoke_001|CA|5|228,5,,,,0
synthetic,smoke_pair,smoke_pair,train,smoke_pair,smoke_001,22.800,228,CB,smoke_pair|smoke_001|CB|5|228,5,,,,0
synthetic,smoke_pair,smoke_pair,train,smoke_pair,smoke_001,22.800,228,CA,smoke_pair|smoke_001|CA|6|228,6,,,,0
synthetic,smoke_pair,smoke_pair,train,smoke_pair,smoke_001,22.800,228,CB,smoke_pair|smoke_001|CB|6|228,6,,,,0
synthetic,smoke_pair,smoke_pair,train,smoke_pair,smoke_001,22.800,228,CA,smoke_pair|smoke_001|CA|7|228,7,,,,0
synthetic,smoke_pair,smoke_pair,train,smoke_pair,smoke_001,22.800,228,CB,smoke_pair|smoke_001|CB|7|228,7,,,,0
synthetic,smoke_pair,smoke_pair,train,smoke_pair,smoke_001,22.800,228,CA,smoke_pair|smoke_001|CA|8|228,8,,,,0
synthetic,smoke_pair,smoke_pair,train,smoke_pair,smoke_001,22.800,228,CB,smoke_pair|smoke_001|CB|8|228,8,,,,0
synthetic,smoke_pair,smoke_pair,train,smoke_pair,smoke_001,22.900,229,CA,smoke_pair|smoke_001|CA|1|229,1,,,,0
synthetic,smoke_pair,smoke_pair,train,smoke_pair,smoke_001,22.900,229,CB,smoke_pair|smoke_001|CB|1|229,1,,,,0
synthetic,smoke_pair,smoke_pair,train,smoke_pair,smoke_001,22.900,229,CA,smoke_pair|smoke_001|CA|2|229,2,,,,0
synthetic,smoke_pair,smoke_pair,train,smoke_pair,smoke_001,22.900,229,CB,smoke_pair|smoke_001|CB|2|229,2,,,,0
synthetic,smoke_pair,smoke_pair,train,smoke_pair,smoke_001,22.900,229,CA,smoke_pair|smoke_001|CA|3|229,3,,,,0
synthetic,smoke_pair,smoke_pair,train,smoke_pair,smoke_001,22.900,229,CB,smoke_pair|smoke_001|CB|3|229,3,,,,0
synthetic,smoke_pair,smoke_pair,train,smoke_pair,smoke_001,22.900,229,CA,smoke_pair|smoke_001|CA|4|229,4,,,,0
synthetic,smoke_pair,smoke_pair,train,smoke_pair,smoke_001,22.900,229,CB,smoke_pair|smoke_001|CB|4|229,4,,,,0
synthetic,smoke_pair,smoke_pair,train,smoke_pair,smoke_001,22.900,229,CA,smoke_pair|smoke_001|CA|5|229,5,,,,0
synthetic,smoke_pair,smoke_pair,train,smoke_pair,smoke_001,22.900,229,CB,smoke_pair|smoke_001|CB|5|229,5,,,,0
synthetic,smoke_pair,smoke_pair,train,smoke_pair,smoke_001,22.900,229,CA,smoke_pair|smoke_001|CA|6|229,6,,,,0
synthetic,smoke_pair,smoke_pair,train,smoke_pair,smoke_001,22.900,229,CB,smoke_pair|smoke_001|CB|6|229,6,,,,0
synthetic,smoke_pair,smoke_pair,train,smoke_pair,smoke_001,22.900,229,CA,smoke_pair|smoke_001|CA|7|229,7,,,,0
synthetic,smoke_pair,smoke_pair,train,smoke_pair,smoke_001,22.900,229,CB,smoke_pair|smoke_001|CB|7|229,7,,,,0
synthetic,smoke_pair,smoke_pair,train,smoke_pair,smoke_001,22.900,229,CA,smoke_pair|smoke_001|CA|8|229,8,,,,0
synthetic,smoke_pair,smoke_pair,train,smoke_pair,smoke_001,22.900,229,CB,smoke_pair|smoke_001|CB|8|229,8,,,,0
synthetic,smoke_pair,smoke_pair,train,smoke_pair,smoke_001,23.000,230,CA,smoke_pair|smoke_001|CA|1|230,1,,,,0
synthetic,smoke_pair,smoke_pair,train,smoke_pair,smoke_001,23.000,230,CB,smoke_pair|smoke_001|CB|1|230,1,,,,0
synthetic,smoke_pair,smoke_pair,train,smoke_pair,smoke_001,23.000,230,CA,smoke_pair|smoke_001|CA|2|230,2,,,,0
synthetic,smoke_pair,smoke_pair,train,smoke_pair,smoke_001,23.000,230,CB,smoke_pair|smoke_001|CB|2|230,2,,,,0
synthetic,smoke_pair,smoke_pair,train,smoke_pair,smoke_001,23.000,230,CA,smoke_pair|smoke_001|CA|3|230,3,,,,0
synthetic,smoke_pair,smoke_pair,train,smoke_pair,smoke_001,23.000,230,CB,smoke_pair|smoke_001|CB|3|230,3,,,,0
synthetic,smoke_pair,smoke_pair,train,smoke_pair,smoke_001,23.000,230,CA,smoke_pair|smoke_001|CA|4|230,4,,,,0
synthetic,smoke_pair,smoke_pair,train,smoke_pair,smoke_001,23.000,230,CB,smoke_pair|smoke_001|CB|4|230,4,,,,0
synthetic,smoke_pair,smoke_pair,train,smoke_pair,smoke_001,23.000,230,CA,smoke_pair|smoke_001|CA|5|230,5,,,,0
synthetic,smoke_pair,smoke_pair,train,smoke_pair,smoke_001,23.000,230,CB,smoke_pair|smoke_001|CB|5|230,5,,,,0
synthetic,smoke_pair,smoke_pair,train,smoke_pair,smoke_001,23.000,230,CA,smoke_pair|smoke_001|CA|6|230,6,,,,0
synthetic,smoke_pair,smoke_pair,train,smoke_pair,smoke_001,23.000,230,CB,smoke_pair|smoke_001|CB|6|230,6,,,,0
synthetic,smoke_pair,smoke_pair,train,smoke_pair,smoke_001,23.000,230,CA,smoke_pair|smoke_001|CA|7|230,7,,,,0
synthetic,smoke_pair,smoke_pair,train,smoke_pair,smoke_001,23.000,230,CB,smoke_pair|smoke_001|CB|7|230,7,,,,0
synthetic,smoke_pair,smoke_pair,train,smoke_pair,smoke_001,23.000,230,CA,smoke_pair|smoke_001|CA|8|230,8,,,,0
synthetic,smoke_pair,smoke_pair,train,smoke_pair,smoke_001,23.000,230,CB,smoke_pair|smoke_001|CB|8|230,8,,,,0
synthetic,smoke_pair,smoke_pair,train,smoke_pair,smoke_001,23.100,231,CA,smoke_pair|smoke_001|CA|1|231,1,,,,0
synthetic,smoke_pair,smoke_pair,train,smoke_pair,smoke_001,23.100,231,CB,smoke_pair|smoke_001|CB|1|231,1,,,,0
synthetic,smoke_pair,smoke_pair,train,smoke_pair,smoke_001,23.100,231,CA,smoke_pair|smoke_001|CA|2|231,2,,,,0
synthetic,smoke_pair,smoke_pair,train,smoke_pair,smoke_001,23.100,231,CB,smoke_pair|smoke_001|CB|2|231,2,,,,0
synthetic,smoke_pair,smoke_pair,train,smoke_pair,smoke_001,23.100,231,CA,smoke_pair|smoke_001|CA|3|231,3,,,,0
synthetic,smoke_pair,smoke_pair,train,smoke_pair,smoke_001,23.100,231,CB,smoke_pair|smoke_001|CB|3|231,3,,,,0
synthetic,smoke_pair,smoke_pair,train,smoke_pair,smoke_001,23.100,231,CA,smoke_pair|smoke_001|CA|4|231,4,,,,0
synthetic,smoke_pair,smoke_pair,train,smoke_pair,smoke_001,23.100,231,CB,smoke_pair|smoke_001|CB|4|231,4,,,,0
synthetic,smoke_pair,smoke_pair,train,smoke_pair,smoke_001,23.100,231,CA,smoke_pair|smoke_001|CA|5|231,5,,,,0
synthetic,smoke_pair,smoke_pair,train,smoke_pair,smoke_001,23.100,231,CB,smoke_pair|smoke_001|CB|5|231,5,,,,0
synthetic,smoke_pair,smoke_pair,train,smoke_pair,smoke_001,23.100,231,CA,smoke_pair|smoke_001|CA|6|231,6,,,,0
synthetic,smoke_pair,smoke_pair,train,smoke_pair,smoke_001,23.100,231,CB,smoke_pair|smoke_001|CB|6|231,6,,,,0
synthetic,smoke_pair,smoke_pair,train,smoke_pair,smoke_001,23.100,231,CA,smoke_pair|smoke_001|CA|7|231,7,,,,0
synthetic,smoke_pair,smoke_pair,train,smoke_pair,smoke_001,23.100,231,CB,smoke_pair|smoke_001|CB|7|231,7,,,,0
synthetic,smoke_pair,smoke_pair,train,smoke_pair,smoke_001,23.100,231,CA,smoke_pair|smoke_001|CA|8|231,8,,,,0
synthetic,smoke_pair,smoke_pair,train,smoke_pair,smoke_001,23.100,231,CB,smoke_pair|smoke_001|CB|8|231,8,,,,0
synthetic,smoke_pair,smoke_pair,train,smoke_pair,smoke_001,23.200,232,CA,smoke_pair|smoke_001|CA|1|232,1,,,,0
synthetic,smoke_pair,smoke_pair,train,smoke_pair,smoke_001,23.200,232,CB,smoke_pair|smoke_001|CB|1|232,1,,,,0
synthetic,smoke_pair,smoke_pair,train,smoke_pair,smoke_001,23.200,232,CA,smoke_pair|smoke_001|CA|2|232,2,,,,0
synthetic,smoke_pair,smoke_pair,train,smoke_pair,smoke_001,23.200,232,CB,smoke_pair|smoke_001|CB|2|232,2,,,,0
synthetic,smoke_pair,smoke_pair,train,smoke_pair,smoke_001,23.200,232,CA,smoke_pair|smoke_001|CA|3|232,3,,,,0
synthetic,smoke_pair,smoke_pair,train,smoke_pair,smoke_001,23.200,232,CB,smoke_pair|smoke_001|CB|3|232,3,,,,0
synthetic,smoke_pair,smoke_pair,train,smoke_pair,smoke_001,23.200,232,CA,smoke_pair|smoke_001|CA|4|232,4,,,,0
synthetic,smoke_pair,smoke_pair,train,smoke_pair,smoke_001,23.200,232,CB,smoke_pair|smoke_001|CB|4|232,4,,,,0
synthetic,smoke_pair,smoke_pair,train,smoke_pair,smoke_001,23.200,232,CA,smoke_pair|smoke_001|CA|5|232,5,,,,0
synthetic,smoke_pair,smoke_pair,train,smoke_pair,smoke_001,23.200,232,CB,smoke_pair|smoke_001|CB|5|232,5,,,,0
synthetic,smoke_pair,smoke_pair,train,smoke_pair,smoke_001,23.200,232,CA,smoke_pair|smoke_001|CA|6|232,6,,,,0
synthetic,smoke_pair,smoke_pair,train,smoke_pair,smoke_001,23.200,232,CB,smoke_pair|smoke_001|CB|6|232,6,,,,0
synthetic,smoke_pair,smoke_pair,train,smoke_pair,smoke_001,23.200,232,CA,smoke_pair|smoke_001|CA|7|232,7,,,,0
synthetic,smoke_pair,smoke_pair,train,smoke_pair,smoke_001,23.200,232,CB,smoke_pair|smoke_001|CB|7|232,7,,,,0
synthetic,smoke_pair,smoke_pair,train,smoke_pair,smoke_001,23.200,232,CA,smoke_pair|smoke_001|CA|8|232,8,,,,0
synthetic,smoke_pair,smoke_pair,train,smoke_pair,smoke_001,23.200,232,CB,smoke_pair|smoke_001|CB|8|232,8,,,,0
synthetic,smoke_pair,smoke_pair,train,smoke_pair,smoke_001,23.300,233,CA,smoke_pair|smoke_001|CA|1|233,1,,,,0
synthetic,smoke_pair,smoke_pair,train,smoke_pair,smoke_001,23.300,233,CB,smoke_pair|smoke_001|CB|1|233,1,,,,0
synthetic,smoke_pair,smoke_pair,train,smoke_pair,smoke_001,23.300,233,CA,smoke_pair|smoke_001|CA|2|233,2,,,,0
synthetic,smoke_pair,smoke_pair,train,smoke_pair,smoke_001,23.300,233,CB,smoke_pair|smoke_001|CB|2|233,2,,,,0
synthetic,smoke_pair,smoke_pair,train,smoke_pair,smoke_001,23.300,233,CA,smoke_pair|smoke_001|CA|3|233,3,,,,0
synthetic,smoke_pair,smoke_pair,train,smoke_pair,smoke_001,23.300,233,CB,smoke_pair|smoke_001|CB|3|233,3,,,,0
synthetic,smoke_pair,smoke_pair,train,smoke_pair,smoke_001,23.300,233,CA,smoke_pair|smoke_001|CA|4|233,4,,,,0
synthetic,smoke_pair,smoke_pair,train,smoke_pair,smoke_001,23.300,233,CB,smoke_pair|smoke_001|CB|4|233,4,,,,0
synthetic,smoke_pair,smoke_pair,train,smoke_pair,smoke_001,23.300,233,CA,smoke_pair|smoke_001|CA|5|233,5,,,,0
synthetic,smoke_pair,smoke_pair,train,smoke_pair,smoke_001,23.300,233,CB,smoke_pair|smoke_001|CB|5|233,5,,,,0
synthetic,smoke_pair,smoke_pair,train,smoke_pair,smoke_001,23.300,233,CA,smoke_pair|smoke_001|CA|6|233,6,,,,0
synthetic,smoke_pair,smoke_pair,train,smoke_pair,smoke_001,23.300,233,CB,smoke_pair|smoke_001|CB|6|233,6,,,,0
synthetic,smoke_pair,smoke_pair,train,smoke_pair,smoke_001,23.300,233,CA,smoke_pair|smoke_001|CA|7|233,7,,,,0
synthetic,smoke_pair,smoke_pair,train,smoke_pair,smoke_001,23.300,233,CB,smoke_pair|smoke_001|CB|7|233,7,,,,0
synthetic,smoke_pair,smoke_pair,train,smoke_pair,smoke_001,23.300,233,CA,smoke_pair|smoke_001|CA|8|233,8,,,,0
synthetic,smoke_pair,smoke_pair,train,smoke_pair,smoke_001,23.300,233,CB,smoke_pair|smoke_001|CB|8|233,8,,,,0
synthetic,smoke_pair,smoke_pair,train,smoke_pair,smoke_001,23.400,234,CA,smoke_pair|smoke_001|CA|1|234,1,,,,0
synthetic,smoke_pair,smoke_pair,train,smoke_pair,smoke_001,23.400,234,CB,smoke_pair|smoke_001|CB|1|234,1,,,,0
synthetic,smoke_pair,smoke_pair,train,smoke_pair,smoke_001,23.400,234,CA,smoke_pair|smoke_001|CA|2|234,2,,,,0
synthetic,smoke_pair,smoke_pair,train,smoke_pair,smoke_001,23.400,234,CB,smoke_pair|smoke_001|CB|2|234,2,,,,0
synthetic,smoke_pair,smoke_pair,train,smoke_pair,smoke_001,23.400,234,CA,smoke_pair|smoke_001|CA|3|234,3,,,,0
synthetic,smoke_pair,smoke_pair,train,smoke_pair,smoke_001,23.400,234,CB,smoke_pair|smoke_001|CB|3|234,3,,,,0
synthetic,smoke_pair,smoke_pair,train,smoke_pair,smoke_001,23.400,234,CA,smoke_pair|smoke_001|CA|4|234,4,,,,0
synthetic,smoke_pair,smoke_pair,train,smoke_pair,smoke_001,23.400,234,CB,smoke_pair|smoke_001|CB|4|234,4,,,,0
synthetic,smoke_pair,smoke_pair,train,smoke_pair,smoke_001,23.400,234,CA,smoke_pair|smoke_001|CA|5|234,5,,,,0
synthetic,smoke_pair,smoke_pair,train,smoke_pair,smoke_001,23.400,234,CB,smoke_pair|smoke_001|CB|5|234,5,,,,0
synthetic,smoke_pair,smoke_pair,train,smoke_pair,smoke_001,23.400,234,CA,smoke_pair|smoke_001|CA|6|234,6,,,,0
synthetic,smoke_pair,smoke_pair,train,smoke_pair,smoke_001,23.400,234,CB,smoke_pair|smoke_001|CB|6|234,6,,,,0
synthetic,smoke_pair,smoke_pair,train,smoke_pair,smoke_001,23.400,234,CA,smoke_pair|smoke_001|CA|7|234,7,,,,0
synthetic,smoke_pair,smoke_pair,train,smoke_pair,smoke_001,23.400,234,CB,smoke_pair|smoke_001|CB|7|234,7,,,,0
synthetic,smoke_pair,smoke_pair,train,smoke_pair,smoke_001,23.400,234,CA,smoke_pair|smoke_001|CA|8|234,8,,,,0
synthetic,smoke_pair,smoke_pair,train,smoke_pair,smoke_001,23.400,234,CB,smoke_pair|smoke_001|CB|8|234,8,,,,0
synthetic,smoke_pair,smoke_pair,train,smoke_pair,smoke_001,23.500,235,CA,smoke_pair|smoke_001|CA|1|235,1,,,,0
synthetic,smoke_pair,smoke_pair,train,smoke_pair,smoke_001,23.500,235,CB,smoke_pair|smoke_001|CB|1|235,1,,,,0
synthetic,smoke_pair,smoke_pair,train,smoke_pair,smoke_001,23.500,235,CA,smoke_pair|smoke_001|CA|2|235,2,,,,0
synthetic,smoke_pair,smoke_pair,train,smoke_pair,smoke_001,23.500,235,CB,smoke_pair|smoke_001|CB|2|235,2,,,,0
synthetic,smoke_pair,smoke_pair,train,smoke_pair,smoke_001,23.500,235,CA,smoke_pair|smoke_001|CA|3|235,3,,,,0
synthetic,smoke_pair,smoke_pair,train,smoke_pair,smoke_001,23.500,235,CB,smoke_pair|smoke_001|CB|3|235,3,,,,0
synthetic,smoke_pair,smoke_pair,train,smoke_pair,smoke_001,23.500,235,CA,smoke_pair|smoke_001|CA|4|235,4,,,,0
synthetic,smoke_pair,smoke_pair,train,smoke_pair,smoke_001,23.500,235,CB,smoke_pair|smoke_001|CB|4|235,4,,,,0
synthetic,smoke_pair,smoke_pair,train,smoke_pair,smoke_001,23.500,235,CA,smoke_pair|smoke_001|CA|5|235,5,,,,0
synthetic,smoke_pair,smoke_pair,train,smoke_pair,smoke_001,23.500,235,CB,smoke_pair|smoke_001|CB|5|235,5,,,,0
synthetic,smoke_pair,smoke_pair,train,smoke_pair,smoke_001,23.500,235,CA,smoke_pair|smoke_001|CA|6|235,6,,,,0
synthetic,smoke_pair,smoke_pair,train,smoke_pair,smoke_001,23.500,235,CB,smoke_pair|smoke_001|CB|6|235,6,,,,0
synthetic,smoke_pair,smoke_pair,train,smoke_pair,smoke_001,23.500,235,CA,smoke_pair|smoke_001|CA|7|235,7,,,,0
synthetic,smoke_pair,smoke_pair,train,smoke_pair,smoke_001,23.500,235,CB,smoke_pair|smoke_001|CB|7|235,7,,,,0
synthetic,smoke_pair,smoke_pair,train,smoke_pair,smoke_001,23.500,235,CA,smoke_pair|smoke_001|CA|8|235,8,,,,0
synthetic,smoke_pair,smoke_pair,train,smoke_pair,smoke_001,23.500,235,CB,smoke_pair|smoke_001|CB|8|235,8,,,,0
synthetic,smoke_pair,smoke_pair,train,smoke_pair,smoke_001,23.600,236,CA,smoke_pair|smoke_001|CA|1|236,1,,,,0
synthetic,smoke_pair,smoke_pair,train,smoke_pair,smoke_001,23.600,236,CB,smoke_pair|smoke_001|CB|1|236,1,,,,0
synthetic,smoke_pair,smoke_pair,train,smoke_pair,smoke_001,23.600,236,CA,smoke_pair|smoke_001|CA|2|236,2,,,,0
synthetic,smoke_pair,smoke_pair,train,smoke_pair,smoke_001,23.600,236,CB,smoke_pair|smoke_001|CB|2|236,2,,,,0
synthetic,smoke_pair,smoke_pair,train,smoke_pair,smoke_001,23.600,236,CA,smoke_pair|smoke_001|CA|3|236,3,,,,0
synthetic,smoke_pair,smoke_pair,train,smoke_pair,smoke_001,23.600,236,CB,smoke_pair|smoke_001|CB|3|236,3,,,,0
synthetic,smoke_pair,smoke_pair,train,smoke_pair,smoke_001,23.600,236,CA,smoke_pair|smoke_001|CA|4|236,4,,,,0
synthetic,smoke_pair,smoke_pair,train,smoke_pair,smoke_001,23.600,236,CB,smoke_pair|smoke_001|CB|4|236,4,,,,0
synthetic,smoke_pair,smoke_pair,train,smoke_pair,smoke_001,23.600,236,CA,smoke_pair|smoke_001|CA|5|236,5,,,,0
synthetic,smoke_pair,smoke_pair,train,smoke_pair,smoke_001,23.600,236,CB,smoke_pair|smoke_001|CB|5|236,5,,,,0
synthetic,smoke_pair,smoke_pair,train,smoke_pair,smoke_001,23.600,236,CA,smoke_pair|smoke_001|CA|6|236,6,,,,0
synthetic,smoke_pair,smoke_pair,train,smoke_pair,smoke_001,23.600,236,CB,smoke_pair|smoke_001|CB|6|236,6,,,,0
synthetic,smoke_pair,smoke_pair,train,smoke_pair,smoke_001,23.600,236,CA,smoke_pair|smoke_001|CA|7|236,7,,,,0
synthetic,smoke_pair,smoke_pair,train,smoke_pair,smoke_001,23.600,236,CB,smoke_pair|smoke_001|CB|7|236,7,,,,0
synthetic,smoke_pair,smoke_pair,train,smoke_pair,smoke_001,23.600,236,CA,smoke_pair|smoke_001|CA|8|236,8,,,,0
synthetic,smoke_pair,smoke_pair,train,smoke_pair,smoke_001,23.600,236,CB,smoke_pair|smoke_001|CB|8|236,8,,,,0
synthetic,smoke_pair,smoke_pair,train,smoke_pair,smoke_001,23.700,237,CA,smoke_pair|smoke_001|CA|1|237,1,,,,0
synthetic,smoke_pair,smoke_pair,train,smoke_pair,smoke_001,23.700,237,CB,smoke_pair|smoke_001|CB|1|237,1,,,,0
synthetic,smoke_pair,smoke_pair,train,smoke_pair,smoke_001,23.700,237,CA,smoke_pair|smoke_001|CA|2|237,2,,,,0
synthetic,smoke_pair,smoke_pair,train,smoke_pair,smoke_001,23.700,237,CB,smoke_pair|smoke_001|CB|2|237,2,,,,0
synthetic,smoke_pair,smoke_pair,train,smoke_pair,smoke_001,23.700,237,CA,smoke_pair|smoke_001|CA|3|237,3,,,,0
synthetic,smoke_pair,smoke_pair,train,smoke_pair,smoke_001,23.700,237,CB,smoke_pair|smoke_001|CB|3|237,3,,,,0
synthetic,smoke_pair,smoke_pair,train,smoke_pair,smoke_001,23.700,237,CA,smoke_pair|smoke_001|CA|4|237,4,,,,0
synthetic,smoke_pair,smoke_pair,train,smoke_pair,smoke_001,23.700,237,CB,smoke_pair|smoke_001|CB|4|237,4,,,,0
synthetic,smoke_pair,smoke_pair,train,smoke_pair,smoke_001,23.700,237,CA,smoke_pair|smoke_001|CA|5|237,5,,,,0
synthetic,smoke_pair,smoke_pair,train,smoke_pair,smoke_001,23.700,237,CB,smoke_pair|smoke_001|CB|5|237,5,,,,0
synthetic,smoke_pair,smoke_pair,train,smoke_pair,smoke_001,23.700,237,CA,smoke_pair|smoke_001|CA|6|237,6,,,,0
synthetic,smoke_pair,smoke_pair,train,smoke_pair,smoke_001,23.700,237,CB,smoke_pair|smoke_001|CB|6|237,6,,,,0
synthetic,smoke_pair,smoke_pair,train,smoke_pair,smoke_001,23.700,237,CA,smoke_pair|smoke_001|CA|7|237,7,,,,0
synthetic,smoke_pair,smoke_pair,train,smoke_pair,smoke_001,23.700,237,CB,smoke_pair|smoke_001|CB|7|237,7,,,,0
synthetic,smoke_pair,smoke_pair,train,smoke_pair,smoke_001,23.700,237,CA,smoke_pair|smoke_001|CA|8|237,8,,,,0
synthetic,smoke_pair,smoke_pair,train,smoke_pair,smoke_001,23.700,237,CB,smoke_pair|smoke_001|CB|8|237,8,,,,0
synthetic,smoke_pair,smoke_pair,train,smoke_pair,smoke_001,23.800,238,CA,smoke_pair|smoke_001|CA|1|238,1,,,,0
synthetic,smoke_pair,smoke_pair,train,smoke_pair,smoke_001,23.800,238,CB,smoke_pair|smoke_001|CB|1|238,1,,,,0
synthetic,smoke_pair,smoke_pair,train,smoke_pair,smoke_001,23.800,238,CA,smoke_pair|smoke_001|CA|2|238,2,,,,0
synthetic,smoke_pair,smoke_pair,train,smoke_pair,smoke_001,23.800,238,CB,smoke_pair|smoke_001|CB|2|238,2,,,,0
synthetic,smoke_pair,smoke_pair,train,smoke_pair,smoke_001,23.800,238,CA,smoke_pair|smoke_001|CA|3|238,3,,,,0
synthetic,smoke_pair,smoke_pair,train,smoke_pair,smoke_001,23.800,238,CB,smoke_pair|smoke_001|CB|3|238,3,,,,0
synthetic,smoke_pair,smoke_pair,train,smoke_pair,smoke_001,23.800,238,CA,smoke_pair|smoke_001|CA|4|238,4,,,,0
synthetic,smoke_pair,smoke_pair,train,smoke_pair,smoke_001,23.800,238,CB,smoke_pair|smoke_001|CB|4|238,4,,,,0
synthetic,smoke_pair,smoke_pair,train,smoke_pair,smoke_001,23.800,238,CA,smoke_pair|smoke_001|CA|5|238,5,,,,0
synthetic,smoke_pair,smoke_pair,train,smoke_pair,smoke_001,23.800,238,CB,smoke_pair|smoke_001|CB|5|238,5,,,,0
synthetic,smoke_pair,smoke_pair,train,smoke_pair,smoke_001,23.800,238,CA,smoke_pair|smoke_001|CA|6|238,6,,,,0
synthetic,smoke_pair,smoke_pair,train,smoke_pair,smoke_001,23.800,238,CB,smoke_pair|smoke_001|CB|6|238,6,,,,0
synthetic,smoke_pair,smoke_pair,train,smoke_pair,smoke_001,23.800,238,CA,smoke_pair|smoke_001|CA|7|238,7,,,,0
synthetic,smoke_pair,smoke_pair,train,smoke_pair,smoke_001,23.800,238,CB,smoke_pair|smoke_001|CB|7|238,7,,,,0
synthetic,smoke_pair,smoke_pair,train,smoke_pair,smoke_001,23.800,238,CA,smoke_pair|smoke_001|CA|8|238,8,,,,0
synthetic,smoke_pair,smoke_pair,train,smoke_pair,smoke_001,23.800,238,CB,smoke_pair|smoke_001|CB|8|238,8,,,,0
synthetic,smoke_pair,smoke_pair,train,smoke_pair,smoke_001,23.900,239,CA,smoke_pair|smoke_001|CA|1|239,1,,,,0
synthetic,smoke_pair,smoke_pair,train,smoke_pair,smoke_001,23.900,239,CB,smoke_pair|smoke_001|CB|1|239,1,,,,0
synthetic,smoke_pair,smoke_pair,train,smoke_pair,smoke_001,23.900,239,CA,smoke_pair|smoke_001|CA|2|239,2,,,,0
synthetic,smoke_pair,smoke_pair,train,smoke_pair,smoke_001,23.900,239,CB,smoke_pair|smoke_001|CB|2|239,2,,,,0
synthetic,smoke_pair,smoke_pair,train,smoke_pair,smoke_001,23.900,239,CA,smoke_pair|smoke_001|CA|3|239,3,,,,0
synthetic,smoke_pair,smoke_pair,train,smoke_pair,smoke_001,23.900,239,CB,smoke_pair|smoke_001|CB|3|239,3,,,,0
synthetic,smoke_pair,smoke_pair,train,smoke_pair,smoke_001,23.900,239,CA,smoke_pair|smoke_001|CA|4|239,4,,,,0
synthetic,smoke_pair,smoke_pair,train,smoke_pair,smoke_001,23.900,239,CB,smoke_pair|smoke_001|CB|4|239,4,,,,0
synthetic,smoke_pair,smoke_pair,train,smoke_pair,smoke_001,23.900,239,CA,smoke_pair|smoke_001|CA|5|239,5,,,,0
synthetic,smoke_pair,smoke_pair,train,smoke_pair,smoke_001,23.900,239,CB,smoke_pair|smoke_001|CB|5|239,5,,,,0
synthetic,smoke_pair,smoke_pair,train,smoke_pair,smoke_001,23.900,239,CA,smoke_pair|smoke_001|CA|6|239,6,,,,0
synthetic,smoke_pair,smoke_pair,train,smoke_pair,smoke_001,23.900,239,CB,smoke_pair|smoke_001|CB|6|239,6,,,,0
synthetic,smoke_pair,smoke_pair,train,smoke_pair,smoke_001,23.900,239,CA,smoke_pair|smoke_001|CA|7|239,7,,,,0
synthetic,smoke_pair,smoke_pair,train,smoke_pair,smoke_001,23.900,239,CB,smoke_pair|smoke_001|CB|7|239,7,,,,0
synthetic,smoke_pair,smoke_pair,train,smoke_pair,smoke_001,23.900,239,CA,smoke_pair|smoke_001|CA|8|239,8,,,,0
synthetic,smoke_pair,smoke_pair,train,smoke_pair,smoke_001,23.900,239,CB,smoke_pair|smoke_001|CB|8|239,8,,,,0
synthetic,smoke_pair,smoke_pair,val,smoke_pair,smoke_001,24.000,240,CA,smoke_pair|smoke_001|CA|1|240,1,,,,0
synthetic,smoke_pair,smoke_pair,val,smoke_pair,smoke_001,24.000,240,CB,smoke_pair|smoke_001|CB|1|240,1,,,,0
synthetic,smoke_pair,smoke_pair,val,smoke_pair,smoke_001,24.000,240,CA,smoke_pair|smoke_001|CA|2|240,2,,,,0
synthetic,smoke_pair,smoke_pair,val,smoke_pair,smoke_001,24.000,240,CB,smoke_pair|smoke_001|CB|2|240,2,,,,0
synthetic,smoke_pair,smoke_pair,val,smoke_pair,smoke_001,24.000,240,CA,smoke_pair|smoke_001|CA|3|240,3,,,,0
synthetic,smoke_pair,smoke_pair,val,smoke_pair,smoke_001,24.000,240,CB,smoke_pair|smoke_001|CB|3|240,3,,,,0
synthetic,smoke_pair,smoke_pair,val,smoke_pair,smoke_001,24.000,240,CA,smoke_pair|smoke_001|CA|4|240,4,,,,0
synthetic,smoke_pair,smoke_pair,val,smoke_pair,smoke_001,24.000,240,CB,smoke_pair|smoke_001|CB|4|240,4,,,,0
synthetic,smoke_pair,smoke_pair,val,smoke_pair,smoke_001,24.000,240,CA,smoke_pair|smoke_001|CA|5|240,5,,,,0
synthetic,smoke_pair,smoke_pair,val,smoke_pair,smoke_001,24.000,240,CB,smoke_pair|smoke_001|CB|5|240,5,,,,0
synthetic,smoke_pair,smoke_pair,val,smoke_pair,smoke_001,24.000,240,CA,smoke_pair|smoke_001|CA|6|240,6,,,,0
synthetic,smoke_pair,smoke_pair,val,smoke_pair,smoke_001,24.000,240,CB,smoke_pair|smoke_001|CB|6|240,6,,,,0
synthetic,smoke_pair,smoke_pair,val,smoke_pair,smoke_001,24.000,240,CA,smoke_pair|smoke_001|CA|7|240,7,,,,0
synthetic,smoke_pair,smoke_pair,val,smoke_pair,smoke_001,24.000,240,CB,smoke_pair|smoke_001|CB|7|240,7,,,,0
synthetic,smoke_pair,smoke_pair,val,smoke_pair,smoke_001,24.000,240,CA,smoke_pair|smoke_001|CA|8|240,8,,,,0
synthetic,smoke_pair,smoke_pair,val,smoke_pair,smoke_001,24.000,240,CB,smoke_pair|smoke_001|CB|8|240,8,,,,0
synthetic,smoke_pair,smoke_pair,val,smoke_pair,smoke_001,24.100,241,CA,smoke_pair|smoke_001|CA|1|241,1,,,,0
synthetic,smoke_pair,smoke_pair,val,smoke_pair,smoke_001,24.100,241,CB,smoke_pair|smoke_001|CB|1|241,1,,,,0
synthetic,smoke_pair,smoke_pair,val,smoke_pair,smoke_001,24.100,241,CA,smoke_pair|smoke_001|CA|2|241,2,,,,0
synthetic,smoke_pair,smoke_pair,val,smoke_pair,smoke_001,24.100,241,CB,smoke_pair|smoke_001|CB|2|241,2,,,,0
synthetic,smoke_pair,smoke_pair,val,smoke_pair,smoke_001,24.100,241,CA,smoke_pair|smoke_001|CA|3|241,3,,,,0
synthetic,smoke_pair,smoke_pair,val,smoke_pair,smoke_001,24.100,241,CB,smoke_pair|smoke_001|CB|3|241,3,,,,0
synthetic,smoke_pair,smoke_pair,val,smoke_pair,smoke_001,24.100,241,CA,smoke_pair|smoke_001|CA|4|241,4,,,,0
synthetic,smoke_pair,smoke_pair,val,smoke_pair,smoke_001,24.100,241,CB,smoke_pair|smoke_001|CB|4|241,4,,,,0
synthetic,smoke_pair,smoke_pair,val,smoke_pair,smoke_001,24.100,241,CA,smoke_pair|smoke_001|CA|5|241,5,,,,0
synthetic,smoke_pair,smoke_pair,val,smoke_pair,smoke_001,24.100,241,CB,smoke_pair|smoke_001|CB|5|241,5,,,,0
synthetic,smoke_pair,smoke_pair,val,smoke_pair,smoke_001,24.100,241,CA,smoke_pair|smoke_001|CA|6|241,6,,,,0
synthetic,smoke_pair,smoke_pair,val,smoke_pair,smoke_001,24.100,241,CB,smoke_pair|smoke_001|CB|6|241,6,,,,0
synthetic,smoke_pair,smoke_pair,val,smoke_pair,smoke_001,24.100,241,CA,smoke_pair|smoke_001|CA|7|241,7,,,,0
synthetic,smoke_pair,smoke_pair,val,smoke_pair,smoke_001,24.100,241,CB,smoke_pair|smoke_001|CB|7|241,7,,,,0
synthetic,smoke_pair,smoke_pair,val,smoke_pair,smoke_001,24.100,241,CA,smoke_pair|smoke_001|CA|8|241,8,,,,0
synthetic,smoke_pair,smoke_pair,val,smoke_pair,smoke_001,24.100,241,CB,smoke_pair|smoke_001|CB|8|241,8,,,,0
synthetic,smoke_pair,smoke_pair,val,smoke_pair,smoke_001,24.200,242,CA,smoke_pair|smoke_001|CA|1|242,1,,,,0
synthetic,smoke_pair,smoke_pair,val,smoke_pair,smoke_001,24.200,242,CB,smoke_pair|smoke_001|CB|1|242,1,,,,0
synthetic,smoke_pair,smoke_pair,val,smoke_pair,smoke_001,24.200,242,CA,smoke_pair|smoke_001|CA|2|242,2,,,,0
synthetic,smoke_pair,smoke_pair,val,smoke_pair,smoke_001,24.200,242,CB,smoke_pair|smoke_001|CB|2|242,2,,,,0
synthetic,smoke_pair,smoke_pair,val,smoke_pair,smoke_001,24.200,242,CA,smoke_pair|smoke_001|CA|3|242,3,,,,0
synthetic,smoke_pair,smoke_pair,val,smoke_pair,smoke_001,24.200,242,CB,smoke_pair|smoke_001|CB|3|242,3,,,,0
synthetic,smoke_pair,smoke_pair,val,smoke_pair,smoke_001,24.200,242,CA,smoke_pair|smoke_001|CA|4|242,4,,,,0
synthetic,smoke_pair,smoke_pair,val,smoke_pair,smoke_001,24.200,242,CB,smoke_pair|smoke_001|CB|4|242,4,,,,0
synthetic,smoke_pair,smoke_pair,val,smoke_pair,smoke_001,24.200,242,CA,smoke_pair|smoke_001|CA|5|242,5,,,,0
synthetic,smoke_pair,smoke_pair,val,smoke_pair,smoke_001,24.200,242,CB,smoke_pair|smoke_001|CB|5|242,5,,,,0
synthetic,smoke_pair,smoke_pair,val,smoke_pair,smoke_001,24.200,242,CA,smoke_pair|smoke_001|CA|6|242,6,,,,0
synthetic,smoke_pair,smoke_pair,val,smoke_pair,smoke_001,24.200,242,CB,smoke_pair|smoke_001|CB|6|242,6,,,,0
synthetic,smoke_pair,smoke_pair,val,smoke_pair,smoke_001,24.200,242,CA,smoke_pair|smoke_001|CA|7|242,7,,,,0
synthetic,smoke_pair,smoke_pair,val,smoke_pair,smoke_001,24.200,242,CB,smoke_pair|smoke_001|CB|7|242,7,,,,0
synthetic,smoke_pair,smoke_pair,val,smoke_pair,smoke_001,24.200,242,CA,smoke_pair|smoke_001|CA|8|242,8,,,,0
synthetic,smoke_pair,smoke_pair,val,smoke_pair,smoke_001,24.200,242,CB,smoke_pair|smoke_001|CB|8|242,8,,,,0
synthetic,smoke_pair,smoke_pair,val,smoke_pair,smoke_001,24.300,243,CA,smoke_pair|smoke_001|CA|1|243,1,,,,0
synthetic,smoke_pair,smoke_pair,val,smoke_pair,smoke_001,24.300,243,CB,smoke_pair|smoke_001|CB|1|243,1,,,,0
synthetic,smoke_pair,smoke_pair,val,smoke_pair,smoke_001,24.300,243,CA,smoke_pair|smoke_001|CA|2|243,2,,,,0
synthetic,smoke_pair,smoke_pair,val,smoke_pair,smoke_001,24.300,243,CB,smoke_pair|smoke_001|CB|2|243,2,,,,0
synthetic,smoke_pair,smoke_pair,val,smoke_pair,smoke_001,24.300,243,CA,smoke_pair|smoke_001|CA|3|243,3,,,,0
synthetic,smoke_pair,smoke_pair,val,smoke_pair,smoke_001,24.300,243,CB,smoke_pair|smoke_001|CB|3|243,3,,,,0
synthetic,smoke_pair,smoke_pair,val,smoke_pair,smoke_001,24.300,243,CA,smoke_pair|smoke_001|CA|4|243,4,,,,0
synthetic,smoke_pair,smoke_pair,val,smoke_pair,smoke_001,24.300,243,CB,smoke_pair|smoke_001|CB|4|243,4,,,,0
synthetic,smoke_pair,smoke_pair,val,smoke_pair,smoke_001,24.300,243,CA,smoke_pair|smoke_001|CA|5|243,5,,,,0
synthetic,smoke_pair,smoke_pair,val,smoke_pair,smoke_001,24.300,243,CB,smoke_pair|smoke_001|CB|5|243,5,,,,0
synthetic,smoke_pair,smoke_pair,val,smoke_pair,smoke_001,24.300,243,CA,smoke_pair|smoke_001|CA|6|243,6,,,,0
synthetic,smoke_pair,smoke_pair,val,smoke_pair,smoke_001,24.300,243,CB,smoke_pair|smoke_001|CB|6|243,6,,,,0
synthetic,smoke_pair,smoke_pair,val,smoke_pair,smoke_001,24.300,243,CA,smoke_pair|smoke_001|CA|7|243,7,,,,0
synthetic,smoke_pair,smoke_pair,val,smoke_pair,smoke_001,24.300,243,CB,smoke_pair|smoke_001|CB|7|243,7,,,,0
synthetic,smoke_pair,smoke_pair,val,smoke_pair,smoke_001,24.300,243,CA,smoke_pair|smoke_001|CA|8|243,8,,,,0
synthetic,smoke_pair,smoke_pair,val,smoke_pair,smoke_001,24.300,243,CB,smoke_pair|smoke_001|CB|8|243,8,,,,0
synthetic,smoke_pair,smoke_pair,val,smoke_pair,smoke_001,24.400,244,CA,smoke_pair|smoke_001|CA|1|244,1,,,,0
synthetic,smoke_pair,smoke_pair,val,smoke_pair,smoke_001,24.400,244,CB,smoke_pair|smoke_001|CB|1|244,1,,,,0
synthetic,smoke_pair,smoke_pair,val,smoke_pair,smoke_001,24.400,244,CA,smoke_pair|smoke_001|CA|2|244,2,,,,0
synthetic,smoke_pair,smoke_pair,val,smoke_pair,smoke_001,24.400,244,CB,smoke_pair|smoke_001|CB|2|244,2,,,,0
synthetic,smoke_pair,smoke_pair,val,smoke_pair,smoke_001,24.400,244,CA,smoke_pair|smoke_001|CA|3|244,3,,,,0
synthetic,smoke_pair,smoke_pair,val,smoke_pair,smoke_001,24.400,244,CB,smoke_pair|smoke_001|CB|3|244,3,,,,0
synthetic,smoke_pair,smoke_pair,val,smoke_pair,smoke_001,24.400,244,CA,smoke_pair|smoke_001|CA|4|244,4,,,,0
synthetic,smoke_pair,smoke_pair,val,smoke_pair,smoke_001,24.400,244,CB,smoke_pair|smoke_001|CB|4|244,4,,,,0
synthetic,smoke_pair,smoke_pair,val,smoke_pair,smoke_001,24.400,244,CA,smoke_pair|smoke_001|CA|5|244,5,,,,0
synthetic,smoke_pair,smoke_pair,val,smoke_pair,smoke_001,24.400,244,CB,smoke_pair|smoke_001|CB|5|244,5,,,,0
synthetic,smoke_pair,smoke_pair,val,smoke_pair,smoke_001,24.400,244,CA,smoke_pair|smoke_001|CA|6|244,6,,,,0
synthetic,smoke_pair,smoke_pair,val,smoke_pair,smoke_001,24.400,244,CB,smoke_pair|smoke_001|CB|6|244,6,,,,0
synthetic,smoke_pair,smoke_pair,val,smoke_pair,smoke_001,24.400,244,CA,smoke_pair|smoke_001|CA|7|244,7,,,,0
synthetic,smoke_pair,smoke_pair,val,smoke_pair,smoke_001,24.400,244,CB,smoke_pair|smoke_001|CB|7|244,7,,,,0
synthetic,smoke_pair,smoke_pair,val,smoke_pair,smoke_001,24.400,244,CA,smoke_pair|smoke_001|CA|8|244,8,,,,0
synthetic,smoke_pair,smoke_pair,val,smoke_pair,smoke_001,24.400,244,CB,smoke_pair|smoke_001|CB|8|244,8,,,,0
synthetic,smoke_pair,smoke_pair,val,smoke_pair,smoke_001,24.500,245,CA,smoke_pair|smoke_001|CA|1|245,1,,,,0
synthetic,smoke_pair,smoke_pair,val,smoke_pair,smoke_001,24.500,245,CB,smoke_pair|smoke_001|CB|1|245,1,,,,0
synthetic,smoke_pair,smoke_pair,val,smoke_pair,smoke_001,24.500,245,CA,smoke_pair|smoke_001|CA|2|245,2,,,,0
synthetic,smoke_pair,smoke_pair,val,smoke_pair,smoke_001,24.500,245,CB,smoke_pair|smoke_001|CB|2|245,2,,,,0
synthetic,smoke_pair,smoke_pair,val,smoke_pair,smoke_001,24.500,245,CA,smoke_pair|smoke_001|CA|3|245,3,,,,0
synthetic,smoke_pair,smoke_pair,val,smoke_pair,smoke_001,24.500,245,CB,smoke_pair|smoke_001|CB|3|245,3,,,,0
synthetic,smoke_pair,smoke_pair,val,smoke_pair,smoke_001,24.500,245,CA,smoke_pair|smoke_001|CA|4|245,4,,,,0
synthetic,smoke_pair,smoke_pair,val,smoke_pair,smoke_001,24.500,245,CB,smoke_pair|smoke_001|CB|4|245,4,,,,0
synthetic,smoke_pair,smoke_pair,val,smoke_pair,smoke_001,24.500,245,CA,smoke_pair|smoke_001|CA|5|245,5,,,,0
synthetic,smoke_pair,smoke_pair,val,smoke_pair,smoke_001,24.500,245,CB,smoke_pair|smoke_001|CB|5|245,5,,,,0
synthetic,smoke_pair,smoke_pair,val,smoke_pair,smoke_001,24.500,245,CA,smoke_pair|smoke_001|CA|6|245,6,,,,0
synthetic,smoke_pair,smoke_pair,val,smoke_pair,smoke_001,24.500,245,CB,smoke_pair|smoke_001|CB|6|245,6,,,,0
synthetic,smoke_pair,smoke_pair,val,smoke_pair,smoke_001,24.500,245,CA,smoke_pair|smoke_001|CA|7|245,7,,,,0
synthetic,smoke_pair,smoke_pair,val,smoke_pair,smoke_001,24.500,245,CB,smoke_pair|smoke_001|CB|7|245,7,,,,0
synthetic,smoke_pair,smoke_pair,val,smoke_pair,smoke_001,24.500,245,CA,smoke_pair|smoke_001|CA|8|245,8,,,,0
synthetic,smoke_pair,smoke_pair,val,smoke_pair,smoke_001,24.500,245,CB,smoke_pair|smoke_001|CB|8|245,8,,,,0
synthetic,smoke_pair,smoke_pair,val,smoke_pair,smoke_001,24.600,246,CA,smoke_pair|smoke_001|CA|1|246,1,,,,0
synthetic,smoke_pair,smoke_pair,val,smoke_pair,smoke_001,24.600,246,CB,smoke_pair|smoke_001|CB|1|246,1,,,,0
synthetic,smoke_pair,smoke_pair,val,smoke_pair,smoke_001,24.600,246,CA,smoke_pair|smoke_001|CA|2|246,2,,,,0
synthetic,smoke_pair,smoke_pair,val,smoke_pair,smoke_001,24.600,246,CB,smoke_pair|smoke_001|CB|2|246,2,,,,0
synthetic,smoke_pair,smoke_pair,val,smoke_pair,smoke_001,24.600,246,CA,smoke_pair|smoke_001|CA|3|246,3,,,,0
synthetic,smoke_pair,smoke_pair,val,smoke_pair,smoke_001,24.600,246,CB,smoke_pair|smoke_001|CB|3|246,3,,,,0
synthetic,smoke_pair,smoke_pair,val,smoke_pair,smoke_001,24.600,246,CA,smoke_pair|smoke_001|CA|4|246,4,,,,0
synthetic,smoke_pair,smoke_pair,val,smoke_pair,smoke_001,24.600,246,CB,smoke_pair|smoke_001|CB|4|246,4,,,,0
synthetic,smoke_pair,smoke_pair,val,smoke_pair,smoke_001,24.600,246,CA,smoke_pair|smoke_001|CA|5|246,5,,,,0
synthetic,smoke_pair,smoke_pair,val,smoke_pair,smoke_001,24.600,246,CB,smoke_pair|smoke_001|CB|5|246,5,,,,0
synthetic,smoke_pair,smoke_pair,val,smoke_pair,smoke_001,24.600,246,CA,smoke_pair|smoke_001|CA|6|246,6,,,,0
synthetic,smoke_pair,smoke_pair,val,smoke_pair,smoke_001,24.600,246,CB,smoke_pair|smoke_001|CB|6|246,6,,,,0
synthetic,smoke_pair,smoke_pair,val,smoke_pair,smoke_001,24.600,246,CA,smoke_pair|smoke_001|CA|7|246,7,,,,0
synthetic,smoke_pair,smoke_pair,val,smoke_pair,smoke_001,24.600,246,CB,smoke_pair|smoke_001|CB|7|246,7,,,,0
synthetic,smoke_pair,smoke_pair,val,smoke_pair,smoke_001,24.600,246,CA,smoke_pair|smoke_001|CA|8|246,8,,,,0
synthetic,smoke_pair,smoke_pair,val,smoke_pair,smoke_001,24.600,246,CB,smoke_pair|smoke_001|CB|8|246,8,,,,0
synthetic,smoke_pair,smoke_pair,val,smoke_pair,smoke_001,24.700,247,CA,smoke_pair|smoke_001|CA|1|247,1,,,,0
synthetic,smoke_pair,smoke_pair,val,smoke_pair,smoke_001,24.700,247,CB,smoke_pair|smoke_001|CB|1|247,1,,,,0
synthetic,smoke_pair,smoke_pair,val,smoke_pair,smoke_001,24.700,247,CA,smoke_pair|smoke_001|CA|2|247,2,,,,0
synthetic,smoke_pair,smoke_pair,val,smoke_pair,smoke_001,24.700,247,CB,smoke_pair|smoke_001|CB|2|247,2,,,,0
synthetic,smoke_pair,smoke_pair,val,smoke_pair,smoke_001,24.700,247,CA,smoke_pair|smoke_001|CA|3|247,3,,,,0
synthetic,smoke_pair,smoke_pair,val,smoke_pair,smoke_001,24.700,247,CB,smoke_pair|smoke_001|CB|3|247,3,,,,0
synthetic,smoke_pair,smoke_pair,val,smoke_pair,smoke_001,24.700,247,CA,smoke_pair|smoke_001|CA|4|247,4,,,,0
synthetic,smoke_pair,smoke_pair,val,smoke_pair,smoke_001,24.700,247,CB,smoke_pair|smoke_001|CB|4|247,4,,,,0
synthetic,smoke_pair,smoke_pair,val,smoke_pair,smoke_001,24.700,247,CA,smoke_pair|smoke_001|CA|5|247,5,,,,0
synthetic,smoke_pair,smoke_pair,val,smoke_pair,smoke_001,24.700,247,CB,smoke_pair|smoke_001|CB|5|247,5,,,,0
synthetic,smoke_pair,smoke_pair,val,smoke_pair,smoke_001,24.700,247,CA,smoke_pair|smoke_001|CA|6|247,6,,,,0
synthetic,smoke_pair,smoke_pair,val,smoke_pair,smoke_001,24.700,247,CB,smoke_pair|smoke_001|CB|6|247,6,,,,0
synthetic,smoke_pair,smoke_pair,val,smoke_pair,smoke_001,24.700,247,CA,smoke_pair|smoke_001|CA|7|247,7,,,,0
synthetic,smoke_pair,smoke_pair,val,smoke_pair,smoke_001,24.700,247,CB,smoke_pair|smoke_001|CB|7|247,7,,,,0
synthetic,smoke_pair,smoke_pair,val,smoke_pair,smoke_001,24.700,247,CA,smoke_pair|smoke_001|CA|8|247,8,,,,0
synthetic,smoke_pair,smoke_pair,val,smoke_pair,smoke_001,24.700,247,CB,smoke_pair|smoke_001|CB|8|247,8,,,,0
synthetic,smoke_pair,smoke_pair,val,smoke_pair,smoke_001,24.800,248,CA,smoke_pair|smoke_001|CA|1|248,1,,,,0
synthetic,smoke_pair,smoke_pair,val,smoke_pair,smoke_001,24.800,248,CB,smoke_pair|smoke_001|CB|1|248,1,,,,0
synthetic,smoke_pair,smoke_pair,val,smoke_pair,smoke_001,24.800,248,CA,smoke_pair|smoke_001|CA|2|248,2,,,,0
synthetic,smoke_pair,smoke_pair,val,smoke_pair,smoke_001,24.800,248,CB,smoke_pair|smoke_001|CB|2|248,2,,,,0
synthetic,smoke_pair,smoke_pair,val,smoke_pair,smoke_001,24.800,248,CA,smoke_pair|smoke_001|CA|3|248,3,,,,0
synthetic,smoke_pair,smoke_pair,val,smoke_pair,smoke_001,24.800,248,CB,smoke_pair|smoke_001|CB|3|248,3,,,,0
synthetic,smoke_pair,smoke_pair,val,smoke_pair,smoke_001,24.800,248,CA,smoke_pair|smoke_001|CA|4|248,4,,,,0
synthetic,smoke_pair,smoke_pair,val,smoke_pair,smoke_001,24.800,248,CB,smoke_pair|smoke_001|CB|4|248,4,,,,0
synthetic,smoke_pair,smoke_pair,val,smoke_pair,smoke_001,24.800,248,CA,smoke_pair|smoke_001|CA|5|248,5,,,,0
synthetic,smoke_pair,smoke_pair,val,smoke_pair,smoke_001,24.800,248,CB,smoke_pair|smoke_001|CB|5|248,5,,,,0
synthetic,smoke_pair,smoke_pair,val,smoke_pair,smoke_001,24.800,248,CA,smoke_pair|smoke_001|CA|6|248,6,,,,0
synthetic,smoke_pair,smoke_pair,val,smoke_pair,smoke_001,24.800,248,CB,smoke_pair|smoke_001|CB|6|248,6,,,,0
synthetic,smoke_pair,smoke_pair,val,smoke_pair,smoke_001,24.800,248,CA,smoke_pair|smoke_001|CA|7|248,7,,,,0
synthetic,smoke_pair,smoke_pair,val,smoke_pair,smoke_001,24.800,248,CB,smoke_pair|smoke_001|CB|7|248,7,,,,0
synthetic,smoke_pair,smoke_pair,val,smoke_pair,smoke_001,24.800,248,CA,smoke_pair|smoke_001|CA|8|248,8,,,,0
synthetic,smoke_pair,smoke_pair,val,smoke_pair,smoke_001,24.800,248,CB,smoke_pair|smoke_001|CB|8|248,8,,,,0
synthetic,smoke_pair,smoke_pair,val,smoke_pair,smoke_001,24.900,249,CA,smoke_pair|smoke_001|CA|1|249,1,,,,0
synthetic,smoke_pair,smoke_pair,val,smoke_pair,smoke_001,24.900,249,CB,smoke_pair|smoke_001|CB|1|249,1,,,,0
synthetic,smoke_pair,smoke_pair,val,smoke_pair,smoke_001,24.900,249,CA,smoke_pair|smoke_001|CA|2|249,2,,,,0
synthetic,smoke_pair,smoke_pair,val,smoke_pair,smoke_001,24.900,249,CB,smoke_pair|smoke_001|CB|2|249,2,,,,0
synthetic,smoke_pair,smoke_pair,val,smoke_pair,smoke_001,24.900,249,CA,smoke_pair|smoke_001|CA|3|249,3,,,,0
synthetic,smoke_pair,smoke_pair,val,smoke_pair,smoke_001,24.900,249,CB,smoke_pair|smoke_001|CB|3|249,3,,,,0
synthetic,smoke_pair,smoke_pair,val,smoke_pair,smoke_001,24.900,249,CA,smoke_pair|smoke_001|CA|4|249,4,,,,0
synthetic,smoke_pair,smoke_pair,val,smoke_pair,smoke_001,24.900,249,CB,smoke_pair|smoke_001|CB|4|249,4,,,,0
synthetic,smoke_pair,smoke_pair,val,smoke_pair,smoke_001,24.900,249,CA,smoke_pair|smoke_001|CA|5|249,5,,,,0
synthetic,smoke_pair,smoke_pair,val,smoke_pair,smoke_001,24.900,249,CB,smoke_pair|smoke_001|CB|5|249,5,,,,0
synthetic,smoke_pair,smoke_pair,val,smoke_pair,smoke_001,24.900,249,CA,smoke_pair|smoke_001|CA|6|249,6,,,,0
synthetic,smoke_pair,smoke_pair,val,smoke_pair,smoke_001,24.900,249,CB,smoke_pair|smoke_001|CB|6|249,6,,,,0
synthetic,smoke_pair,smoke_pair,val,smoke_pair,smoke_001,24.900,249,CA,smoke_pair|smoke_001|CA|7|249,7,,,,0
synthetic,smoke_pair,smoke_pair,val,smoke_pair,smoke_001,24.900,249,CB,smoke_pair|smoke_001|CB|7|249,7,,,,0
synthetic,smoke_pair,smoke_pair,val,smoke_pair,smoke_001,24.900,249,CA,smoke_pair|smoke_001|CA|8|249,8,,,,0
synthetic,smoke_pair,smoke_pair,val,smoke_pair,smoke_001,24.900,249,CB,smoke_pair|smoke_001|CB|8|249,8,,,,0
synthetic,smoke_pair,smoke_pair,val,smoke_pair,smoke_001,25.000,250,CA,smoke_pair|smoke_001|CA|1|250,1,,,,0
synthetic,smoke_pair,smoke_pair,val,smoke_pair,smoke_001,25.000,250,CB,smoke_pair|smoke_001|CB|1|250,1,,,,0
synthetic,smoke_pair,smoke_pair,val,smoke_pair,smoke_001,25.000,250,CA,smoke_pair|smoke_001|CA|2|250,2,,,,0
synthetic,smoke_pair,smoke_pair,val,smoke_pair,smoke_001,25.000,250,CB,smoke_pair|smoke_001|CB|2|250,2,,,,0
synthetic,smoke_pair,smoke_pair,val,smoke_pair,smoke_001,25.000,250,CA,smoke_pair|smoke_001|CA|3|250,3,,,,0
synthetic,smoke_pair,smoke_pair,val,smoke_pair,smoke_001,25.000,250,CB,smoke_pair|smoke_001|CB|3|250,3,,,,0
synthetic,smoke_pair,smoke_pair,val,smoke_pair,smoke_001,25.000,250,CA,smoke_pair|smoke_001|CA|4|250,4,,,,0
synthetic,smoke_pair,smoke_pair,val,smoke_pair,smoke_001,25.000,250,CB,smoke_pair|smoke_001|CB|4|250,4,,,,0
synthetic,smoke_pair,smoke_pair,val,smoke_pair,smoke_001,25.000,250,CA,smoke_pair|smoke_001|CA|5|250,5,,,,0
synthetic,smoke_pair,smoke_pair,val,smoke_pair,smoke_001,25.000,250,CB,smoke_pair|smoke_001|CB|5|250,5,,,,0
synthetic,smoke_pair,smoke_pair,val,smoke_pair,smoke_001,25.000,250,CA,smoke_pair|smoke_001|CA|6|250,6,,,,0
synthetic,smoke_pair,smoke_pair,val,smoke_pair,smoke_001,25.000,250,CB,smoke_pair|smoke_001|CB|6|250,6,,,,0
synthetic,smoke_pair,smoke_pair,val,smoke_pair,smoke_001,25.000,250,CA,smoke_pair|smoke_001|CA|7|250,7,,,,0
synthetic,smoke_pair,smoke_pair,val,smoke_pair,smoke_001,25.000,250,CB,smoke_pair|smoke_001|CB|7|250,7,,,,0
synthetic,smoke_pair,smoke_pair,val,smoke_pair,smoke_001,25.000,250,CA,smoke_pair|smoke_001|CA|8|250,8,,,,0
synthetic,smoke_pair,smoke_pair,val,smoke_pair,smoke_001,25.000,250,CB,smoke_pair|smoke_001|CB|8|250,8,,,,0
synthetic,smoke_pair,smoke_pair,val,smoke_pair,smoke_001,25.100,251,CA,smoke_pair|smoke_001|CA|1|251,1,,,,0
synthetic,smoke_pair,smoke_pair,val,smoke_pair,smoke_001,25.100,251,CB,smoke_pair|smoke_001|CB|1|251,1,,,,0
synthetic,smoke_pair,smoke_pair,val,smoke_pair,smoke_001,25.100,251,CA,smoke_pair|smoke_001|CA|2|251,2,,,,0
synthetic,smoke_pair,smoke_pair,val,smoke_pair,smoke_001,25.100,251,CB,smoke_pair|smoke_001|CB|2|251,2,,,,0
synthetic,smoke_pair,smoke_pair,val,smoke_pair,smoke_001,25.100,251,CA,smoke_pair|smoke_001|CA|3|251,3,,,,0
synthetic,smoke_pair,smoke_pair,val,smoke_pair,smoke_001,25.100,251,CB,smoke_pair|smoke_001|CB|3|251,3,,,,0
synthetic,smoke_pair,smoke_pair,val,smoke_pair,smoke_001,25.100,251,CA,smoke_pair|smoke_001|CA|4|251,4,,,,0
synthetic,smoke_pair,smoke_pair,val,smoke_pair,smoke_001,25.100,251,CB,smoke_pair|smoke_001|CB|4|251,4,,,,0
synthetic,smoke_pair,smoke_pair,val,smoke_pair,smoke_001,25.100,251,CA,smoke_pair|smoke_001|CA|5|251,5,,,,0
synthetic,smoke_pair,smoke_pair,val,smoke_pair,smoke_001,25.100,251,CB,smoke_pair|smoke_001|CB|5|251,5,,,,0
synthetic,smoke_pair,smoke_pair,val,smoke_pair,smoke_001,25.100,251,CA,smoke_pair|smoke_001|CA|6|251,6,,,,0
synthetic,smoke_pair,smoke_pair,val,smoke_pair,smoke_001,25.100,251,CB,smoke_pair|smoke_001|CB|6|251,6,,,,0
synthetic,smoke_pair,smoke_pair,val,smoke_pair,smoke_001,25.100,251,CA,smoke_pair|smoke_001|CA|7|251,7,,,,0
synthetic,smoke_pair,smoke_pair,val,smoke_pair,smoke_001,25.100,251,CB,smoke_pair|smoke_001|CB|7|251,7,,,,0
synthetic,smoke_pair,smoke_pair,val,smoke_pair,smoke_001,25.100,251,CA,smoke_pair|smoke_001|CA|8|251,8,,,,0
synthetic,smoke_pair,smoke_pair,val,smoke_pair,smoke_001,25.100,251,CB,smoke_pair|smoke_001|CB|8|251,8,,,,0
synthetic,smoke_pair,smoke_pair,val,smoke_pair,smoke_001,25.200,252,CA,smoke_pair|smoke_001|CA|1|252,1,,,,0
synthetic,smoke_pair,smoke_pair,val,smoke_pair,smoke_001,25.200,252,CB,smoke_pair|smoke_001|CB|1|252,1,,,,0
synthetic,smoke_pair,smoke_pair,val,smoke_pair,smoke_001,25.200,252,CA,smoke_pair|smoke_001|CA|2|252,2,,,,0
synthetic,smoke_pair,smoke_pair,val,smoke_pair,smoke_001,25.200,252,CB,smoke_pair|smoke_001|CB|2|252,2,,,,0
synthetic,smoke_pair,smoke_pair,val,smoke_pair,smoke_001,25.200,252,CA,smoke_pair|smoke_001|CA|3|252,3,,,,0
synthetic,smoke_pair,smoke_pair,val,smoke_pair,smoke_001,25.200,252,CB,smoke_pair|smoke_001|CB|3|252,3,,,,0
synthetic,smoke_pair,smoke_pair,val,smoke_pair,smoke_001,25.200,252,CA,smoke_pair|smoke_001|CA|4|252,4,,,,0
synthetic,smoke_pair,smoke_pair,val,smoke_pair,smoke_001,25.200,252,CB,smoke_pair|smoke_001|CB|4|252,4,,,,0
synthetic,smoke_pair,smoke_pair,val,smoke_pair,smoke_001,25.200,252,CA,smoke_pair|smoke_001|CA|5|252,5,,,,0
synthetic,smoke_pair,smoke_pair,val,smoke_pair,smoke_001,25.200,252,CB,smoke_pair|smoke_001|CB|5|252,5,,,,0
synthetic,smoke_pair,smoke_pair,val,smoke_pair,smoke_001,25.200,252,CA,smoke_pair|smoke_001|CA|6|252,6,,,,0
synthetic,smoke_pair,smoke_pair,val,smoke_pair,smoke_001,25.200,252,CB,smoke_pair|smoke_001|CB|6|252,6,,,,0
synthetic,smoke_pair,smoke_pair,val,smoke_pair,smoke_001,25.200,252,CA,smoke_pair|smoke_001|CA|7|252,7,,,,0
synthetic,smoke_pair,smoke_pair,val,smoke_pair,smoke_001,25.200,252,CB,smoke_pair|smoke_001|CB|7|252,7,,,,0
synthetic,smoke_pair,smoke_pair,val,smoke_pair,smoke_001,25.200,252,CA,smoke_pair|smoke_001|CA|8|252,8,,,,0
synthetic,smoke_pair,smoke_pair,val,smoke_pair,smoke_001,25.200,252,CB,smoke_pair|smoke_001|CB|8|252,8,,,,0
synthetic,smoke_pair,smoke_pair,val,smoke_pair,smoke_001,25.300,253,CA,smoke_pair|smoke_001|CA|1|253,1,,,,0
synthetic,smoke_pair,smoke_pair,val,smoke_pair,smoke_001,25.300,253,CB,smoke_pair|smoke_001|CB|1|253,1,,,,0
synthetic,smoke_pair,smoke_pair,val,smoke_pair,smoke_001,25.300,253,CA,smoke_pair|smoke_001|CA|2|253,2,,,,0
synthetic,smoke_pair,smoke_pair,val,smoke_pair,smoke_001,25.300,253,CB,smoke_pair|smoke_001|CB|2|253,2,,,,0
synthetic,smoke_pair,smoke_pair,val,smoke_pair,smoke_001,25.300,253,CA,smoke_pair|smoke_001|CA|3|253,3,,,,0
synthetic,smoke_pair,smoke_pair,val,smoke_pair,smoke_001,25.300,253,CB,smoke_pair|smoke_001|CB|3|253,3,,,,0
synthetic,smoke_pair,smoke_pair,val,smoke_pair,smoke_001,25.300,253,CA,smoke_pair|smoke_001|CA|4|253,4,,,,0
synthetic,smoke_pair,smoke_pair,val,smoke_pair,smoke_001,25.300,253,CB,smoke_pair|smoke_001|CB|4|253,4,,,,0
synthetic,smoke_pair,smoke_pair,val,smoke_pair,smoke_001,25.300,253,CA,smoke_pair|smoke_001|CA|5|253,5,,,,0
synthetic,smoke_pair,smoke_pair,val,smoke_pair,smoke_001,25.300,253,CB,smoke_pair|smoke_001|CB|5|253,5,,,,0
synthetic,smoke_pair,smoke_pair,val,smoke_pair,smoke_001,25.300,253,CA,smoke_pair|smoke_001|CA|6|253,6,,,,0
synthetic,smoke_pair,smoke_pair,val,smoke_pair,smoke_001,25.300,253,CB,smoke_pair|smoke_001|CB|6|253,6,,,,0
synthetic,smoke_pair,smoke_pair,val,smoke_pair,smoke_001,25.300,253,CA,smoke_pair|smoke_001|CA|7|253,7,,,,0
synthetic,smoke_pair,smoke_pair,val,smoke_pair,smoke_001,25.300,253,CB,smoke_pair|smoke_001|CB|7|253,7,,,,0
synthetic,smoke_pair,smoke_pair,val,smoke_pair,smoke_001,25.300,253,CA,smoke_pair|smoke_001|CA|8|253,8,,,,0
synthetic,smoke_pair,smoke_pair,val,smoke_pair,smoke_001,25.300,253,CB,smoke_pair|smoke_001|CB|8|253,8,,,,0
synthetic,smoke_pair,smoke_pair,val,smoke_pair,smoke_001,25.400,254,CA,smoke_pair|smoke_001|CA|1|254,1,,,,0
synthetic,smoke_pair,smoke_pair,val,smoke_pair,smoke_001,25.400,254,CB,smoke_pair|smoke_001|CB|1|254,1,,,,0
synthetic,smoke_pair,smoke_pair,val,smoke_pair,smoke_001,25.400,254,CA,smoke_pair|smoke_001|CA|2|254,2,,,,0
synthetic,smoke_pair,smoke_pair,val,smoke_pair,smoke_001,25.400,254,CB,smoke_pair|smoke_001|CB|2|254,2,,,,0
synthetic,smoke_pair,smoke_pair,val,smoke_pair,smoke_001,25.400,254,CA,smoke_pair|smoke_001|CA|3|254,3,,,,0
synthetic,smoke_pair,smoke_pair,val,smoke_pair,smoke_001,25.400,254,CB,smoke_pair|smoke_001|CB|3|254,3,,,,0
synthetic,smoke_pair,smoke_pair,val,smoke_pair,smoke_001,25.400,254,CA,smoke_pair|smoke_001|CA|4|254,4,,,,0
synthetic,smoke_pair,smoke_pair,val,smoke_pair,smoke_001,25.400,254,CB,smoke_pair|smoke_001|CB|4|254,4,,,,0
synthetic,smoke_pair,smoke_pair,val,smoke_pair,smoke_001,25.400,254,CA,smoke_pair|smoke_001|CA|5|254,5,,,,0
synthetic,smoke_pair,smoke_pair,val,smoke_pair,smoke_001,25.400,254,CB,smoke_pair|smoke_001|CB|5|254,5,,,,0
synthetic,smoke_pair,smoke_pair,val,smoke_pair,smoke_001,25.400,254,CA,smoke_pair|smoke_001|CA|6|254,6,,,,0
synthetic,smoke_pair,smoke_pair,val,smoke_pair,smoke_001,25.400,254,CB,smoke_pair|smoke_001|CB|6|254,6,,,,0
synthetic,smoke_pair,smoke_pair,val,smoke_pair,smoke_001,25.400,254,CA,smoke_pair|smoke_001|CA|7|254,7,,,,0
synthetic,smoke_pair,smoke_pair,val,smoke_pair,smoke_001,25.400,254,CB,smoke_pair|smoke_001|CB|7|254,7,,,,0
synthetic,smoke_pair,smoke_pair,val,smoke_pair,smoke_001,25.400,254,CA,smoke_pair|smoke_001|CA|8|254,8,,,,0
synthetic,smoke_pair,smoke_pair,val,smoke_pair,smoke_001,25.400,254,CB,smoke_pair|smoke_001|CB|8|254,8,,,,0
synthetic,smoke_pair,smoke_pair,val,smoke_pair,smoke_001,25.500,255,CA,smoke_pair|smoke_001|CA|1|255,1,,,,0
synthetic,smoke_pair,smoke_pair,val,smoke_pair,smoke_001,25.500,255,CB,smoke_pair|smoke_001|CB|1|255,1,,,,0
synthetic,smoke_pair,smoke_pair,val,smoke_pair,smoke_001,25.500,255,CA,smoke_pair|smoke_001|CA|2|255,2,,,,0
synthetic,smoke_pair,smoke_pair,val,smoke_pair,smoke_001,25.500,255,CB,smoke_pair|smoke_001|CB|2|255,2,,,,0
synthetic,smoke_pair,smoke_pair,val,smoke_pair,smoke_001,25.500,255,CA,smoke_pair|smoke_001|CA|3|255,3,,,,0
synthetic,smoke_pair,smoke_pair,val,smoke_pair,smoke_001,25.500,255,CB,smoke_pair|smoke_001|CB|3|255,3,,,,0
synthetic,smoke_pair,smoke_pair,val,smoke_pair,smoke_001,25.500,255,CA,smoke_pair|smoke_001|CA|4|255,4,,,,0
synthetic,smoke_pair,smoke_pair,val,smoke_pair,smoke_001,25.500,255,CB,smoke_pair|smoke_001|CB|4|255,4,,,,0
synthetic,smoke_pair,smoke_pair,val,smoke_pair,smoke_001,25.500,255,CA,smoke_pair|smoke_001|CA|5|255,5,,,,0
synthetic,smoke_pair,smoke_pair,val,smoke_pair,smoke_001,25.500,255,CB,smoke_pair|smoke_001|CB|5|255,5,,,,0
synthetic,smoke_pair,smoke_pair,val,smoke_pair,smoke_001,25.500,255,CA,smoke_pair|smoke_001|CA|6|255,6,,,,0
synthetic,smoke_pair,smoke_pair,val,smoke_pair,smoke_001,25.500,255,CB,smoke_pair|smoke_001|CB|6|255,6,,,,0
synthetic,smoke_pair,smoke_pair,val,smoke_pair,smoke_001,25.500,255,CA,smoke_pair|smoke_001|CA|7|255,7,,,,0
synthetic,smoke_pair,smoke_pair,val,smoke_pair,smoke_001,25.500,255,CB,smoke_pair|smoke_001|CB|7|255,7,,,,0
synthetic,smoke_pair,smoke_pair,val,smoke_pair,smoke_001,25.500,255,CA,smoke_pair|smoke_001|CA|8|255,8,,,,0
synthetic,smoke_pair,smoke_pair,val,smoke_pair,smoke_001,25.500,255,CB,smoke_pair|smoke_001|CB|8|255,8,,,,0
synthetic,smoke_pair,smoke_pair,val,smoke_pair,smoke_001,25.600,256,CA,smoke_pair|smoke_001|CA|1|256,1,,,,0
synthetic,smoke_pair,smoke_pair,val,smoke_pair,smoke_001,25.600,256,CB,smoke_pair|smoke_001|CB|1|256,1,,,,0
synthetic,smoke_pair,smoke_pair,val,smoke_pair,smoke_001,25.600,256,CA,smoke_pair|smoke_001|CA|2|256,2,,,,0
synthetic,smoke_pair,smoke_pair,val,smoke_pair,smoke_001,25.600,256,CB,smoke_pair|smoke_001|CB|2|256,2,,,,0
synthetic,smoke_pair,smoke_pair,val,smoke_pair,smoke_001,25.600,256,CA,smoke_pair|smoke_001|CA|3|256,3,,,,0
synthetic,smoke_pair,smoke_pair,val,smoke_pair,smoke_001,25.600,256,CB,smoke_pair|smoke_001|CB|3|256,3,,,,0
synthetic,smoke_pair,smoke_pair,val,smoke_pair,smoke_001,25.600,256,CA,smoke_pair|smoke_001|CA|4|256,4,,,,0
synthetic,smoke_pair,smoke_pair,val,smoke_pair,smoke_001,25.600,256,CB,smoke_pair|smoke_001|CB|4|256,4,,,,0
synthetic,smoke_pair,smoke_pair,val,smoke_pair,smoke_001,25.600,256,CA,smoke_pair|smoke_001|CA|5|256,5,,,,0
synthetic,smoke_pair,smoke_pair,val,smoke_pair,smoke_001,25.600,256,CB,smoke_pair|smoke_001|CB|5|256,5,,,,0
synthetic,smoke_pair,smoke_pair,val,smoke_pair,smoke_001,25.600,256,CA,smoke_pair|smoke_001|CA|6|256,6,,,,0
synthetic,smoke_pair,smoke_pair,val,smoke_pair,smoke_001,25.600,256,CB,smoke_pair|smoke_001|CB|6|256,6,,,,0
synthetic,smoke_pair,smoke_pair,val,smoke_pair,smoke_001,25.600,256,CA,smoke_pair|smoke_001|CA|7|256,7,,,,0
synthetic,smoke_pair,smoke_pair,val,smoke_pair,smoke_001,25.600,256,CB,smoke_pair|smoke_001|CB|7|256,7,,,,0
synthetic,smoke_pair,smoke_pair,val,smoke_pair,smoke_001,25.600,256,CA,smoke_pair|smoke_001|CA|8|256,8,,,,0
synthetic,smoke_pair,smoke_pair,val,smoke_pair,smoke_001,25.600,256,CB,smoke_pair|smoke_001|CB|8|256,8,,,,0
synthetic,smoke_pair,smoke_pair,val,smoke_pair,smoke_001,25.700,257,CA,smoke_pair|smoke_001|CA|1|257,1,,,,0
synthetic,smoke_pair,smoke_pair,val,smoke_pair,smoke_001,25.700,257,CB,smoke_pair|smoke_001|CB|1|257,1,,,,0
synthetic,smoke_pair,smoke_pair,val,smoke_pair,smoke_001,25.700,257,CA,smoke_pair|smoke_001|CA|2|257,2,,,,0
synthetic,smoke_pair,smoke_pair,val,smoke_pair,smoke_001,25.700,257,CB,smoke_pair|smoke_001|CB|2|257,2,,,,0
synthetic,smoke_pair,smoke_pair,val,smoke_pair,smoke_001,25.700,257,CA,smoke_pair|smoke_001|CA|3|257,3,,,,0
synthetic,smoke_pair,smoke_pair,val,smoke_pair,smoke_001,25.700,257,CB,smoke_pair|smoke_001|CB|3|257,3,,,,0
synthetic,smoke_pair,smoke_pair,val,smoke_pair,smoke_001,25.700,257,CA,smoke_pair|smoke_001|CA|4|257,4,,,,0
synthetic,smoke_pair,smoke_pair,val,smoke_pair,smoke_001,25.700,257,CB,smoke_pair|smoke_001|CB|4|257,4,,,,0
synthetic,smoke_pair,smoke_pair,val,smoke_pair,smoke_001,25.700,257,CA,smoke_pair|smoke_001|CA|5|257,5,,,,0
synthetic,smoke_pair,smoke_pair,val,smoke_pair,smoke_001,25.700,257,CB,smoke_pair|smoke_001|CB|5|257,5,,,,0
synthetic,smoke_pair,smoke_pair,val,smoke_pair,smoke_001,25.700,257,CA,smoke_pair|smoke_001|CA|6|257,6,,,,0
synthetic,smoke_pair,smoke_pair,val,smoke_pair,smoke_001,25.700,257,CB,smoke_pair|smoke_001|CB|6|257,6,,,,0
synthetic,smoke_pair,smoke_pair,val,smoke_pair,smoke_001,25.700,257,CA,smoke_pair|smoke_001|CA|7|257,7,,,,0
synthetic,smoke_pair,smoke_pair,val,smoke_pair,smoke_001,25.700,257,CB,smoke_pair|smoke_001|CB|7|257,7,,,,0
synthetic,smoke_pair,smoke_pair,val,smoke_pair,smoke_001,25.700,257,CA,smoke_pair|smoke_001|CA|8|257,8,,,,0
synthetic,smoke_pair,smoke_pair,val,smoke_pair,smoke_001,25.700,257,CB,smoke_pair|smoke_001|CB|8|257,8,,,,0
synthetic,smoke_pair,smoke_pair,val,smoke_pair,smoke_001,25.800,258,CA,smoke_pair|smoke_001|CA|1|258,1,,,,0
synthetic,smoke_pair,smoke_pair,val,smoke_pair,smoke_001,25.800,258,CB,smoke_pair|smoke_001|CB|1|258,1,,,,0
synthetic,smoke_pair,smoke_pair,val,smoke_pair,smoke_001,25.800,258,CA,smoke_pair|smoke_001|CA|2|258,2,,,,0
synthetic,smoke_pair,smoke_pair,val,smoke_pair,smoke_001,25.800,258,CB,smoke_pair|smoke_001|CB|2|258,2,,,,0
synthetic,smoke_pair,smoke_pair,val,smoke_pair,smoke_001,25.800,258,CA,smoke_pair|smoke_001|CA|3|258,3,,,,0
synthetic,smoke_pair,smoke_pair,val,smoke_pair,smoke_001,25.800,258,CB,smoke_pair|smoke_001|CB|3|258,3,,,,0
synthetic,smoke_pair,smoke_pair,val,smoke_pair,smoke_001,25.800,258,CA,smoke_pair|smoke_001|CA|4|258,4,,,,0
synthetic,smoke_pair,smoke_pair,val,smoke_pair,smoke_001,25.800,258,CB,smoke_pair|smoke_001|CB|4|258,4,,,,0
synthetic,smoke_pair,smoke_pair,val,smoke_pair,smoke_001,25.800,258,CA,smoke_pair|smoke_001|CA|5|258,5,,,,0
synthetic,smoke_pair,smoke_pair,val,smoke_pair,smoke_001,25.800,258,CB,smoke_pair|smoke_001|CB|5|258,5,,,,0
synthetic,smoke_pair,smoke_pair,val,smoke_pair,smoke_001,25.800,258,CA,smoke_pair|smoke_001|CA|6|258,6,,,,0
synthetic,smoke_pair,smoke_pair,val,smoke_pair,smoke_001,25.800,258,CB,smoke_pair|smoke_001|CB|6|258,6,,,,0
synthetic,smoke_pair,smoke_pair,val,smoke_pair,smoke_001,25.800,258,CA,smoke_pair|smoke_001|CA|7|258,7,,,,0
synthetic,smoke_pair,smoke_pair,val,smoke_pair,smoke_001,25.800,258,CB,smoke_pair|smoke_001|CB|7|258,7,,,,0
synthetic,smoke_pair,smoke_pair,val,smoke_pair,smoke_001,25.800,258,CA,smoke_pair|smoke_001|CA|8|258,8,,,,0
synthetic,smoke_pair,smoke_pair,val,smoke_pair,smoke_001,25.800,258,CB,smoke_pair|smoke_001|CB|8|258,8,,,,0
synthetic,smoke_pair,smoke_pair,val,smoke_pair,smoke_001,25.900,259,CA,smoke_pair|smoke_001|CA|1|259,1,,,,0
synthetic,smoke_pair,smoke_pair,val,smoke_pair,smoke_001,25.900,259,CB,smoke_pair|smoke_001|CB|1|259,1,,,,0
synthetic,smoke_pair,smoke_pair,val,smoke_pair,smoke_001,25.900,259,CA,smoke_pair|smoke_001|CA|2|259,2,,,,0
synthetic,smoke_pair,smoke_pair,val,smoke_pair,smoke_001,25.900,259,CB,smoke_pair|smoke_001|CB|2|259,2,,,,0
synthetic,smoke_pair,smoke_pair,val,smoke_pair,smoke_001,25.900,259,CA,smoke_pair|smoke_001|CA|3|259,3,,,,0
synthetic,smoke_pair,smoke_pair,val,smoke_pair,smoke_001,25.900,259,CB,smoke_pair|smoke_001|CB|3|259,3,,,,0
synthetic,smoke_pair,smoke_pair,val,smoke_pair,smoke_001,25.900,259,CA,smoke_pair|smoke_001|CA|4|259,4,,,,0
synthetic,smoke_pair,smoke_pair,val,smoke_pair,smoke_001,25.900,259,CB,smoke_pair|smoke_001|CB|4|259,4,,,,0
synthetic,smoke_pair,smoke_pair,val,smoke_pair,smoke_001,25.900,259,CA,smoke_pair|smoke_001|CA|5|259,5,,,,0
synthetic,smoke_pair,smoke_pair,val,smoke_pair,smoke_001,25.900,259,CB,smoke_pair|smoke_001|CB|5|259,5,,,,0
synthetic,smoke_pair,smoke_pair,val,smoke_pair,smoke_001,25.900,259,CA,smoke_pair|smoke_001|CA|6|259,6,,,,0
synthetic,smoke_pair,smoke_pair,val,smoke_pair,smoke_001,25.900,259,CB,smoke_pair|smoke_001|CB|6|259,6,,,,0
synthetic,smoke_pair,smoke_pair,val,smoke_pair,smoke_001,25.900,259,CA,smoke_pair|smoke_001|CA|7|259,7,,,,0
synthetic,smoke_pair,smoke_pair,val,smoke_pair,smoke_001,25.900,259,CB,smoke_pair|smoke_001|CB|7|259,7,,,,0
synthetic,smoke_pair,smoke_pair,val,smoke_pair,smoke_001,25.900,259,CA,smoke_pair|smoke_001|CA|8|259,8,,,,0
synthetic,smoke_pair,smoke_pair,val,smoke_pair,smoke_001,25.900,259,CB,smoke_pair|smoke_001|CB|8|259,8,,,,0
synthetic,smoke_pair,smoke_pair,val,smoke_pair,smoke_001,26.000,260,CA,smoke_pair|smoke_001|CA|1|260,1,,,,0
synthetic,smoke_pair,smoke_pair,val,smoke_pair,smoke_001,26.000,260,CB,smoke_pair|smoke_001|CB|1|260,1,,,,0
synthetic,smoke_pair,smoke_pair,val,smoke_pair,smoke_001,26.000,260,CA,smoke_pair|smoke_001|CA|2|260,2,,,,0
synthetic,smoke_pair,smoke_pair,val,smoke_pair,smoke_001,26.000,260,CB,smoke_pair|smoke_001|CB|2|260,2,,,,0
synthetic,smoke_pair,smoke_pair,val,smoke_pair,smoke_001,26.000,260,CA,smoke_pair|smoke_001|CA|3|260,3,,,,0
synthetic,smoke_pair,smoke_pair,val,smoke_pair,smoke_001,26.000,260,CB,smoke_pair|smoke_001|CB|3|260,3,,,,0
synthetic,smoke_pair,smoke_pair,val,smoke_pair,smoke_001,26.000,260,CA,smoke_pair|smoke_001|CA|4|260,4,,,,0
synthetic,smoke_pair,smoke_pair,val,smoke_pair,smoke_001,26.000,260,CB,smoke_pair|smoke_001|CB|4|260,4,,,,0
synthetic,smoke_pair,smoke_pair,val,smoke_pair,smoke_001,26.000,260,CA,smoke_pair|smoke_001|CA|5|260,5,,,,0
synthetic,smoke_pair,smoke_pair,val,smoke_pair,smoke_001,26.000,260,CB,smoke_pair|smoke_001|CB|5|260,5,,,,0
synthetic,smoke_pair,smoke_pair,val,smoke_pair,smoke_001,26.000,260,CA,smoke_pair|smoke_001|CA|6|260,6,,,,0
synthetic,smoke_pair,smoke_pair,val,smoke_pair,smoke_001,26.000,260,CB,smoke_pair|smoke_001|CB|6|260,6,,,,0
synthetic,smoke_pair,smoke_pair,val,smoke_pair,smoke_001,26.000,260,CA,smoke_pair|smoke_001|CA|7|260,7,,,,0
synthetic,smoke_pair,smoke_pair,val,smoke_pair,smoke_001,26.000,260,CB,smoke_pair|smoke_001|CB|7|260,7,,,,0
synthetic,smoke_pair,smoke_pair,val,smoke_pair,smoke_001,26.000,260,CA,smoke_pair|smoke_001|CA|8|260,8,,,,0
synthetic,smoke_pair,smoke_pair,val,smoke_pair,smoke_001,26.000,260,CB,smoke_pair|smoke_001|CB|8|260,8,,,,0
synthetic,smoke_pair,smoke_pair,val,smoke_pair,smoke_001,26.100,261,CA,smoke_pair|smoke_001|CA|1|261,1,,,,0
synthetic,smoke_pair,smoke_pair,val,smoke_pair,smoke_001,26.100,261,CB,smoke_pair|smoke_001|CB|1|261,1,,,,0
synthetic,smoke_pair,smoke_pair,val,smoke_pair,smoke_001,26.100,261,CA,smoke_pair|smoke_001|CA|2|261,2,,,,0
synthetic,smoke_pair,smoke_pair,val,smoke_pair,smoke_001,26.100,261,CB,smoke_pair|smoke_001|CB|2|261,2,,,,0
synthetic,smoke_pair,smoke_pair,val,smoke_pair,smoke_001,26.100,261,CA,smoke_pair|smoke_001|CA|3|261,3,,,,0
synthetic,smoke_pair,smoke_pair,val,smoke_pair,smoke_001,26.100,261,CB,smoke_pair|smoke_001|CB|3|261,3,,,,0
synthetic,smoke_pair,smoke_pair,val,smoke_pair,smoke_001,26.100,261,CA,smoke_pair|smoke_001|CA|4|261,4,,,,0
synthetic,smoke_pair,smoke_pair,val,smoke_pair,smoke_001,26.100,261,CB,smoke_pair|smoke_001|CB|4|261,4,,,,0
synthetic,smoke_pair,smoke_pair,val,smoke_pair,smoke_001,26.100,261,CA,smoke_pair|smoke_001|CA|5|261,5,,,,0
synthetic,smoke_pair,smoke_pair,val,smoke_pair,smoke_001,26.100,261,CB,smoke_pair|smoke_001|CB|5|261,5,,,,0
synthetic,smoke_pair,smoke_pair,val,smoke_pair,smoke_001,26.100,261,CA,smoke_pair|smoke_001|CA|6|261,6,,,,0
synthetic,smoke_pair,smoke_pair,val,smoke_pair,smoke_001,26.100,261,CB,smoke_pair|smoke_001|CB|6|261,6,,,,0
synthetic,smoke_pair,smoke_pair,val,smoke_pair,smoke_001,26.100,261,CA,smoke_pair|smoke_001|CA|7|261,7,,,,0
synthetic,smoke_pair,smoke_pair,val,smoke_pair,smoke_001,26.100,261,CB,smoke_pair|smoke_001|CB|7|261,7,,,,0
synthetic,smoke_pair,smoke_pair,val,smoke_pair,smoke_001,26.100,261,CA,smoke_pair|smoke_001|CA|8|261,8,,,,0
synthetic,smoke_pair,smoke_pair,val,smoke_pair,smoke_001,26.100,261,CB,smoke_pair|smoke_001|CB|8|261,8,,,,0
synthetic,smoke_pair,smoke_pair,val,smoke_pair,smoke_001,26.200,262,CA,smoke_pair|smoke_001|CA|1|262,1,,,,0
synthetic,smoke_pair,smoke_pair,val,smoke_pair,smoke_001,26.200,262,CB,smoke_pair|smoke_001|CB|1|262,1,,,,0
synthetic,smoke_pair,smoke_pair,val,smoke_pair,smoke_001,26.200,262,CA,smoke_pair|smoke_001|CA|2|262,2,,,,0
synthetic,smoke_pair,smoke_pair,val,smoke_pair,smoke_001,26.200,262,CB,smoke_pair|smoke_001|CB|2|262,2,,,,0
synthetic,smoke_pair,smoke_pair,val,smoke_pair,smoke_001,26.200,262,CA,smoke_pair|smoke_001|CA|3|262,3,,,,0
synthetic,smoke_pair,smoke_pair,val,smoke_pair,smoke_001,26.200,262,CB,smoke_pair|smoke_001|CB|3|262,3,,,,0
synthetic,smoke_pair,smoke_pair,val,smoke_pair,smoke_001,26.200,262,CA,smoke_pair|smoke_001|CA|4|262,4,,,,0
synthetic,smoke_pair,smoke_pair,val,smoke_pair,smoke_001,26.200,262,CB,smoke_pair|smoke_001|CB|4|262,4,,,,0
synthetic,smoke_pair,smoke_pair,val,smoke_pair,smoke_001,26.200,262,CA,smoke_pair|smoke_001|CA|5|262,5,,,,0
synthetic,smoke_pair,smoke_pair,val,smoke_pair,smoke_001,26.200,262,CB,smoke_pair|smoke_001|CB|5|262,5,,,,0
synthetic,smoke_pair,smoke_pair,val,smoke_pair,smoke_001,26.200,262,CA,smoke_pair|smoke_001|CA|6|262,6,,,,0
synthetic,smoke_pair,smoke_pair,val,smoke_pair,smoke_001,26.200,262,CB,smoke_pair|smoke_001|CB|6|262,6,,,,0
synthetic,smoke_pair,smoke_pair,val,smoke_pair,smoke_001,26.200,262,CA,smoke_pair|smoke_001|CA|7|262,7,,,,0
synthetic,smoke_pair,smoke_pair,val,smoke_pair,smoke_001,26.200,262,CB,smoke_pair|smoke_001|CB|7|262,7,,,,0
synthetic,smoke_pair,smoke_pair,val,smoke_pair,smoke_001,26.200,262,CA,smoke_pair|smoke_001|CA|8|262,8,,,,0
synthetic,smoke_pair,smoke_pair,val,smoke_pair,smoke_001,26.200,262,CB,smoke_pair|smoke_001|CB|8|262,8,,,,0
synthetic,smoke_pair,smoke_pair,val,smoke_pair,smoke_001,26.300,263,CA,smoke_pair|smoke_001|CA|1|263,1,,,,0
synthetic,smoke_pair,smoke_pair,val,smoke_pair,smoke_001,26.300,263,CB,smoke_pair|smoke_001|CB|1|263,1,,,,0
synthetic,smoke_pair,smoke_pair,val,smoke_pair,smoke_001,26.300,263,CA,smoke_pair|smoke_001|CA|2|263,2,,,,0
synthetic,smoke_pair,smoke_pair,val,smoke_pair,smoke_001,26.300,263,CB,smoke_pair|smoke_001|CB|2|263,2,,,,0
synthetic,smoke_pair,smoke_pair,val,smoke_pair,smoke_001,26.300,263,CA,smoke_pair|smoke_001|CA|3|263,3,,,,0
synthetic,smoke_pair,smoke_pair,val,smoke_pair,smoke_001,26.300,263,CB,smoke_pair|smoke_001|CB|3|263,3,,,,0
synthetic,smoke_pair,smoke_pair,val,smoke_pair,smoke_001,26.300,263,CA,smoke_pair|smoke_001|CA|4|263,4,,,,0
synthetic,smoke_pair,smoke_pair,val,smoke_pair,smoke_001,26.300,263,CB,smoke_pair|smoke_001|CB|4|263,4,,,,0
synthetic,smoke_pair,smoke_pair,val,smoke_pair,smoke_001,26.300,263,CA,smoke_pair|smoke_001|CA|5|263,5,,,,0
synthetic,smoke_pair,smoke_pair,val,smoke_pair,smoke_001,26.300,263,CB,smoke_pair|smoke_001|CB|5|263,5,,,,0
synthetic,smoke_pair,smoke_pair,val,smoke_pair,smoke_001,26.300,263,CA,smoke_pair|smoke_001|CA|6|263,6,,,,0
synthetic,smoke_pair,smoke_pair,val,smoke_pair,smoke_001,26.300,263,CB,smoke_pair|smoke_001|CB|6|263,6,,,,0
synthetic,smoke_pair,smoke_pair,val,smoke_pair,smoke_001,26.300,263,CA,smoke_pair|smoke_001|CA|7|263,7,,,,0
synthetic,smoke_pair,smoke_pair,val,smoke_pair,smoke_001,26.300,263,CB,smoke_pair|smoke_001|CB|7|263,7,,,,0
synthetic,smoke_pair,smoke_pair,val,smoke_pair,smoke_001,26.300,263,CA,smoke_pair|smoke_001|CA|8|263,8,,,,0
synthetic,smoke_pair,smoke_pair,val,smoke_pair,smoke_001,26.300,263,CB,smoke_pair|smoke_001|CB|8|263,8,,,,0
synthetic,smoke_pair,smoke_pair,val,smoke_pair,smoke_001,26.400,264,CA,smoke_pair|smoke_001|CA|1|264,1,,,,0
synthetic,smoke_pair,smoke_pair,val,smoke_pair,smoke_001,26.400,264,CB,smoke_pair|smoke_001|CB|1|264,1,,,,0
synthetic,smoke_pair,smoke_pair,val,smoke_pair,smoke_001,26.400,264,CA,smoke_pair|smoke_001|CA|2|264,2,,,,0
synthetic,smoke_pair,smoke_pair,val,smoke_pair,smoke_001,26.400,264,CB,smoke_pair|smoke_001|CB|2|264,2,,,,0
synthetic,smoke_pair,smoke_pair,val,smoke_pair,smoke_001,26.400,264,CA,smoke_pair|smoke_001|CA|3|264,3,,,,0
synthetic,smoke_pair,smoke_pair,val,smoke_pair,smoke_001,26.400,264,CB,smoke_pair|smoke_001|CB|3|264,3,,,,0
synthetic,smoke_pair,smoke_pair,val,smoke_pair,smoke_001,26.400,264,CA,smoke_pair|smoke_001|CA|4|264,4,,,,0
synthetic,smoke_pair,smoke_pair,val,smoke_pair,smoke_001,26.400,264,CB,smoke_pair|smoke_001|CB|4|264,4,,,,0
synthetic,smoke_pair,smoke_pair,val,smoke_pair,smoke_001,26.400,264,CA,smoke_pair|smoke_001|CA|5|264,5,,,,0
synthetic,smoke_pair,smoke_pair,val,smoke_pair,smoke_001,26.400,264,CB,smoke_pair|smoke_001|CB|5|264,5,,,,0
synthetic,smoke_pair,smoke_pair,val,smoke_pair,smoke_001,26.400,264,CA,smoke_pair|smoke_001|CA|6|264,6,,,,0
synthetic,smoke_pair,smoke_pair,val,smoke_pair,smoke_001,26.400,264,CB,smoke_pair|smoke_001|CB|6|264,6,,,,0
synthetic,smoke_pair,smoke_pair,val,smoke_pair,smoke_001,26.400,264,CA,smoke_pair|smoke_001|CA|7|264,7,,,,0
synthetic,smoke_pair,smoke_pair,val,smoke_pair,smoke_001,26.400,264,CB,smoke_pair|smoke_001|CB|7|264,7,,,,0
synthetic,smoke_pair,smoke_pair,val,smoke_pair,smoke_001,26.400,264,CA,smoke_pair|smoke_001|CA|8|264,8,,,,0
synthetic,smoke_pair,smoke_pair,val,smoke_pair,smoke_001,26.400,264,CB,smoke_pair|smoke_001|CB|8|264,8,,,,0
synthetic,smoke_pair,smoke_pair,val,smoke_pair,smoke_001,26.500,265,CA,smoke_pair|smoke_001|CA|1|265,1,,,,0
synthetic,smoke_pair,smoke_pair,val,smoke_pair,smoke_001,26.500,265,CB,smoke_pair|smoke_001|CB|1|265,1,,,,0
synthetic,smoke_pair,smoke_pair,val,smoke_pair,smoke_001,26.500,265,CA,smoke_pair|smoke_001|CA|2|265,2,,,,0
synthetic,smoke_pair,smoke_pair,val,smoke_pair,smoke_001,26.500,265,CB,smoke_pair|smoke_001|CB|2|265,2,,,,0
synthetic,smoke_pair,smoke_pair,val,smoke_pair,smoke_001,26.500,265,CA,smoke_pair|smoke_001|CA|3|265,3,,,,0
synthetic,smoke_pair,smoke_pair,val,smoke_pair,smoke_001,26.500,265,CB,smoke_pair|smoke_001|CB|3|265,3,,,,0
synthetic,smoke_pair,smoke_pair,val,smoke_pair,smoke_001,26.500,265,CA,smoke_pair|smoke_001|CA|4|265,4,,,,0
synthetic,smoke_pair,smoke_pair,val,smoke_pair,smoke_001,26.500,265,CB,smoke_pair|smoke_001|CB|4|265,4,,,,0
synthetic,smoke_pair,smoke_pair,val,smoke_pair,smoke_001,26.500,265,CA,smoke_pair|smoke_001|CA|5|265,5,,,,0
synthetic,smoke_pair,smoke_pair,val,smoke_pair,smoke_001,26.500,265,CB,smoke_pair|smoke_001|CB|5|265,5,,,,0
synthetic,smoke_pair,smoke_pair,val,smoke_pair,smoke_001,26.500,265,CA,smoke_pair|smoke_001|CA|6|265,6,,,,0
synthetic,smoke_pair,smoke_pair,val,smoke_pair,smoke_001,26.500,265,CB,smoke_pair|smoke_001|CB|6|265,6,,,,0
synthetic,smoke_pair,smoke_pair,val,smoke_pair,smoke_001,26.500,265,CA,smoke_pair|smoke_001|CA|7|265,7,,,,0
synthetic,smoke_pair,smoke_pair,val,smoke_pair,smoke_001,26.500,265,CB,smoke_pair|smoke_001|CB|7|265,7,,,,0
synthetic,smoke_pair,smoke_pair,val,smoke_pair,smoke_001,26.500,265,CA,smoke_pair|smoke_001|CA|8|265,8,,,,0
synthetic,smoke_pair,smoke_pair,val,smoke_pair,smoke_001,26.500,265,CB,smoke_pair|smoke_001|CB|8|265,8,,,,0
synthetic,smoke_pair,smoke_pair,val,smoke_pair,smoke_001,26.600,266,CA,smoke_pair|smoke_001|CA|1|266,1,,,,0
synthetic,smoke_pair,smoke_pair,val,smoke_pair,smoke_001,26.600,266,CB,smoke_pair|smoke_001|CB|1|266,1,,,,0
synthetic,smoke_pair,smoke_pair,val,smoke_pair,smoke_001,26.600,266,CA,smoke_pair|smoke_001|CA|2|266,2,,,,0
synthetic,smoke_pair,smoke_pair,val,smoke_pair,smoke_001,26.600,266,CB,smoke_pair|smoke_001|CB|2|266,2,,,,0
synthetic,smoke_pair,smoke_pair,val,smoke_pair,smoke_001,26.600,266,CA,smoke_pair|smoke_001|CA|3|266,3,,,,0
synthetic,smoke_pair,smoke_pair,val,smoke_pair,smoke_001,26.600,266,CB,smoke_pair|smoke_001|CB|3|266,3,,,,0
synthetic,smoke_pair,smoke_pair,val,smoke_pair,smoke_001,26.600,266,CA,smoke_pair|smoke_001|CA|4|266,4,,,,0
synthetic,smoke_pair,smoke_pair,val,smoke_pair,smoke_001,26.600,266,CB,smoke_pair|smoke_001|CB|4|266,4,,,,0
synthetic,smoke_pair,smoke_pair,val,smoke_pair,smoke_001,26.600,266,CA,smoke_pair|smoke_001|CA|5|266,5,,,,0
synthetic,smoke_pair,smoke_pair,val,smoke_pair,smoke_001,26.600,266,CB,smoke_pair|smoke_001|CB|5|266,5,,,,0
synthetic,smoke_pair,smoke_pair,val,smoke_pair,smoke_001,26.600,266,CA,smoke_pair|smoke_001|CA|6|266,6,,,,0
synthetic,smoke_pair,smoke_pair,val,smoke_pair,smoke_001,26.600,266,CB,smoke_pair|smoke_001|CB|6|266,6,,,,0
synthetic,smoke_pair,smoke_pair,val,smoke_pair,smoke_001,26.600,266,CA,smoke_pair|smoke_001|CA|7|266,7,,,,0
synthetic,smoke_pair,smoke_pair,val,smoke_pair,smoke_001,26.600,266,CB,smoke_pair|smoke_001|CB|7|266,7,,,,0
synthetic,smoke_pair,smoke_pair,val,smoke_pair,smoke_001,26.600,266,CA,smoke_pair|smoke_001|CA|8|266,8,,,,0
synthetic,smoke_pair,smoke_pair,val,smoke_pair,smoke_001,26.600,266,CB,smoke_pair|smoke_001|CB|8|266,8,,,,0
synthetic,smoke_pair,smoke_pair,val,smoke_pair,smoke_001,26.700,267,CA,smoke_pair|smoke_001|CA|1|267,1,,,,0
synthetic,smoke_pair,smoke_pair,val,smoke_pair,smoke_001,26.700,267,CB,smoke_pair|smoke_001|CB|1|267,1,,,,0
synthetic,smoke_pair,smoke_pair,val,smoke_pair,smoke_001,26.700,267,CA,smoke_pair|smoke_001|CA|2|267,2,,,,0
synthetic,smoke_pair,smoke_pair,val,smoke_pair,smoke_001,26.700,267,CB,smoke_pair|smoke_001|CB|2|267,2,,,,0
synthetic,smoke_pair,smoke_pair,val,smoke_pair,smoke_001,26.700,267,CA,smoke_pair|smoke_001|CA|3|267,3,,,,0
synthetic,smoke_pair,smoke_pair,val,smoke_pair,smoke_001,26.700,267,CB,smoke_pair|smoke_001|CB|3|267,3,,,,0
synthetic,smoke_pair,smoke_pair,val,smoke_pair,smoke_001,26.700,267,CA,smoke_pair|smoke_001|CA|4|267,4,,,,0
synthetic,smoke_pair,smoke_pair,val,smoke_pair,smoke_001,26.700,267,CB,smoke_pair|smoke_001|CB|4|267,4,,,,0
synthetic,smoke_pair,smoke_pair,val,smoke_pair,smoke_001,26.700,267,CA,smoke_pair|smoke_001|CA|5|267,5,,,,0
synthetic,smoke_pair,smoke_pair,val,smoke_pair,smoke_001,26.700,267,CB,smoke_pair|smoke_001|CB|5|267,5,,,,0
synthetic,smoke_pair,smoke_pair,val,smoke_pair,smoke_001,26.700,267,CA,smoke_pair|smoke_001|CA|6|267,6,,,,0
synthetic,smoke_pair,smoke_pair,val,smoke_pair,smoke_001,26.700,267,CB,smoke_pair|smoke_001|CB|6|267,6,,,,0
synthetic,smoke_pair,smoke_pair,val,smoke_pair,smoke_001,26.700,267,CA,smoke_pair|smoke_001|CA|7|267,7,,,,0
synthetic,smoke_pair,smoke_pair,val,smoke_pair,smoke_001,26.700,267,CB,smoke_pair|smoke_001|CB|7|267,7,,,,0
synthetic,smoke_pair,smoke_pair,val,smoke_pair,smoke_001,26.700,267,CA,smoke_pair|smoke_001|CA|8|267,8,,,,0
synthetic,smoke_pair,smoke_pair,val,smoke_pair,smoke_001,26.700,267,CB,smoke_pair|smoke_001|CB|8|267,8,,,,0
synthetic,smoke_pair,smoke_pair,val,smoke_pair,smoke_001,26.800,268,CA,smoke_pair|smoke_001|CA|1|268,1,,,,0
synthetic,smoke_pair,smoke_pair,val,smoke_pair,smoke_001,26.800,268,CB,smoke_pair|smoke_001|CB|1|268,1,,,,0
synthetic,smoke_pair,smoke_pair,val,smoke_pair,smoke_001,26.800,268,CA,smoke_pair|smoke_001|CA|2|268,2,,,,0
synthetic,smoke_pair,smoke_pair,val,smoke_pair,smoke_001,26.800,268,CB,smoke_pair|smoke_001|CB|2|268,2,,,,0
synthetic,smoke_pair,smoke_pair,val,smoke_pair,smoke_001,26.800,268,CA,smoke_pair|smoke_001|CA|3|268,3,,,,0
synthetic,smoke_pair,smoke_pair,val,smoke_pair,smoke_001,26.800,268,CB,smoke_pair|smoke_001|CB|3|268,3,,,,0
synthetic,smoke_pair,smoke_pair,val,smoke_pair,smoke_001,26.800,268,CA,smoke_pair|smoke_001|CA|4|268,4,,,,0
synthetic,smoke_pair,smoke_pair,val,smoke_pair,smoke_001,26.800,268,CB,smoke_pair|smoke_001|CB|4|268,4,,,,0
synthetic,smoke_pair,smoke_pair,val,smoke_pair,smoke_001,26.800,268,CA,smoke_pair|smoke_001|CA|5|268,5,,,,0
synthetic,smoke_pair,smoke_pair,val,smoke_pair,smoke_001,26.800,268,CB,smoke_pair|smoke_001|CB|5|268,5,,,,0
synthetic,smoke_pair,smoke_pair,val,smoke_pair,smoke_001,26.800,268,CA,smoke_pair|smoke_001|CA|6|268,6,,,,0
synthetic,smoke_pair,smoke_pair,val,smoke_pair,smoke_001,26.800,268,CB,smoke_pair|smoke_001|CB|6|268,6,,,,0
synthetic,smoke_pair,smoke_pair,val,smoke_pair,smoke_001,26.800,268,CA,smoke_pair|smoke_001|CA|7|268,7,,,,0
synthetic,smoke_pair,smoke_pair,val,smoke_pair,smoke_001,26.800,268,CB,smoke_pair|smoke_001|CB|7|268,7,,,,0
synthetic,smoke_pair,smoke_pair,val,smoke_pair,smoke_001,26.800,268,CA,smoke_pair|smoke_001|CA|8|268,8,,,,0
synthetic,smoke_pair,smoke_pair,val,smoke_pair,smoke_001,26.800,268,CB,smoke_pair|smoke_001|CB|8|268,8,,,,0
synthetic,smoke_pair,smoke_pair,val,smoke_pair,smoke_001,26.900,269,CA,smoke_pair|smoke_001|CA|1|269,1,,,,0
synthetic,smoke_pair,smoke_pair,val,smoke_pair,smoke_001,26.900,269,CB,smoke_pair|smoke_001|CB|1|269,1,,,,0
synthetic,smoke_pair,smoke_pair,val,smoke_pair,smoke_001,26.900,269,CA,smoke_pair|smoke_001|CA|2|269,2,,,,0
synthetic,smoke_pair,smoke_pair,val,smoke_pair,smoke_001,26.900,269,CB,smoke_pair|smoke_001|CB|2|269,2,,,,0
synthetic,smoke_pair,smoke_pair,val,smoke_pair,smoke_001,26.900,269,CA,smoke_pair|smoke_001|CA|3|269,3,,,,0
synthetic,smoke_pair,smoke_pair,val,smoke_pair,smoke_001,26.900,269,CB,smoke_pair|smoke_001|CB|3|269,3,,,,0
synthetic,smoke_pair,smoke_pair,val,smoke_pair,smoke_001,26.900,269,CA,smoke_pair|smoke_001|CA|4|269,4,,,,0
synthetic,smoke_pair,smoke_pair,val,smoke_pair,smoke_001,26.900,269,CB,smoke_pair|smoke_001|CB|4|269,4,,,,0
synthetic,smoke_pair,smoke_pair,val,smoke_pair,smoke_001,26.900,269,CA,smoke_pair|smoke_001|CA|5|269,5,,,,0
synthetic,smoke_pair,smoke_pair,val,smoke_pair,smoke_001,26.900,269,CB,smoke_pair|smoke_001|CB|5|269,5,,,,0
synthetic,smoke_pair,smoke_pair,val,smoke_pair,smoke_001,26.900,269,CA,smoke_pair|smoke_001|CA|6|269,6,,,,0
synthetic,smoke_pair,smoke_pair,val,smoke_pair,smoke_001,26.900,269,CB,smoke_pair|smoke_001|CB|6|269,6,,,,0
synthetic,smoke_pair,smoke_pair,val,smoke_pair,smoke_001,26.900,269,CA,smoke_pair|smoke_001|CA|7|269,7,,,,0
synthetic,smoke_pair,smoke_pair,val,smoke_pair,smoke_001,26.900,269,CB,smoke_pair|smoke_001|CB|7|269,7,,,,0
synthetic,smoke_pair,smoke_pair,val,smoke_pair,smoke_001,26.900,269,CA,smoke_pair|smoke_001|CA|8|269,8,,,,0
synthetic,smoke_pair,smoke_pair,val,smoke_pair,smoke_001,26.900,269,CB,smoke_pair|smoke_001|CB|8|269,8,,,,0
synthetic,smoke_pair,smoke_pair,val,smoke_pair,smoke_001,27.000,270,CA,smoke_pair|smoke_001|CA|1|270,1,,,,0
synthetic,smoke_pair,smoke_pair,val,smoke_pair,smoke_001,27.000,270,CB,smoke_pair|smoke_001|CB|1|270,1,,,,0
synthetic,smoke_pair,smoke_pair,val,smoke_pair,smoke_001,27.000,270,CA,smoke_pair|smoke_001|CA|2|270,2,,,,0
synthetic,smoke_pair,smoke_pair,val,smoke_pair,smoke_001,27.000,270,CB,smoke_pair|smoke_001|CB|2|270,2,,,,0
synthetic,smoke_pair,smoke_pair,val,smoke_pair,smoke_001,27.000,270,CA,smoke_pair|smoke_001|CA|3|270,3,,,,0
synthetic,smoke_pair,smoke_pair,val,smoke_pair,smoke_001,27.000,270,CB,smoke_pair|smoke_001|CB|3|270,3,,,,0
synthetic,smoke_pair,smoke_pair,val,smoke_pair,smoke_001,27.000,270,CA,smoke_pair|smoke_001|CA|4|270,4,,,,0
synthetic,smoke_pair,smoke_pair,val,smoke_pair,smoke_001,27.000,270,CB,smoke_pair|smoke_001|CB|4|270,4,,,,0
synthetic,smoke_pair,smoke_pair,val,smoke_pair,smoke_001,27.000,270,CA,smoke_pair|smoke_001|CA|5|270,5,,,,0
synthetic,smoke_pair,smoke_pair,val,smoke_pair,smoke_001,27.000,270,CB,smoke_pair|smoke_001|CB|5|270,5,,,,0
synthetic,smoke_pair,smoke_pair,val,smoke_pair,smoke_001,27.000,270,CA,smoke_pair|smoke_001|CA|6|270,6,,,,0
synthetic,smoke_pair,smoke_pair,val,smoke_pair,smoke_001,27.000,270,CB,smoke_pair|smoke_001|CB|6|270,6,,,,0
synthetic,smoke_pair,smoke_pair,val,smoke_pair,smoke_001,27.000,270,CA,smoke_pair|smoke_001|CA|7|270,7,,,,0
synthetic,smoke_pair,smoke_pair,val,smoke_pair,smoke_001,27.000,270,CB,smoke_pair|smoke_001|CB|7|270,7,,,,0
synthetic,smoke_pair,smoke_pair,val,smoke_pair,smoke_001,27.000,270,CA,smoke_pair|smoke_001|CA|8|270,8,,,,0
synthetic,smoke_pair,smoke_pair,val,smoke_pair,smoke_001,27.000,270,CB,smoke_pair|smoke_001|CB|8|270,8,,,,0
synthetic,smoke_pair,smoke_pair,val,smoke_pair,smoke_001,27.100,271,CA,smoke_pair|smoke_001|CA|1|271,1,,,,0
synthetic,smoke_pair,smoke_pair,val,smoke_pair,smoke_001,27.100,271,CB,smoke_pair|smoke_001|CB|1|271,1,,,,0
synthetic,smoke_pair,smoke_pair,val,smoke_pair,smoke_001,27.100,271,CA,smoke_pair|smoke_001|CA|2|271,2,,,,0
synthetic,smoke_pair,smoke_pair,val,smoke_pair,smoke_001,27.100,271,CB,smoke_pair|smoke_001|CB|2|271,2,,,,0
synthetic,smoke_pair,smoke_pair,val,smoke_pair,smoke_001,27.100,271,CA,smoke_pair|smoke_001|CA|3|271,3,,,,0
synthetic,smoke_pair,smoke_pair,val,smoke_pair,smoke_001,27.100,271,CB,smoke_pair|smoke_001|CB|3|271,3,,,,0
synthetic,smoke_pair,smoke_pair,val,smoke_pair,smoke_001,27.100,271,CA,smoke_pair|smoke_001|CA|4|271,4,,,,0
synthetic,smoke_pair,smoke_pair,val,smoke_pair,smoke_001,27.100,271,CB,smoke_pair|smoke_001|CB|4|271,4,,,,0
synthetic,smoke_pair,smoke_pair,val,smoke_pair,smoke_001,27.100,271,CA,smoke_pair|smoke_001|CA|5|271,5,,,,0
synthetic,smoke_pair,smoke_pair,val,smoke_pair,smoke_001,27.100,271,CB,smoke_pair|smoke_001|CB|5|271,5,,,,0
synthetic,smoke_pair,smoke_pair,val,smoke_pair,smoke_001,27.100,271,CA,smoke_pair|smoke_001|CA|6|271,6,,,,0
synthetic,smoke_pair,smoke_pair,val,smoke_pair,smoke_001,27.100,271,CB,smoke_pair|smoke_001|CB|6|271,6,,,,0
synthetic,smoke_pair,smoke_pair,val,smoke_pair,smoke_001,27.100,271,CA,smoke_pair|smoke_001|CA|7|271,7,,,,0
synthetic,smoke_pair,smoke_pair,val,smoke_pair,smoke_001,27.100,271,CB,smoke_pair|smoke_001|CB|7|271,7,,,,0
synthetic,smoke_pair,smoke_pair,val,smoke_pair,smoke_001,27.100,271,CA,smoke_pair|smoke_001|CA|8|271,8,,,,0
synthetic,smoke_pair,smoke_pair,val,smoke_pair,smoke_001,27.100,271,CB,smoke_pair|smoke_001|CB|8|271,8,,,,0
synthetic,smoke_pair,smoke_pair,val,smoke_pair,smoke_001,27.200,272,CA,smoke_pair|smoke_001|CA|1|272,1,,,,0
synthetic,smoke_pair,smoke_pair,val,smoke_pair,smoke_001,27.200,272,CB,smoke_pair|smoke_001|CB|1|272,1,,,,0
synthetic,smoke_pair,smoke_pair,val,smoke_pair,smoke_001,27.200,272,CA,smoke_pair|smoke_001|CA|2|272,2,,,,0
synthetic,smoke_pair,smoke_pair,val,smoke_pair,smoke_001,27.200,272,CB,smoke_pair|smoke_001|CB|2|272,2,,,,0
synthetic,smoke_pair,smoke_pair,val,smoke_pair,smoke_001,27.200,272,CA,smoke_pair|smoke_001|CA|3|272,3,,,,0
synthetic,smoke_pair,smoke_pair,val,smoke_pair,smoke_001,27.200,272,CB,smoke_pair|smoke_001|CB|3|272,3,,,,0
synthetic,smoke_pair,smoke_pair,val,smoke_pair,smoke_001,27.200,272,CA,smoke_pair|smoke_001|CA|4|272,4,,,,0
synthetic,smoke_pair,smoke_pair,val,smoke_pair,smoke_001,27.200,272,CB,smoke_pair|smoke_001|CB|4|272,4,,,,0
synthetic,smoke_pair,smoke_pair,val,smoke_pair,smoke_001,27.200,272,CA,smoke_pair|smoke_001|CA|5|272,5,,,,0
synthetic,smoke_pair,smoke_pair,val,smoke_pair,smoke_001,27.200,272,CB,smoke_pair|smoke_001|CB|5|272,5,,,,0
synthetic,smoke_pair,smoke_pair,val,smoke_pair,smoke_001,27.200,272,CA,smoke_pair|smoke_001|CA|6|272,6,,,,0
synthetic,smoke_pair,smoke_pair,val,smoke_pair,smoke_001,27.200,272,CB,smoke_pair|smoke_001|CB|6|272,6,,,,0
synthetic,smoke_pair,smoke_pair,val,smoke_pair,smoke_001,27.200,272,CA,smoke_pair|smoke_001|CA|7|272,7,,,,0
synthetic,smoke_pair,smoke_pair,val,smoke_pair,smoke_001,27.200,272,CB,smoke_pair|smoke_001|CB|7|272,7,,,,0
synthetic,smoke_pair,smoke_pair,val,smoke_pair,smoke_001,27.200,272,CA,smoke_pair|smoke_001|CA|8|272,8,,,,0
synthetic,smoke_pair,smoke_pair,val,smoke_pair,smoke_001,27.200,272,CB,smoke_pair|smoke_001|CB|8|272,8,,,,0
synthetic,smoke_pair,smoke_pair,val,smoke_pair,smoke_001,27.300,273,CA,smoke_pair|smoke_001|CA|1|273,1,,,,0
synthetic,smoke_pair,smoke_pair,val,smoke_pair,smoke_001,27.300,273,CB,smoke_pair|smoke_001|CB|1|273,1,,,,0
synthetic,smoke_pair,smoke_pair,val,smoke_pair,smoke_001,27.300,273,CA,smoke_pair|smoke_001|CA|2|273,2,,,,0
synthetic,smoke_pair,smoke_pair,val,smoke_pair,smoke_001,27.300,273,CB,smoke_pair|smoke_001|CB|2|273,2,,,,0
synthetic,smoke_pair,smoke_pair,val,smoke_pair,smoke_001,27.300,273,CA,smoke_pair|smoke_001|CA|3|273,3,,,,0
synthetic,smoke_pair,smoke_pair,val,smoke_pair,smoke_001,27.300,273,CB,smoke_pair|smoke_001|CB|3|273,3,,,,0
synthetic,smoke_pair,smoke_pair,val,smoke_pair,smoke_001,27.300,273,CA,smoke_pair|smoke_001|CA|4|273,4,,,,0
synthetic,smoke_pair,smoke_pair,val,smoke_pair,smoke_001,27.300,273,CB,smoke_pair|smoke_001|CB|4|273,4,,,,0
synthetic,smoke_pair,smoke_pair,val,smoke_pair,smoke_001,27.300,273,CA,smoke_pair|smoke_001|CA|5|273,5,,,,0
synthetic,smoke_pair,smoke_pair,val,smoke_pair,smoke_001,27.300,273,CB,smoke_pair|smoke_001|CB|5|273,5,,,,0
synthetic,smoke_pair,smoke_pair,val,smoke_pair,smoke_001,27.300,273,CA,smoke_pair|smoke_001|CA|6|273,6,,,,0
synthetic,smoke_pair,smoke_pair,val,smoke_pair,smoke_001,27.300,273,CB,smoke_pair|smoke_001|CB|6|273,6,,,,0
synthetic,smoke_pair,smoke_pair,val,smoke_pair,smoke_001,27.300,273,CA,smoke_pair|smoke_001|CA|7|273,7,,,,0
synthetic,smoke_pair,smoke_pair,val,smoke_pair,smoke_001,27.300,273,CB,smoke_pair|smoke_001|CB|7|273,7,,,,0
synthetic,smoke_pair,smoke_pair,val,smoke_pair,smoke_001,27.300,273,CA,smoke_pair|smoke_001|CA|8|273,8,,,,0
synthetic,smoke_pair,smoke_pair,val,smoke_pair,smoke_001,27.300,273,CB,smoke_pair|smoke_001|CB|8|273,8,,,,0
synthetic,smoke_pair,smoke_pair,val,smoke_pair,smoke_001,27.400,274,CA,smoke_pair|smoke_001|CA|1|274,1,,,,0
synthetic,smoke_pair,smoke_pair,val,smoke_pair,smoke_001,27.400,274,CB,smoke_pair|smoke_001|CB|1|274,1,,,,0
synthetic,smoke_pair,smoke_pair,val,smoke_pair,smoke_001,27.400,274,CA,smoke_pair|smoke_001|CA|2|274,2,,,,0
synthetic,smoke_pair,smoke_pair,val,smoke_pair,smoke_001,27.400,274,CB,smoke_pair|smoke_001|CB|2|274,2,,,,0
synthetic,smoke_pair,smoke_pair,val,smoke_pair,smoke_001,27.400,274,CA,smoke_pair|smoke_001|CA|3|274,3,,,,0
synthetic,smoke_pair,smoke_pair,val,smoke_pair,smoke_001,27.400,274,CB,smoke_pair|smoke_001|CB|3|274,3,,,,0
synthetic,smoke_pair,smoke_pair,val,smoke_pair,smoke_001,27.400,274,CA,smoke_pair|smoke_001|CA|4|274,4,,,,0
synthetic,smoke_pair,smoke_pair,val,smoke_pair,smoke_001,27.400,274,CB,smoke_pair|smoke_001|CB|4|274,4,,,,0
synthetic,smoke_pair,smoke_pair,val,smoke_pair,smoke_001,27.400,274,CA,smoke_pair|smoke_001|CA|5|274,5,,,,0
synthetic,smoke_pair,smoke_pair,val,smoke_pair,smoke_001,27.400,274,CB,smoke_pair|smoke_001|CB|5|274,5,,,,0
synthetic,smoke_pair,smoke_pair,val,smoke_pair,smoke_001,27.400,274,CA,smoke_pair|smoke_001|CA|6|274,6,,,,0
synthetic,smoke_pair,smoke_pair,val,smoke_pair,smoke_001,27.400,274,CB,smoke_pair|smoke_001|CB|6|274,6,,,,0
synthetic,smoke_pair,smoke_pair,val,smoke_pair,smoke_001,27.400,274,CA,smoke_pair|smoke_001|CA|7|274,7,,,,0
synthetic,smoke_pair,smoke_pair,val,smoke_pair,smoke_001,27.400,274,CB,smoke_pair|smoke_001|CB|7|274,7,,,,0
synthetic,smoke_pair,smoke_pair,val,smoke_pair,smoke_001,27.400,274,CA,smoke_pair|smoke_001|CA|8|274,8,,,,0
synthetic,smoke_pair,smoke_pair,val,smoke_pair,smoke_001,27.400,274,CB,smoke_pair|smoke_001|CB|8|274,8,,,,0
synthetic,smoke_pair,smoke_pair,val,smoke_pair,smoke_001,27.500,275,CA,smoke_pair|smoke_001|CA|1|275,1,,,,0
synthetic,smoke_pair,smoke_pair,val,smoke_pair,smoke_001,27.500,275,CB,smoke_pair|smoke_001|CB|1|275,1,,,,0
synthetic,smoke_pair,smoke_pair,val,smoke_pair,smoke_001,27.500,275,CA,smoke_pair|smoke_001|CA|2|275,2,,,,0
synthetic,smoke_pair,smoke_pair,val,smoke_pair,smoke_001,27.500,275,CB,smoke_pair|smoke_001|CB|2|275,2,,,,0
synthetic,smoke_pair,smoke_pair,val,smoke_pair,smoke_001,27.500,275,CA,smoke_pair|smoke_001|CA|3|275,3,,,,0
synthetic,smoke_pair,smoke_pair,val,smoke_pair,smoke_001,27.500,275,CB,smoke_pair|smoke_001|CB|3|275,3,,,,0
synthetic,smoke_pair,smoke_pair,val,smoke_pair,smoke_001,27.500,275,CA,smoke_pair|smoke_001|CA|4|275,4,,,,0
synthetic,smoke_pair,smoke_pair,val,smoke_pair,smoke_001,27.500,275,CB,smoke_pair|smoke_001|CB|4|275,4,,,,0
synthetic,smoke_pair,smoke_pair,val,smoke_pair,smoke_001,27.500,275,CA,smoke_pair|smoke_001|CA|5|275,5,,,,0
synthetic,smoke_pair,smoke_pair,val,smoke_pair,smoke_001,27.500,275,CB,smoke_pair|smoke_001|CB|5|275,5,,,,0
synthetic,smoke_pair,smoke_pair,val,smoke_pair,smoke_001,27.500,275,CA,smoke_pair|smoke_001|CA|6|275,6,,,,0
synthetic,smoke_pair,smoke_pair,val,smoke_pair,smoke_001,27.500,275,CB,smoke_pair|smoke_001|CB|6|275,6,,,,0
synthetic,smoke_pair,smoke_pair,val,smoke_pair,smoke_001,27.500,275,CA,smoke_pair|smoke_001|CA|7|275,7,,,,0
synthetic,smoke_pair,smoke_pair,val,smoke_pair,smoke_001,27.500,275,CB,smoke_pair|smoke_001|CB|7|275,7,,,,0
synthetic,smoke_pair,smoke_pair,val,smoke_pair,smoke_001,27.500,275,CA,smoke_pair|smoke_001|CA|8|275,8,,,,0
synthetic,smoke_pair,smoke_pair,val,smoke_pair,smoke_001,27.500,275,CB,smoke_pair|smoke_001|CB|8|275,8,,,,0
synthetic,smoke_pair,smoke_pair,val,smoke_pair,smoke_001,27.600,276,CA,smoke_pair|smoke_001|CA|1|276,1,,,,0
synthetic,smoke_pair,smoke_pair,val,smoke_pair,smoke_001,27.600,276,CB,smoke_pair|smoke_001|CB|1|276,1,,,,0
synthetic,smoke_pair,smoke_pair,val,smoke_pair,smoke_001,27.600,276,CA,smoke_pair|smoke_001|CA|2|276,2,,,,0
synthetic,smoke_pair,smoke_pair,val,smoke_pair,smoke_001,27.600,276,CB,smoke_pair|smoke_001|CB|2|276,2,,,,0
synthetic,smoke_pair,smoke_pair,val,smoke_pair,smoke_001,27.600,276,CA,smoke_pair|smoke_001|CA|3|276,3,,,,0
synthetic,smoke_pair,smoke_pair,val,smoke_pair,smoke_001,27.600,276,CB,smoke_pair|smoke_001|CB|3|276,3,,,,0
synthetic,smoke_pair,smoke_pair,val,smoke_pair,smoke_001,27.600,276,CA,smoke_pair|smoke_001|CA|4|276,4,,,,0
synthetic,smoke_pair,smoke_pair,val,smoke_pair,smoke_001,27.600,276,CB,smoke_pair|smoke_001|CB|4|276,4,,,,0
synthetic,smoke_pair,smoke_pair,val,smoke_pair,smoke_001,27.600,276,CA,smoke_pair|smoke_001|CA|5|276,5,,,,0
synthetic,smoke_pair,smoke_pair,val,smoke_pair,smoke_001,27.600,276,CB,smoke_pair|smoke_001|CB|5|276,5,,,,0
synthetic,smoke_pair,smoke_pair,val,smoke_pair,smoke_001,27.600,276,CA,smoke_pair|smoke_001|CA|6|276,6,,,,0
synthetic,smoke_pair,smoke_pair,val,smoke_pair,smoke_001,27.600,276,CB,smoke_pair|smoke_001|CB|6|276,6,,,,0
synthetic,smoke_pair,smoke_pair,val,smoke_pair,smoke_001,27.600,276,CA,smoke_pair|smoke_001|CA|7|276,7,,,,0
synthetic,smoke_pair,smoke_pair,val,smoke_pair,smoke_001,27.600,276,CB,smoke_pair|smoke_001|CB|7|276,7,,,,0
synthetic,smoke_pair,smoke_pair,val,smoke_pair,smoke_001,27.600,276,CA,smoke_pair|smoke_001|CA|8|276,8,,,,0
synthetic,smoke_pair,smoke_pair,val,smoke_pair,smoke_001,27.600,276,CB,smoke_pair|smoke_001|CB|8|276,8,,,,0
synthetic,smoke_pair,smoke_pair,val,smoke_pair,smoke_001,27.700,277,CA,smoke_pair|smoke_001|CA|1|277,1,,,,0
synthetic,smoke_pair,smoke_pair,val,smoke_pair,smoke_001,27.700,277,CB,smoke_pair|smoke_001|CB|1|277,1,,,,0
synthetic,smoke_pair,smoke_pair,val,smoke_pair,smoke_001,27.700,277,CA,smoke_pair|smoke_001|CA|2|277,2,,,,0
synthetic,smoke_pair,smoke_pair,val,smoke_pair,smoke_001,27.700,277,CB,smoke_pair|smoke_001|CB|2|277,2,,,,0
synthetic,smoke_pair,smoke_pair,val,smoke_pair,smoke_001,27.700,277,CA,smoke_pair|smoke_001|CA|3|277,3,,,,0
synthetic,smoke_pair,smoke_pair,val,smoke_pair,smoke_001,27.700,277,CB,smoke_pair|smoke_001|CB|3|277,3,,,,0
synthetic,smoke_pair,smoke_pair,val,smoke_pair,smoke_001,27.700,277,CA,smoke_pair|smoke_001|CA|4|277,4,,,,0
synthetic,smoke_pair,smoke_pair,val,smoke_pair,smoke_001,27.700,277,CB,smoke_pair|smoke_001|CB|4|277,4,,,,0
synthetic,smoke_pair,smoke_pair,val,smoke_pair,smoke_001,27.700,277,CA,smoke_pair|smoke_001|CA|5|277,5,,,,0
synthetic,smoke_pair,smoke_pair,val,smoke_pair,smoke_001,27.700,277,CB,smoke_pair|smoke_001|CB|5|277,5,,,,0
synthetic,smoke_pair,smoke_pair,val,smoke_pair,smoke_001,27.700,277,CA,smoke_pair|smoke_001|CA|6|277,6,,,,0
synthetic,smoke_pair,smoke_pair,val,smoke_pair,smoke_001,27.700,277,CB,smoke_pair|smoke_001|CB|6|277,6,,,,0
synthetic,smoke_pair,smoke_pair,val,smoke_pair,smoke_001,27.700,277,CA,smoke_pair|smoke_001|CA|7|277,7,,,,0
synthetic,smoke_pair,smoke_pair,val,smoke_pair,smoke_001,27.700,277,CB,smoke_pair|smoke_001|CB|7|277,7,,,,0
synthetic,smoke_pair,smoke_pair,val,smoke_pair,smoke_001,27.700,277,CA,smoke_pair|smoke_001|CA|8|277,8,,,,0
synthetic,smoke_pair,smoke_pair,val,smoke_pair,smoke_001,27.700,277,CB,smoke_pair|smoke_001|CB|8|277,8,,,,0
synthetic,smoke_pair,smoke_pair,val,smoke_pair,smoke_001,27.800,278,CA,smoke_pair|smoke_001|CA|1|278,1,,,,0
synthetic,smoke_pair,smoke_pair,val,smoke_pair,smoke_001,27.800,278,CB,smoke_pair|smoke_001|CB|1|278,1,,,,0
synthetic,smoke_pair,smoke_pair,val,smoke_pair,smoke_001,27.800,278,CA,smoke_pair|smoke_001|CA|2|278,2,,,,0
synthetic,smoke_pair,smoke_pair,val,smoke_pair,smoke_001,27.800,278,CB,smoke_pair|smoke_001|CB|2|278,2,,,,0
synthetic,smoke_pair,smoke_pair,val,smoke_pair,smoke_001,27.800,278,CA,smoke_pair|smoke_001|CA|3|278,3,,,,0
synthetic,smoke_pair,smoke_pair,val,smoke_pair,smoke_001,27.800,278,CB,smoke_pair|smoke_001|CB|3|278,3,,,,0
synthetic,smoke_pair,smoke_pair,val,smoke_pair,smoke_001,27.800,278,CA,smoke_pair|smoke_001|CA|4|278,4,,,,0
synthetic,smoke_pair,smoke_pair,val,smoke_pair,smoke_001,27.800,278,CB,smoke_pair|smoke_001|CB|4|278,4,,,,0
synthetic,smoke_pair,smoke_pair,val,smoke_pair,smoke_001,27.800,278,CA,smoke_pair|smoke_001|CA|5|278,5,,,,0
synthetic,smoke_pair,smoke_pair,val,smoke_pair,smoke_001,27.800,278,CB,smoke_pair|smoke_001|CB|5|278,5,,,,0
synthetic,smoke_pair,smoke_pair,val,smoke_pair,smoke_001,27.800,278,CA,smoke_pair|smoke_001|CA|6|278,6,,,,0
synthetic,smoke_pair,smoke_pair,val,smoke_pair,smoke_001,27.800,278,CB,smoke_pair|smoke_001|CB|6|278,6,,,,0
synthetic,smoke_pair,smoke_pair,val,smoke_pair,smoke_001,27.800,278,CA,smoke_pair|smoke_001|CA|7|278,7,,,,0
synthetic,smoke_pair,smoke_pair,val,smoke_pair,smoke_001,27.800,278,CB,smoke_pair|smoke_001|CB|7|278,7,,,,0
synthetic,smoke_pair,smoke_pair,val,smoke_pair,smoke_001,27.800,278,CA,smoke_pair|smoke_001|CA|8|278,8,,,,0
synthetic,smoke_pair,smoke_pair,val,smoke_pair,smoke_001,27.800,278,CB,smoke_pair|smoke_001|CB|8|278,8,,,,0
synthetic,smoke_pair,smoke_pair,val,smoke_pair,smoke_001,27.900,279,CA,smoke_pair|smoke_001|CA|1|279,1,,,,0
synthetic,smoke_pair,smoke_pair,val,smoke_pair,smoke_001,27.900,279,CB,smoke_pair|smoke_001|CB|1|279,1,,,,0
synthetic,smoke_pair,smoke_pair,val,smoke_pair,smoke_001,27.900,279,CA,smoke_pair|smoke_001|CA|2|279,2,,,,0
synthetic,smoke_pair,smoke_pair,val,smoke_pair,smoke_001,27.900,279,CB,smoke_pair|smoke_001|CB|2|279,2,,,,0
synthetic,smoke_pair,smoke_pair,val,smoke_pair,smoke_001,27.900,279,CA,smoke_pair|smoke_001|CA|3|279,3,,,,0
synthetic,smoke_pair,smoke_pair,val,smoke_pair,smoke_001,27.900,279,CB,smoke_pair|smoke_001|CB|3|279,3,,,,0
synthetic,smoke_pair,smoke_pair,val,smoke_pair,smoke_001,27.900,279,CA,smoke_pair|smoke_001|CA|4|279,4,,,,0
synthetic,smoke_pair,smoke_pair,val,smoke_pair,smoke_001,27.900,279,CB,smoke_pair|smoke_001|CB|4|279,4,,,,0
synthetic,smoke_pair,smoke_pair,val,smoke_pair,smoke_001,27.900,279,CA,smoke_pair|smoke_001|CA|5|279,5,,,,0
synthetic,smoke_pair,smoke_pair,val,smoke_pair,smoke_001,27.900,279,CB,smoke_pair|smoke_001|CB|5|279,5,,,,0
synthetic,smoke_pair,smoke_pair,val,smoke_pair,smoke_001,27.900,279,CA,smoke_pair|smoke_001|CA|6|279,6,,,,0
synthetic,smoke_pair,smoke_pair,val,smoke_pair,smoke_001,27.900,279,CB,smoke_pair|smoke_001|CB|6|279,6,,,,0
synthetic,smoke_pair,smoke_pair,val,smoke_pair,smoke_001,27.900,279,CA,smoke_pair|smoke_001|CA|7|279,7,,,,0
synthetic,smoke_pair,smoke_pair,val,smoke_pair,smoke_001,27.900,279,CB,smoke_pair|smoke_001|CB|7|279,7,,,,0
synthetic,smoke_pair,smoke_pair,val,smoke_pair,smoke_001,27.900,279,CA,smoke_pair|smoke_001|CA|8|279,8,,,,0
synthetic,smoke_pair,smoke_pair,val,smoke_pair,smoke_001,27.900,279,CB,smoke_pair|smoke_001|CB|8|279,8,,,,0
synthetic,smoke_pair,smoke_pair,test,smoke_pair,smoke_001,28.000,280,CA,smoke_pair|smoke_001|CA|1|280,1,,,,0
synthetic,smoke_pair,smoke_pair,test,smoke_pair,smoke_001,28.000,280,CB,smoke_pair|smoke_001|CB|1|280,1,,,,0
synthetic,smoke_pair,smoke_pair,test,smoke_pair,smoke_001,28.000,280,CA,smoke_pair|smoke_001|CA|2|280,2,,,,0
synthetic,smoke_pair,smoke_pair,test,smoke_pair,smoke_001,28.000,280,CB,smoke_pair|smoke_001|CB|2|280,2,,,,0
synthetic,smoke_pair,smoke_pair,test,smoke_pair,smoke_001,28.000,280,CA,smoke_pair|smoke_001|CA|3|280,3,,,,0
synthetic,smoke_pair,smoke_pair,test,smoke_pair,smoke_001,28.000,280,CB,smoke_pair|smoke_001|CB|3|280,3,,,,0
synthetic,smoke_pair,smoke_pair,test,smoke_pair,smoke_001,28.000,280,CA,smoke_pair|smoke_001|CA|4|280,4,,,,0
synthetic,smoke_pair,smoke_pair,test,smoke_pair,smoke_001,28.000,280,CB,smoke_pair|smoke_001|CB|4|280,4,,,,0
synthetic,smoke_pair,smoke_pair,test,smoke_pair,smoke_001,28.000,280,CA,smoke_pair|smoke_001|CA|5|280,5,,,,0
synthetic,smoke_pair,smoke_pair,test,smoke_pair,smoke_001,28.000,280,CB,smoke_pair|smoke_001|CB|5|280,5,,,,0
synthetic,smoke_pair,smoke_pair,test,smoke_pair,smoke_001,28.000,280,CA,smoke_pair|smoke_001|CA|6|280,6,,,,0
synthetic,smoke_pair,smoke_pair,test,smoke_pair,smoke_001,28.000,280,CB,smoke_pair|smoke_001|CB|6|280,6,,,,0
synthetic,smoke_pair,smoke_pair,test,smoke_pair,smoke_001,28.000,280,CA,smoke_pair|smoke_001|CA|7|280,7,,,,0
synthetic,smoke_pair,smoke_pair,test,smoke_pair,smoke_001,28.000,280,CB,smoke_pair|smoke_001|CB|7|280,7,,,,0
synthetic,smoke_pair,smoke_pair,test,smoke_pair,smoke_001,28.000,280,CA,smoke_pair|smoke_001|CA|8|280,8,,,,0
synthetic,smoke_pair,smoke_pair,test,smoke_pair,smoke_001,28.000,280,CB,smoke_pair|smoke_001|CB|8|280,8,,,,0
synthetic,smoke_pair,smoke_pair,test,smoke_pair,smoke_001,28.100,281,CA,smoke_pair|smoke_001|CA|1|281,1,,,,0
synthetic,smoke_pair,smoke_pair,test,smoke_pair,smoke_001,28.100,281,CB,smoke_pair|smoke_001|CB|1|281,1,,,,0
synthetic,smoke_pair,smoke_pair,test,smoke_pair,smoke_001,28.100,281,CA,smoke_pair|smoke_001|CA|2|281,2,,,,0
synthetic,smoke_pair,smoke_pair,test,smoke_pair,smoke_001,28.100,281,CB,smoke_pair|smoke_001|CB|2|281,2,,,,0
synthetic,smoke_pair,smoke_pair,test,smoke_pair,smoke_001,28.100,281,CA,smoke_pair|smoke_001|CA|3|281,3,,,,0
synthetic,smoke_pair,smoke_pair,test,smoke_pair,smoke_001,28.100,281,CB,smoke_pair|smoke_001|CB|3|281,3,,,,0
synthetic,smoke_pair,smoke_pair,test,smoke_pair,smoke_001,28.100,281,CA,smoke_pair|smoke_001|CA|4|281,4,,,,0
synthetic,smoke_pair,smoke_pair,test,smoke_pair,smoke_001,28.100,281,CB,smoke_pair|smoke_001|CB|4|281,4,,,,0
synthetic,smoke_pair,smoke_pair,test,smoke_pair,smoke_001,28.100,281,CA,smoke_pair|smoke_001|CA|5|281,5,,,,0
synthetic,smoke_pair,smoke_pair,test,smoke_pair,smoke_001,28.100,281,CB,smoke_pair|smoke_001|CB|5|281,5,,,,0
synthetic,smoke_pair,smoke_pair,test,smoke_pair,smoke_001,28.100,281,CA,smoke_pair|smoke_001|CA|6|281,6,,,,0
synthetic,smoke_pair,smoke_pair,test,smoke_pair,smoke_001,28.100,281,CB,smoke_pair|smoke_001|CB|6|281,6,,,,0
synthetic,smoke_pair,smoke_pair,test,smoke_pair,smoke_001,28.100,281,CA,smoke_pair|smoke_001|CA|7|281,7,,,,0
synthetic,smoke_pair,smoke_pair,test,smoke_pair,smoke_001,28.100,281,CB,smoke_pair|smoke_001|CB|7|281,7,,,,0
synthetic,smoke_pair,smoke_pair,test,smoke_pair,smoke_001,28.100,281,CA,smoke_pair|smoke_001|CA|8|281,8,,,,0
synthetic,smoke_pair,smoke_pair,test,smoke_pair,smoke_001,28.100,281,CB,smoke_pair|smoke_001|CB|8|281,8,,,,0
synthetic,smoke_pair,smoke_pair,test,smoke_pair,smoke_001,28.200,282,CA,smoke_pair|smoke_001|CA|1|282,1,,,,0
synthetic,smoke_pair,smoke_pair,test,smoke_pair,smoke_001,28.200,282,CB,smoke_pair|smoke_001|CB|1|282,1,,,,0
synthetic,smoke_pair,smoke_pair,test,smoke_pair,smoke_001,28.200,282,CA,smoke_pair|smoke_001|CA|2|282,2,,,,0
synthetic,smoke_pair,smoke_pair,test,smoke_pair,smoke_001,28.200,282,CB,smoke_pair|smoke_001|CB|2|282,2,,,,0
synthetic,smoke_pair,smoke_pair,test,smoke_pair,smoke_001,28.200,282,CA,smoke_pair|smoke_001|CA|3|282,3,,,,0
synthetic,smoke_pair,smoke_pair,test,smoke_pair,smoke_001,28.200,282,CB,smoke_pair|smoke_001|CB|3|282,3,,,,0
synthetic,smoke_pair,smoke_pair,test,smoke_pair,smoke_001,28.200,282,CA,smoke_pair|smoke_001|CA|4|282,4,,,,0
synthetic,smoke_pair,smoke_pair,test,smoke_pair,smoke_001,28.200,282,CB,smoke_pair|smoke_001|CB|4|282,4,,,,0
synthetic,smoke_pair,smoke_pair,test,smoke_pair,smoke_001,28.200,282,CA,smoke_pair|smoke_001|CA|5|282,5,,,,0
synthetic,smoke_pair,smoke_pair,test,smoke_pair,smoke_001,28.200,282,CB,smoke_pair|smoke_001|CB|5|282,5,,,,0
synthetic,smoke_pair,smoke_pair,test,smoke_pair,smoke_001,28.200,282,CA,smoke_pair|smoke_001|CA|6|282,6,,,,0
synthetic,smoke_pair,smoke_pair,test,smoke_pair,smoke_001,28.200,282,CB,smoke_pair|smoke_001|CB|6|282,6,,,,0
synthetic,smoke_pair,smoke_pair,test,smoke_pair,smoke_001,28.200,282,CA,smoke_pair|smoke_001|CA|7|282,7,,,,0
synthetic,smoke_pair,smoke_pair,test,smoke_pair,smoke_001,28.200,282,CB,smoke_pair|smoke_001|CB|7|282,7,,,,0
synthetic,smoke_pair,smoke_pair,test,smoke_pair,smoke_001,28.200,282,CA,smoke_pair|smoke_001|CA|8|282,8,,,,0
synthetic,smoke_pair,smoke_pair,test,smoke_pair,smoke_001,28.200,282,CB,smoke_pair|smoke_001|CB|8|282,8,,,,0
synthetic,smoke_pair,smoke_pair,test,smoke_pair,smoke_001,28.300,283,CA,smoke_pair|smoke_001|CA|1|283,1,,,,0
synthetic,smoke_pair,smoke_pair,test,smoke_pair,smoke_001,28.300,283,CB,smoke_pair|smoke_001|CB|1|283,1,,,,0
synthetic,smoke_pair,smoke_pair,test,smoke_pair,smoke_001,28.300,283,CA,smoke_pair|smoke_001|CA|2|283,2,,,,0
synthetic,smoke_pair,smoke_pair,test,smoke_pair,smoke_001,28.300,283,CB,smoke_pair|smoke_001|CB|2|283,2,,,,0
synthetic,smoke_pair,smoke_pair,test,smoke_pair,smoke_001,28.300,283,CA,smoke_pair|smoke_001|CA|3|283,3,,,,0
synthetic,smoke_pair,smoke_pair,test,smoke_pair,smoke_001,28.300,283,CB,smoke_pair|smoke_001|CB|3|283,3,,,,0
synthetic,smoke_pair,smoke_pair,test,smoke_pair,smoke_001,28.300,283,CA,smoke_pair|smoke_001|CA|4|283,4,,,,0
synthetic,smoke_pair,smoke_pair,test,smoke_pair,smoke_001,28.300,283,CB,smoke_pair|smoke_001|CB|4|283,4,,,,0
synthetic,smoke_pair,smoke_pair,test,smoke_pair,smoke_001,28.300,283,CA,smoke_pair|smoke_001|CA|5|283,5,,,,0
synthetic,smoke_pair,smoke_pair,test,smoke_pair,smoke_001,28.300,283,CB,smoke_pair|smoke_001|CB|5|283,5,,,,0
synthetic,smoke_pair,smoke_pair,test,smoke_pair,smoke_001,28.300,283,CA,smoke_pair|smoke_001|CA|6|283,6,,,,0
synthetic,smoke_pair,smoke_pair,test,smoke_pair,smoke_001,28.300,283,CB,smoke_pair|smoke_001|CB|6|283,6,,,,0
synthetic,smoke_pair,smoke_pair,test,smoke_pair,smoke_001,28.300,283,CA,smoke_pair|smoke_001|CA|7|283,7,,,,0
synthetic,smoke_pair,smoke_pair,test,smoke_pair,smoke_001,28.300,283,CB,smoke_pair|smoke_001|CB|7|283,7,,,,0
synthetic,smoke_pair,smoke_pair,test,smoke_pair,smoke_001,28.300,283,CA,smoke_pair|smoke_001|CA|8|283,8,,,,0
synthetic,smoke_pair,smoke_pair,test,smoke_pair,smoke_001,28.300,283,CB,smoke_pair|smoke_001|CB|8|283,8,,,,0
synthetic,smoke_pair,smoke_pair,test,smoke_pair,smoke_001,28.400,284,CA,smoke_pair|smoke_001|CA|1|284,1,,,,0
synthetic,smoke_pair,smoke_pair,test,smoke_pair,smoke_001,28.400,284,CB,smoke_pair|smoke_001|CB|1|284,1,,,,0
synthetic,smoke_pair,smoke_pair,test,smoke_pair,smoke_001,28.400,284,CA,smoke_pair|smoke_001|CA|2|284,2,,,,0
synthetic,smoke_pair,smoke_pair,test,smoke_pair,smoke_001,28.400,284,CB,smoke_pair|smoke_001|CB|2|284,2,,,,0
synthetic,smoke_pair,smoke_pair,test,smoke_pair,smoke_001,28.400,284,CA,smoke_pair|smoke_001|CA|3|284,3,,,,0
synthetic,smoke_pair,smoke_pair,test,smoke_pair,smoke_001,28.400,284,CB,smoke_pair|smoke_001|CB|3|284,3,,,,0
synthetic,smoke_pair,smoke_pair,test,smoke_pair,smoke_001,28.400,284,CA,smoke_pair|smoke_001|CA|4|284,4,,,,0
synthetic,smoke_pair,smoke_pair,test,smoke_pair,smoke_001,28.400,284,CB,smoke_pair|smoke_001|CB|4|284,4,,,,0
synthetic,smoke_pair,smoke_pair,test,smoke_pair,smoke_001,28.400,284,CA,smoke_pair|smoke_001|CA|5|284,5,,,,0
synthetic,smoke_pair,smoke_pair,test,smoke_pair,smoke_001,28.400,284,CB,smoke_pair|smoke_001|CB|5|284,5,,,,0
synthetic,smoke_pair,smoke_pair,test,smoke_pair,smoke_001,28.400,284,CA,smoke_pair|smoke_001|CA|6|284,6,,,,0
synthetic,smoke_pair,smoke_pair,test,smoke_pair,smoke_001,28.400,284,CB,smoke_pair|smoke_001|CB|6|284,6,,,,0
synthetic,smoke_pair,smoke_pair,test,smoke_pair,smoke_001,28.400,284,CA,smoke_pair|smoke_001|CA|7|284,7,,,,0
synthetic,smoke_pair,smoke_pair,test,smoke_pair,smoke_001,28.400,284,CB,smoke_pair|smoke_001|CB|7|284,7,,,,0
synthetic,smoke_pair,smoke_pair,test,smoke_pair,smoke_001,28.400,284,CA,smoke_pair|smoke_001|CA|8|284,8,,,,0
synthetic,smoke_pair,smoke_pair,test,smoke_pair,smoke_001,28.400,284,CB,smoke_pair|smoke_001|CB|8|284,8,,,,0
synthetic,smoke_pair,smoke_pair,test,smoke_pair,smoke_001,28.500,285,CA,smoke_pair|smoke_001|CA|1|285,1,,,,0
synthetic,smoke_pair,smoke_pair,test,smoke_pair,smoke_001,28.500,285,CB,smoke_pair|smoke_001|CB|1|285,1,,,,0
synthetic,smoke_pair,smoke_pair,test,smoke_pair,smoke_001,28.500,285,CA,smoke_pair|smoke_001|CA|2|285,2,,,,0
synthetic,smoke_pair,smoke_pair,test,smoke_pair,smoke_001,28.500,285,CB,smoke_pair|smoke_001|CB|2|285,2,,,,0
synthetic,smoke_pair,smoke_pair,test,smoke_pair,smoke_001,28.500,285,CA,smoke_pair|smoke_001|CA|3|285,3,,,,0
synthetic,smoke_pair,smoke_pair,test,smoke_pair,smoke_001,28.500,285,CB,smoke_pair|smoke_001|CB|3|285,3,,,,0
synthetic,smoke_pair,smoke_pair,test,smoke_pair,smoke_001,28.500,285,CA,smoke_pair|smoke_001|CA|4|285,4,,,,0
synthetic,smoke_pair,smoke_pair,test,smoke_pair,smoke_001,28.500,285,CB,smoke_pair|smoke_001|CB|4|285,4,,,,0
synthetic,smoke_pair,smoke_pair,test,smoke_pair,smoke_001,28.500,285,CA,smoke_pair|smoke_001|CA|5|285,5,,,,0
synthetic,smoke_pair,smoke_pair,test,smoke_pair,smoke_001,28.500,285,CB,smoke_pair|smoke_001|CB|5|285,5,,,,0
synthetic,smoke_pair,smoke_pair,test,smoke_pair,smoke_001,28.500,285,CA,smoke_pair|smoke_001|CA|6|285,6,,,,0
synthetic,smoke_pair,smoke_pair,test,smoke_pair,smoke_001,28.500,285,CB,smoke_pair|smoke_001|CB|6|285,6,,,,0
synthetic,smoke_pair,smoke_pair,test,smoke_pair,smoke_001,28.500,285,CA,smoke_pair|smoke_001|CA|7|285,7,,,,0
synthetic,smoke_pair,smoke_pair,test,smoke_pair,smoke_001,28.500,285,CB,smoke_pair|smoke_001|CB|7|285,7,,,,0
synthetic,smoke_pair,smoke_pair,test,smoke_pair,smoke_001,28.500,285,CA,smoke_pair|smoke_001|CA|8|285,8,,,,0
synthetic,smoke_pair,smoke_pair,test,smoke_pair,smoke_001,28.500,285,CB,smoke_pair|smoke_001|CB|8|285,8,,,,0
synthetic,smoke_pair,smoke_pair,test,smoke_pair,smoke_001,28.600,286,CA,smoke_pair|smoke_001|CA|1|286,1,,,,0
synthetic,smoke_pair,smoke_pair,test,smoke_pair,smoke_001,28.600,286,CB,smoke_pair|smoke_001|CB|1|286,1,,,,0
synthetic,smoke_pair,smoke_pair,test,smoke_pair,smoke_001,28.600,286,CA,smoke_pair|smoke_001|CA|2|286,2,,,,0
synthetic,smoke_pair,smoke_pair,test,smoke_pair,smoke_001,28.600,286,CB,smoke_pair|smoke_001|CB|2|286,2,,,,0
synthetic,smoke_pair,smoke_pair,test,smoke_pair,smoke_001,28.600,286,CA,smoke_pair|smoke_001|CA|3|286,3,,,,0
synthetic,smoke_pair,smoke_pair,test,smoke_pair,smoke_001,28.600,286,CB,smoke_pair|smoke_001|CB|3|286,3,,,,0
synthetic,smoke_pair,smoke_pair,test,smoke_pair,smoke_001,28.600,286,CA,smoke_pair|smoke_001|CA|4|286,4,,,,0
synthetic,smoke_pair,smoke_pair,test,smoke_pair,smoke_001,28.600,286,CB,smoke_pair|smoke_001|CB|4|286,4,,,,0
synthetic,smoke_pair,smoke_pair,test,smoke_pair,smoke_001,28.600,286,CA,smoke_pair|smoke_001|CA|5|286,5,,,,0
synthetic,smoke_pair,smoke_pair,test,smoke_pair,smoke_001,28.600,286,CB,smoke_pair|smoke_001|CB|5|286,5,,,,0
synthetic,smoke_pair,smoke_pair,test,smoke_pair,smoke_001,28.600,286,CA,smoke_pair|smoke_001|CA|6|286,6,,,,0
synthetic,smoke_pair,smoke_pair,test,smoke_pair,smoke_001,28.600,286,CB,smoke_pair|smoke_001|CB|6|286,6,,,,0
synthetic,smoke_pair,smoke_pair,test,smoke_pair,smoke_001,28.600,286,CA,smoke_pair|smoke_001|CA|7|286,7,,,,0
synthetic,smoke_pair,smoke_pair,test,smoke_pair,smoke_001,28.600,286,CB,smoke_pair|smoke_001|CB|7|286,7,,,,0
synthetic,smoke_pair,smoke_pair,test,smoke_pair,smoke_001,28.600,286,CA,smoke_pair|smoke_001|CA|8|286,8,,,,0
synthetic,smoke_pair,smoke_pair,test,smoke_pair,smoke_001,28.600,286,CB,smoke_pair|smoke_001|CB|8|286,8,,,,0
synthetic,smoke_pair,smoke_pair,test,smoke_pair,smoke_001,28.700,287,CA,smoke_pair|smoke_001|CA|1|287,1,,,,0
synthetic,smoke_pair,smoke_pair,test,smoke_pair,smoke_001,28.700,287,CB,smoke_pair|smoke_001|CB|1|287,1,,,,0
synthetic,smoke_pair,smoke_pair,test,smoke_pair,smoke_001,28.700,287,CA,smoke_pair|smoke_001|CA|2|287,2,,,,0
synthetic,smoke_pair,smoke_pair,test,smoke_pair,smoke_001,28.700,287,CB,smoke_pair|smoke_001|CB|2|287,2,,,,0
synthetic,smoke_pair,smoke_pair,test,smoke_pair,smoke_001,28.700,287,CA,smoke_pair|smoke_001|CA|3|287,3,,,,0
synthetic,smoke_pair,smoke_pair,test,smoke_pair,smoke_001,28.700,287,CB,smoke_pair|smoke_001|CB|3|287,3,,,,0
synthetic,smoke_pair,smoke_pair,test,smoke_pair,smoke_001,28.700,287,CA,smoke_pair|smoke_001|CA|4|287,4,,,,0
synthetic,smoke_pair,smoke_pair,test,smoke_pair,smoke_001,28.700,287,CB,smoke_pair|smoke_001|CB|4|287,4,,,,0
synthetic,smoke_pair,smoke_pair,test,smoke_pair,smoke_001,28.700,287,CA,smoke_pair|smoke_001|CA|5|287,5,,,,0
synthetic,smoke_pair,smoke_pair,test,smoke_pair,smoke_001,28.700,287,CB,smoke_pair|smoke_001|CB|5|287,5,,,,0
synthetic,smoke_pair,smoke_pair,test,smoke_pair,smoke_001,28.700,287,CA,smoke_pair|smoke_001|CA|6|287,6,,,,0
synthetic,smoke_pair,smoke_pair,test,smoke_pair,smoke_001,28.700,287,CB,smoke_pair|smoke_001|CB|6|287,6,,,,0
synthetic,smoke_pair,smoke_pair,test,smoke_pair,smoke_001,28.700,287,CA,smoke_pair|smoke_001|CA|7|287,7,,,,0
synthetic,smoke_pair,smoke_pair,test,smoke_pair,smoke_001,28.700,287,CB,smoke_pair|smoke_001|CB|7|287,7,,,,0
synthetic,smoke_pair,smoke_pair,test,smoke_pair,smoke_001,28.700,287,CA,smoke_pair|smoke_001|CA|8|287,8,,,,0
synthetic,smoke_pair,smoke_pair,test,smoke_pair,smoke_001,28.700,287,CB,smoke_pair|smoke_001|CB|8|287,8,,,,0
synthetic,smoke_pair,smoke_pair,test,smoke_pair,smoke_001,28.800,288,CA,smoke_pair|smoke_001|CA|1|288,1,,,,0
synthetic,smoke_pair,smoke_pair,test,smoke_pair,smoke_001,28.800,288,CB,smoke_pair|smoke_001|CB|1|288,1,,,,0
synthetic,smoke_pair,smoke_pair,test,smoke_pair,smoke_001,28.800,288,CA,smoke_pair|smoke_001|CA|2|288,2,,,,0
synthetic,smoke_pair,smoke_pair,test,smoke_pair,smoke_001,28.800,288,CB,smoke_pair|smoke_001|CB|2|288,2,,,,0
synthetic,smoke_pair,smoke_pair,test,smoke_pair,smoke_001,28.800,288,CA,smoke_pair|smoke_001|CA|3|288,3,,,,0
synthetic,smoke_pair,smoke_pair,test,smoke_pair,smoke_001,28.800,288,CB,smoke_pair|smoke_001|CB|3|288,3,,,,0
synthetic,smoke_pair,smoke_pair,test,smoke_pair,smoke_001,28.800,288,CA,smoke_pair|smoke_001|CA|4|288,4,,,,0
synthetic,smoke_pair,smoke_pair,test,smoke_pair,smoke_001,28.800,288,CB,smoke_pair|smoke_001|CB|4|288,4,,,,0
synthetic,smoke_pair,smoke_pair,test,smoke_pair,smoke_001,28.800,288,CA,smoke_pair|smoke_001|CA|5|288,5,,,,0
synthetic,smoke_pair,smoke_pair,test,smoke_pair,smoke_001,28.800,288,CB,smoke_pair|smoke_001|CB|5|288,5,,,,0
synthetic,smoke_pair,smoke_pair,test,smoke_pair,smoke_001,28.800,288,CA,smoke_pair|smoke_001|CA|6|288,6,,,,0
synthetic,smoke_pair,smoke_pair,test,smoke_pair,smoke_001,28.800,288,CB,smoke_pair|smoke_001|CB|6|288,6,,,,0
synthetic,smoke_pair,smoke_pair,test,smoke_pair,smoke_001,28.800,288,CA,smoke_pair|smoke_001|CA|7|288,7,,,,0
synthetic,smoke_pair,smoke_pair,test,smoke_pair,smoke_001,28.800,288,CB,smoke_pair|smoke_001|CB|7|288,7,,,,0
synthetic,smoke_pair,smoke_pair,test,smoke_pair,smoke_001,28.800,288,CA,smoke_pair|smoke_001|CA|8|288,8,,,,0
synthetic,smoke_pair,smoke_pair,test,smoke_pair,smoke_001,28.800,288,CB,smoke_pair|smoke_001|CB|8|288,8,,,,0
synthetic,smoke_pair,smoke_pair,test,smoke_pair,smoke_001,28.900,289,CA,smoke_pair|smoke_001|CA|1|289,1,,,,0
synthetic,smoke_pair,smoke_pair,test,smoke_pair,smoke_001,28.900,289,CB,smoke_pair|smoke_001|CB|1|289,1,,,,0
synthetic,smoke_pair,smoke_pair,test,smoke_pair,smoke_001,28.900,289,CA,smoke_pair|smoke_001|CA|2|289,2,,,,0
synthetic,smoke_pair,smoke_pair,test,smoke_pair,smoke_001,28.900,289,CB,smoke_pair|smoke_001|CB|2|289,2,,,,0
synthetic,smoke_pair,smoke_pair,test,smoke_pair,smoke_001,28.900,289,CA,smoke_pair|smoke_001|CA|3|289,3,,,,0
synthetic,smoke_pair,smoke_pair,test,smoke_pair,smoke_001,28.900,289,CB,smoke_pair|smoke_001|CB|3|289,3,,,,0
synthetic,smoke_pair,smoke_pair,test,smoke_pair,smoke_001,28.900,289,CA,smoke_pair|smoke_001|CA|4|289,4,,,,0
synthetic,smoke_pair,smoke_pair,test,smoke_pair,smoke_001,28.900,289,CB,smoke_pair|smoke_001|CB|4|289,4,,,,0
synthetic,smoke_pair,smoke_pair,test,smoke_pair,smoke_001,28.900,289,CA,smoke_pair|smoke_001|CA|5|289,5,,,,0
synthetic,smoke_pair,smoke_pair,test,smoke_pair,smoke_001,28.900,289,CB,smoke_pair|smoke_001|CB|5|289,5,,,,0
synthetic,smoke_pair,smoke_pair,test,smoke_pair,smoke_001,28.900,289,CA,smoke_pair|smoke_001|CA|6|289,6,,,,0
synthetic,smoke_pair,smoke_pair,test,smoke_pair,smoke_001,28.900,289,CB,smoke_pair|smoke_001|CB|6|289,6,,,,0
synthetic,smoke_pair,smoke_pair,test,smoke_pair,smoke_001,28.900,289,CA,smoke_pair|smoke_001|CA|7|289,7,,,,0
synthetic,smoke_pair,smoke_pair,test,smoke_pair,smoke_001,28.900,289,CB,smoke_pair|smoke_001|CB|7|289,7,,,,0
synthetic,smoke_pair,smoke_pair,test,smoke_pair,smoke_001,28.900,289,CA,smoke_pair|smoke_001|CA|8|289,8,,,,0
synthetic,smoke_pair,smoke_pair,test,smoke_pair,smoke_001,28.900,289,CB,smoke_pair|smoke_001|CB|8|289,8,,,,0
synthetic,smoke_pair,smoke_pair,test,smoke_pair,smoke_001,29.000,290,CA,smoke_pair|smoke_001|CA|1|290,1,,,,0
synthetic,smoke_pair,smoke_pair,test,smoke_pair,smoke_001,29.000,290,CB,smoke_pair|smoke_001|CB|1|290,1,,,,0
synthetic,smoke_pair,smoke_pair,test,smoke_pair,smoke_001,29.000,290,CA,smoke_pair|smoke_001|CA|2|290,2,,,,0
synthetic,smoke_pair,smoke_pair,test,smoke_pair,smoke_001,29.000,290,CB,smoke_pair|smoke_001|CB|2|290,2,,,,0
synthetic,smoke_pair,smoke_pair,test,smoke_pair,smoke_001,29.000,290,CA,smoke_pair|smoke_001|CA|3|290,3,,,,0
synthetic,smoke_pair,smoke_pair,test,smoke_pair,smoke_001,29.000,290,CB,smoke_pair|smoke_001|CB|3|290,3,,,,0
synthetic,smoke_pair,smoke_pair,test,smoke_pair,smoke_001,29.000,290,CA,smoke_pair|smoke_001|CA|4|290,4,,,,0
synthetic,smoke_pair,smoke_pair,test,smoke_pair,smoke_001,29.000,290,CB,smoke_pair|smoke_001|CB|4|290,4,,,,0
synthetic,smoke_pair,smoke_pair,test,smoke_pair,smoke_001,29.000,290,CA,smoke_pair|smoke_001|CA|5|290,5,,,,0
synthetic,smoke_pair,smoke_pair,test,smoke_pair,smoke_001,29.000,290,CB,smoke_pair|smoke_001|CB|5|290,5,,,,0
synthetic,smoke_pair,smoke_pair,test,smoke_pair,smoke_001,29.000,290,CA,smoke_pair|smoke_001|CA|6|290,6,,,,0
synthetic,smoke_pair,smoke_pair,test,smoke_pair,smoke_001,29.000,290,CB,smoke_pair|smoke_001|CB|6|290,6,,,,0
synthetic,smoke_pair,smoke_pair,test,smoke_pair,smoke_001,29.000,290,CA,smoke_pair|smoke_001|CA|7|290,7,,,,0
synthetic,smoke_pair,smoke_pair,test,smoke_pair,smoke_001,29.000,290,CB,smoke_pair|smoke_001|CB|7|290,7,,,,0
synthetic,smoke_pair,smoke_pair,test,smoke_pair,smoke_001,29.000,290,CA,smoke_pair|smoke_001|CA|8|290,8,,,,0
synthetic,smoke_pair,smoke_pair,test,smoke_pair,smoke_001,29.000,290,CB,smoke_pair|smoke_001|CB|8|290,8,,,,0
synthetic,smoke_pair,smoke_pair,test,smoke_pair,smoke_001,29.100,291,CA,smoke_pair|smoke_001|CA|1|291,1,,,,0
synthetic,smoke_pair,smoke_pair,test,smoke_pair,smoke_001,29.100,291,CB,smoke_pair|smoke_001|CB|1|291,1,,,,0
synthetic,smoke_pair,smoke_pair,test,smoke_pair,smoke_001,29.100,291,CA,smoke_pair|smoke_001|CA|2|291,2,,,,0
synthetic,smoke_pair,smoke_pair,test,smoke_pair,smoke_001,29.100,291,CB,smoke_pair|smoke_001|CB|2|291,2,,,,0
synthetic,smoke_pair,smoke_pair,test,smoke_pair,smoke_001,29.100,291,CA,smoke_pair|smoke_001|CA|3|291,3,,,,0
synthetic,smoke_pair,smoke_pair,test,smoke_pair,smoke_001,29.100,291,CB,smoke_pair|smoke_001|CB|3|291,3,,,,0
synthetic,smoke_pair,smoke_pair,test,smoke_pair,smoke_001,29.100,291,CA,smoke_pair|smoke_001|CA|4|291,4,,,,0
synthetic,smoke_pair,smoke_pair,test,smoke_pair,smoke_001,29.100,291,CB,smoke_pair|smoke_001|CB|4|291,4,,,,0
synthetic,smoke_pair,smoke_pair,test,smoke_pair,smoke_001,29.100,291,CA,smoke_pair|smoke_001|CA|5|291,5,,,,0
synthetic,smoke_pair,smoke_pair,test,smoke_pair,smoke_001,29.100,291,CB,smoke_pair|smoke_001|CB|5|291,5,,,,0
synthetic,smoke_pair,smoke_pair,test,smoke_pair,smoke_001,29.100,291,CA,smoke_pair|smoke_001|CA|6|291,6,,,,0
synthetic,smoke_pair,smoke_pair,test,smoke_pair,smoke_001,29.100,291,CB,smoke_pair|smoke_001|CB|6|291,6,,,,0
synthetic,smoke_pair,smoke_pair,test,smoke_pair,smoke_001,29.100,291,CA,smoke_pair|smoke_001|CA|7|291,7,,,,0
synthetic,smoke_pair,smoke_pair,test,smoke_pair,smoke_001,29.100,291,CB,smoke_pair|smoke_001|CB|7|291,7,,,,0
synthetic,smoke_pair,smoke_pair,test,smoke_pair,smoke_001,29.100,291,CA,smoke_pair|smoke_001|CA|8|291,8,,,,0
synthetic,smoke_pair,smoke_pair,test,smoke_pair,smoke_001,29.100,291,CB,smoke_pair|smoke_001|CB|8|291,8,,,,0
synthetic,smoke_pair,smoke_pair,test,smoke_pair,smoke_001,29.200,292,CA,smoke_pair|smoke_001|CA|1|292,1,,,,0
synthetic,smoke_pair,smoke_pair,test,smoke_pair,smoke_001,29.200,292,CB,smoke_pair|smoke_001|CB|1|292,1,,,,0
synthetic,smoke_pair,smoke_pair,test,smoke_pair,smoke_001,29.200,292,CA,smoke_pair|smoke_001|CA|2|292,2,,,,0
synthetic,smoke_pair,smoke_pair,test,smoke_pair,smoke_001,29.200,292,CB,smoke_pair|smoke_001|CB|2|292,2,,,,0
synthetic,smoke_pair,smoke_pair,test,smoke_pair,smoke_001,29.200,292,CA,smoke_pair|smoke_001|CA|3|292,3,,,,0
synthetic,smoke_pair,smoke_pair,test,smoke_pair,smoke_001,29.200,292,CB,smoke_pair|smoke_001|CB|3|292,3,,,,0
synthetic,smoke_pair,smoke_pair,test,smoke_pair,smoke_001,29.200,292,CA,smoke_pair|smoke_001|CA|4|292,4,,,,0
synthetic,smoke_pair,smoke_pair,test,smoke_pair,smoke_001,29.200,292,CB,smoke_pair|smoke_001|CB|4|292,4,,,,0
synthetic,smoke_pair,smoke_pair,test,smoke_pair,smoke_001,29.200,292,CA,smoke_pair|smoke_001|CA|5|292,5,,,,0
synthetic,smoke_pair,smoke_pair,test,smoke_pair,smoke_001,29.200,292,CB,smoke_pair|smoke_001|CB|5|292,5,,,,0
synthetic,smoke_pair,smoke_pair,test,smoke_pair,smoke_001,29.200,292,CA,smoke_pair|smoke_001|CA|6|292,6,,,,0
synthetic,smoke_pair,smoke_pair,test,smoke_pair,smoke_001,29.200,292,CB,smoke_pair|smoke_001|CB|6|292,6,,,,0
synthetic,smoke_pair,smoke_pair,test,smoke_pair,smoke_001,29.200,292,CA,smoke_pair|smoke_001|CA|7|292,7,,,,0
synthetic,smoke_pair,smoke_pair,test,smoke_pair,smoke_001,29.200,292,CB,smoke_pair|smoke_001|CB|7|292,7,,,,0
synthetic,smoke_pair,smoke_pair,test,smoke_pair,smoke_001,29.200,292,CA,smoke_pair|smoke_001|CA|8|292,8,,,,0
synthetic,smoke_pair,smoke_pair,test,smoke_pair,smoke_001,29.200,292,CB,smoke_pair|smoke_001|CB|8|292,8,,,,0
synthetic,smoke_pair,smoke_pair,test,smoke_pair,smoke_001,29.300,293,CA,smoke_pair|smoke_001|CA|1|293,1,,,,0
synthetic,smoke_pair,smoke_pair,test,smoke_pair,smoke_001,29.300,293,CB,smoke_pair|smoke_001|CB|1|293,1,,,,0
synthetic,smoke_pair,smoke_pair,test,smoke_pair,smoke_001,29.300,293,CA,smoke_pair|smoke_001|CA|2|293,2,,,,0
synthetic,smoke_pair,smoke_pair,test,smoke_pair,smoke_001,29.300,293,CB,smoke_pair|smoke_001|CB|2|293,2,,,,0
synthetic,smoke_pair,smoke_pair,test,smoke_pair,smoke_001,29.300,293,CA,smoke_pair|smoke_001|CA|3|293,3,,,,0
synthetic,smoke_pair,smoke_pair,test,smoke_pair,smoke_001,29.300,293,CB,smoke_pair|smoke_001|CB|3|293,3,,,,0
synthetic,smoke_pair,smoke_pair,test,smoke_pair,smoke_001,29.300,293,CA,smoke_pair|smoke_001|CA|4|293,4,,,,0
synthetic,smoke_pair,smoke_pair,test,smoke_pair,smoke_001,29.300,293,CB,smoke_pair|smoke_001|CB|4|293,4,,,,0
synthetic,smoke_pair,smoke_pair,test,smoke_pair,smoke_001,29.300,293,CA,smoke_pair|smoke_001|CA|5|293,5,,,,0
synthetic,smoke_pair,smoke_pair,test,smoke_pair,smoke_001,29.300,293,CB,smoke_pair|smoke_001|CB|5|293,5,,,,0
synthetic,smoke_pair,smoke_pair,test,smoke_pair,smoke_001,29.300,293,CA,smoke_pair|smoke_001|CA|6|293,6,,,,0
synthetic,smoke_pair,smoke_pair,test,smoke_pair,smoke_001,29.300,293,CB,smoke_pair|smoke_001|CB|6|293,6,,,,0
synthetic,smoke_pair,smoke_pair,test,smoke_pair,smoke_001,29.300,293,CA,smoke_pair|smoke_001|CA|7|293,7,,,,0
synthetic,smoke_pair,smoke_pair,test,smoke_pair,smoke_001,29.300,293,CB,smoke_pair|smoke_001|CB|7|293,7,,,,0
synthetic,smoke_pair,smoke_pair,test,smoke_pair,smoke_001,29.300,293,CA,smoke_pair|smoke_001|CA|8|293,8,,,,0
synthetic,smoke_pair,smoke_pair,test,smoke_pair,smoke_001,29.300,293,CB,smoke_pair|smoke_001|CB|8|293,8,,,,0
synthetic,smoke_pair,smoke_pair,test,smoke_pair,smoke_001,29.400,294,CA,smoke_pair|smoke_001|CA|1|294,1,,,,0
synthetic,smoke_pair,smoke_pair,test,smoke_pair,smoke_001,29.400,294,CB,smoke_pair|smoke_001|CB|1|294,1,,,,0
synthetic,smoke_pair,smoke_pair,test,smoke_pair,smoke_001,29.400,294,CA,smoke_pair|smoke_001|CA|2|294,2,,,,0
synthetic,smoke_pair,smoke_pair,test,smoke_pair,smoke_001,29.400,294,CB,smoke_pair|smoke_001|CB|2|294,2,,,,0
synthetic,smoke_pair,smoke_pair,test,smoke_pair,smoke_001,29.400,294,CA,smoke_pair|smoke_001|CA|3|294,3,,,,0
synthetic,smoke_pair,smoke_pair,test,smoke_pair,smoke_001,29.400,294,CB,smoke_pair|smoke_001|CB|3|294,3,,,,0
synthetic,smoke_pair,smoke_pair,test,smoke_pair,smoke_001,29.400,294,CA,smoke_pair|smoke_001|CA|4|294,4,,,,0
synthetic,smoke_pair,smoke_pair,test,smoke_pair,smoke_001,29.400,294,CB,smoke_pair|smoke_001|CB|4|294,4,,,,0
synthetic,smoke_pair,smoke_pair,test,smoke_pair,smoke_001,29.400,294,CA,smoke_pair|smoke_001|CA|5|294,5,,,,0
synthetic,smoke_pair,smoke_pair,test,smoke_pair,smoke_001,29.400,294,CB,smoke_pair|smoke_001|CB|5|294,5,,,,0
synthetic,smoke_pair,smoke_pair,test,smoke_pair,smoke_001,29.400,294,CA,smoke_pair|smoke_001|CA|6|294,6,,,,0
synthetic,smoke_pair,smoke_pair,test,smoke_pair,smoke_001,29.400,294,CB,smoke_pair|smoke_001|CB|6|294,6,,,,0
synthetic,smoke_pair,smoke_pair,test,smoke_pair,smoke_001,29.400,294,CA,smoke_pair|smoke_001|CA|7|294,7,,,,0
synthetic,smoke_pair,smoke_pair,test,smoke_pair,smoke_001,29.400,294,CB,smoke_pair|smoke_001|CB|7|294,7,,,,0
synthetic,smoke_pair,smoke_pair,test,smoke_pair,smoke_001,29.400,294,CA,smoke_pair|smoke_001|CA|8|294,8,,,,0
synthetic,smoke_pair,smoke_pair,test,smoke_pair,smoke_001,29.400,294,CB,smoke_pair|smoke_001|CB|8|294,8,,,,0
synthetic,smoke_pair,smoke_pair,test,smoke_pair,smoke_001,29.500,295,CA,smoke_pair|smoke_001|CA|1|295,1,,,,0
synthetic,smoke_pair,smoke_pair,test,smoke_pair,smoke_001,29.500,295,CB,smoke_pair|smoke_001|CB|1|295,1,,,,0
synthetic,smoke_pair,smoke_pair,test,smoke_pair,smoke_001,29.500,295,CA,smoke_pair|smoke_001|CA|2|295,2,,,,0
synthetic,smoke_pair,smoke_pair,test,smoke_pair,smoke_001,29.500,295,CB,smoke_pair|smoke_001|CB|2|295,2,,,,0
synthetic,smoke_pair,smoke_pair,test,smoke_pair,smoke_001,29.500,295,CA,smoke_pair|smoke_001|CA|3|295,3,,,,0
synthetic,smoke_pair,smoke_pair,test,smoke_pair,smoke_001,29.500,295,CB,smoke_pair|smoke_001|CB|3|295,3,,,,0
synthetic,smoke_pair,smoke_pair,test,smoke_pair,smoke_001,29.500,295,CA,smoke_pair|smoke_001|CA|4|295,4,,,,0
synthetic,smoke_pair,smoke_pair,test,smoke_pair,smoke_001,29.500,295,CB,smoke_pair|smoke_001|CB|4|295,4,,,,0
synthetic,smoke_pair,smoke_pair,test,smoke_pair,smoke_001,29.500,295,CA,smoke_pair|smoke_001|CA|5|295,5,,,,0
synthetic,smoke_pair,smoke_pair,test,smoke_pair,smoke_001,29.500,295,CB,smoke_pair|smoke_001|CB|5|295,5,,,,0
synthetic,smoke_pair,smoke_pair,test,smoke_pair,smoke_001,29.500,295,CA,smoke_pair|smoke_001|CA|6|295,6,,,,0
synthetic,smoke_pair,smoke_pair,test,smoke_pair,smoke_001,29.500,295,CB,smoke_pair|smoke_001|CB|6|295,6,,,,0
synthetic,smoke_pair,smoke_pair,test,smoke_pair,smoke_001,29.500,295,CA,smoke_pair|smoke_001|CA|7|295,7,,,,0
synthetic,smoke_pair,smoke_pair,test,smoke_pair,smoke_001,29.500,295,CB,smoke_pair|smoke_001|CB|7|295,7,,,,0
synthetic,smoke_pair,smoke_pair,test,smoke_pair,smoke_001,29.500,295,CA,smoke_pair|smoke_001|CA|8|295,8,,,,0
synthetic,smoke_pair,smoke_pair,test,smoke_pair,smoke_001,29.500,295,CB,smoke_pair|smoke_001|CB|8|295,8,,,,0
synthetic,smoke_pair,smoke_pair,test,smoke_pair,smoke_001,29.600,296,CA,smoke_pair|smoke_001|CA|1|296,1,,,,0
synthetic,smoke_pair,smoke_pair,test,smoke_pair,smoke_001,29.600,296,CB,smoke_pair|smoke_001|CB|1|296,1,,,,0
synthetic,smoke_pair,smoke_pair,test,smoke_pair,smoke_001,29.600,296,CA,smoke_pair|smoke_001|CA|2|296,2,,,,0
synthetic,smoke_pair,smoke_pair,test,smoke_pair,smoke_001,29.600,296,CB,smoke_pair|smoke_001|CB|2|296,2,,,,0
synthetic,smoke_pair,smoke_pair,test,smoke_pair,smoke_001,29.600,296,CA,smoke_pair|smoke_001|CA|3|296,3,,,,0
synthetic,smoke_pair,smoke_pair,test,smoke_pair,smoke_001,29.600,296,CB,smoke_pair|smoke_001|CB|3|296,3,,,,0
synthetic,smoke_pair,smoke_pair,test,smoke_pair,smoke_001,29.600,296,CA,smoke_pair|smoke_001|CA|4|296,4,,,,0
synthetic,smoke_pair,smoke_pair,test,smoke_pair,smoke_001,29.600,296,CB,smoke_pair|smoke_001|CB|4|296,4,,,,0
synthetic,smoke_pair,smoke_pair,test,smoke_pair,smoke_001,29.600,296,CA,smoke_pair|smoke_001|CA|5|296,5,,,,0
synthetic,smoke_pair,smoke_pair,test,smoke_pair,smoke_001,29.600,296,CB,smoke_pair|smoke_001|CB|5|296,5,,,,0
synthetic,smoke_pair,smoke_pair,test,smoke_pair,smoke_001,29.600,296,CA,smoke_pair|smoke_001|CA|6|296,6,,,,0
synthetic,smoke_pair,smoke_pair,test,smoke_pair,smoke_001,29.600,296,CB,smoke_pair|smoke_001|CB|6|296,6,,,,0
synthetic,smoke_pair,smoke_pair,test,smoke_pair,smoke_001,29.600,296,CA,smoke_pair|smoke_001|CA|7|296,7,,,,0
synthetic,smoke_pair,smoke_pair,test,smoke_pair,smoke_001,29.600,296,CB,smoke_pair|smoke_001|CB|7|296,7,,,,0
synthetic,smoke_pair,smoke_pair,test,smoke_pair,smoke_001,29.600,296,CA,smoke_pair|smoke_001|CA|8|296,8,,,,0
synthetic,smoke_pair,smoke_pair,test,smoke_pair,smoke_001,29.600,296,CB,smoke_pair|smoke_001|CB|8|296,8,,,,0
synthetic,smoke_pair,smoke_pair,test,smoke_pair,smoke_001,29.700,297,CA,smoke_pair|smoke_001|CA|1|297,1,,,,0
synthetic,smoke_pair,smoke_pair,test,smoke_pair,smoke_001,29.700,297,CB,smoke_pair|smoke_001|CB|1|297,1,,,,0
synthetic,smoke_pair,smoke_pair,test,smoke_pair,smoke_001,29.700,297,CA,smoke_pair|smoke_001|CA|2|297,2,,,,0
synthetic,smoke_pair,smoke_pair,test,smoke_pair,smoke_001,29.700,297,CB,smoke_pair|smoke_001|CB|2|297,2,,,,0
synthetic,smoke_pair,smoke_pair,test,smoke_pair,smoke_001,29.700,297,CA,smoke_pair|smoke_001|CA|3|297,3,,,,0
synthetic,smoke_pair,smoke_pair,test,smoke_pair,smoke_001,29.700,297,CB,smoke_pair|smoke_001|CB|3|297,3,,,,0
synthetic,smoke_pair,smoke_pair,test,smoke_pair,smoke_001,29.700,297,CA,smoke_pair|smoke_001|CA|4|297,4,,,,0
synthetic,smoke_pair,smoke_pair,test,smoke_pair,smoke_001,29.700,297,CB,smoke_pair|smoke_001|CB|4|297,4,,,,0
synthetic,smoke_pair,smoke_pair,test,smoke_pair,smoke_001,29.700,297,CA,smoke_pair|smoke_001|CA|5|297,5,,,,0
synthetic,smoke_pair,smoke_pair,test,smoke_pair,smoke_001,29.700,297,CB,smoke_pair|smoke_001|CB|5|297,5,,,,0
synthetic,smoke_pair,smoke_pair,test,smoke_pair,smoke_001,29.700,297,CA,smoke_pair|smoke_001|CA|6|297,6,,,,0
synthetic,smoke_pair,smoke_pair,test,smoke_pair,smoke_001,29.700,297,CB,smoke_pair|smoke_001|CB|6|297,6,,,,0
synthetic,smoke_pair,smoke_pair,test,smoke_pair,smoke_001,29.700,297,CA,smoke_pair|smoke_001|CA|7|297,7,,,,0
synthetic,smoke_pair,smoke_pair,test,smoke_pair,smoke_001,29.700,297,CB,smoke_pair|smoke_001|CB|7|297,7,,,,0
synthetic,smoke_pair,smoke_pair,test,smoke_pair,smoke_001,29.700,297,CA,smoke_pair|smoke_001|CA|8|297,8,,,,0
synthetic,smoke_pair,smoke_pair,test,smoke_pair,smoke_001,29.700,297,CB,smoke_pair|smoke_001|CB|8|297,8,,,,0
synthetic,smoke_pair,smoke_pair,test,smoke_pair,smoke_001,29.800,298,CA,smoke_pair|smoke_001|CA|1|298,1,,,,0
synthetic,smoke_pair,smoke_pair,test,smoke_pair,smoke_001,29.800,298,CB,smoke_pair|smoke_001|CB|1|298,1,,,,0
synthetic,smoke_pair,smoke_pair,test,smoke_pair,smoke_001,29.800,298,CA,smoke_pair|smoke_001|CA|2|298,2,,,,0
synthetic,smoke_pair,smoke_pair,test,smoke_pair,smoke_001,29.800,298,CB,smoke_pair|smoke_001|CB|2|298,2,,,,0
synthetic,smoke_pair,smoke_pair,test,smoke_pair,smoke_001,29.800,298,CA,smoke_pair|smoke_001|CA|3|298,3,,,,0
synthetic,smoke_pair,smoke_pair,test,smoke_pair,smoke_001,29.800,298,CB,smoke_pair|smoke_001|CB|3|298,3,,,,0
synthetic,smoke_pair,smoke_pair,test,smoke_pair,smoke_001,29.800,298,CA,smoke_pair|smoke_001|CA|4|298,4,,,,0
synthetic,smoke_pair,smoke_pair,test,smoke_pair,smoke_001,29.800,298,CB,smoke_pair|smoke_001|CB|4|298,4,,,,0
synthetic,smoke_pair,smoke_pair,test,smoke_pair,smoke_001,29.800,298,CA,smoke_pair|smoke_001|CA|5|298,5,,,,0
synthetic,smoke_pair,smoke_pair,test,smoke_pair,smoke_001,29.800,298,CB,smoke_pair|smoke_001|CB|5|298,5,,,,0
synthetic,smoke_pair,smoke_pair,test,smoke_pair,smoke_001,29.800,298,CA,smoke_pair|smoke_001|CA|6|298,6,,,,0
synthetic,smoke_pair,smoke_pair,test,smoke_pair,smoke_001,29.800,298,CB,smoke_pair|smoke_001|CB|6|298,6,,,,0
synthetic,smoke_pair,smoke_pair,test,smoke_pair,smoke_001,29.800,298,CA,smoke_pair|smoke_001|CA|7|298,7,,,,0
synthetic,smoke_pair,smoke_pair,test,smoke_pair,smoke_001,29.800,298,CB,smoke_pair|smoke_001|CB|7|298,7,,,,0
synthetic,smoke_pair,smoke_pair,test,smoke_pair,smoke_001,29.800,298,CA,smoke_pair|smoke_001|CA|8|298,8,,,,0
synthetic,smoke_pair,smoke_pair,test,smoke_pair,smoke_001,29.800,298,CB,smoke_pair|smoke_001|CB|8|298,8,,,,0
synthetic,smoke_pair,smoke_pair,test,smoke_pair,smoke_001,29.900,299,CA,smoke_pair|smoke_001|CA|1|299,1,,,,0
synthetic,smoke_pair,smoke_pair,test,smoke_pair,smoke_001,29.900,299,CB,smoke_pair|smoke_001|CB|1|299,1,,,,0
synthetic,smoke_pair,smoke_pair,test,smoke_pair,smoke_001,29.900,299,CA,smoke_pair|smoke_001|CA|2|299,2,,,,0
synthetic,smoke_pair,smoke_pair,test,smoke_pair,smoke_001,29.900,299,CB,smoke_pair|smoke_001|CB|2|299,2,,,,0
synthetic,smoke_pair,smoke_pair,test,smoke_pair,smoke_001,29.900,299,CA,smoke_pair|smoke_001|CA|3|299,3,,,,0
synthetic,smoke_pair,smoke_pair,test,smoke_pair,smoke_001,29.900,299,CB,smoke_pair|smoke_001|CB|3|299,3,,,,0
synthetic,smoke_pair,smoke_pair,test,smoke_pair,smoke_001,29.900,299,CA,smoke_pair|smoke_001|CA|4|299,4,,,,0
synthetic,smoke_pair,smoke_pair,test,smoke_pair,smoke_001,29.900,299,CB,smoke_pair|smoke_001|CB|4|299,4,,,,0
synthetic,smoke_pair,smoke_pair,test,smoke_pair,smoke_001,29.900,299,CA,smoke_pair|smoke_001|CA|5|299,5,,,,0
synthetic,smoke_pair,smoke_pair,test,smoke_pair,smoke_001,29.900,299,CB,smoke_pair|smoke_001|CB|5|299,5,,,,0
synthetic,smoke_pair,smoke_pair,test,smoke_pair,smoke_001,29.900,299,CA,smoke_pair|smoke_001|CA|6|299,6,,,,0
synthetic,smoke_pair,smoke_pair,test,smoke_pair,smoke_001,29.900,299,CB,smoke_pair|smoke_001|CB|6|299,6,,,,0
synthetic,smoke_pair,smoke_pair,test,smoke_pair,smoke_001,29.900,299,CA,smoke_pair|smoke_001|CA|7|299,7,,,,0
synthetic,smoke_pair,smoke_pair,test,smoke_pair,smoke_001,29.900,299,CB,smoke_pair|smoke_001|CB|7|299,7,,,,0
synthetic,smoke_pair,smoke_pair,test,smoke_pair,smoke_001,29.900,299,CA,smoke_pair|smoke_001|CA|8|299,8,,,,0
synthetic,smoke_pair,smoke_pair,test,smoke_pair,smoke_001,29.900,299,CB,smoke_pair|smoke_001|CB|8|299,8,,,,0
synthetic,smoke_pair,smoke_pair,test,smoke_pair,smoke_001,30.000,300,CA,smoke_pair|smoke_001|CA|1|300,1,,,,0
synthetic,smoke_pair,smoke_pair,test,smoke_pair,smoke_001,30.000,300,CB,smoke_pair|smoke_001|CB|1|300,1,,,,0
synthetic,smoke_pair,smoke_pair,test,smoke_pair,smoke_001,30.000,300,CA,smoke_pair|smoke_001|CA|2|300,2,,,,0
synthetic,smoke_pair,smoke_pair,test,smoke_pair,smoke_001,30.000,300,CB,smoke_pair|smoke_001|CB|2|300,2,,,,0
synthetic,smoke_pair,smoke_pair,test,smoke_pair,smoke_001,30.000,300,CA,smoke_pair|smoke_001|CA|3|300,3,,,,0
synthetic,smoke_pair,smoke_pair,test,smoke_pair,smoke_001,30.000,300,CB,smoke_pair|smoke_001|CB|3|300,3,,,,0
synthetic,smoke_pair,smoke_pair,test,smoke_pair,smoke_001,30.000,300,CA,smoke_pair|smoke_001|CA|4|300,4,,,,0
synthetic,smoke_pair,smoke_pair,test,smoke_pair,smoke_001,30.000,300,CB,smoke_pair|smoke_001|CB|4|300,4,,,,0
synthetic,smoke_pair,smoke_pair,test,smoke_pair,smoke_001,30.000,300,CA,smoke_pair|smoke_001|CA|5|300,5,,,,0
synthetic,smoke_pair,smoke_pair,test,smoke_pair,smoke_001,30.000,300,CB,smoke_pair|smoke_001|CB|5|300,5,,,,0
synthetic,smoke_pair,smoke_pair,test,smoke_pair,smoke_001,30.000,300,CA,smoke_pair|smoke_001|CA|6|300,6,,,,0
synthetic,smoke_pair,smoke_pair,test,smoke_pair,smoke_001,30.000,300,CB,smoke_pair|smoke_001|CB|6|300,6,,,,0
synthetic,smoke_pair,smoke_pair,test,smoke_pair,smoke_001,30.000,300,CA,smoke_pair|smoke_001|CA|7|300,7,,,,0
synthetic,smoke_pair,smoke_pair,test,smoke_pair,smoke_001,30.000,300,CB,smoke_pair|smoke_001|CB|7|300,7,,,,0
synthetic,smoke_pair,smoke_pair,test,smoke_pair,smoke_001,30.000,300,CA,smoke_pair|smoke_001|CA|8|300,8,,,,0
synthetic,smoke_pair,smoke_pair,test,smoke_pair,smoke_001,30.000,300,CB,smoke_pair|smoke_001|CB|8|300,8,,,,0
synthetic,smoke_pair,smoke_pair,test,smoke_pair,smoke_001,30.100,301,CA,smoke_pair|smoke_001|CA|1|301,1,,,,0
synthetic,smoke_pair,smoke_pair,test,smoke_pair,smoke_001,30.100,301,CB,smoke_pair|smoke_001|CB|1|301,1,,,,0
synthetic,smoke_pair,smoke_pair,test,smoke_pair,smoke_001,30.100,301,CA,smoke_pair|smoke_001|CA|2|301,2,,,,0
synthetic,smoke_pair,smoke_pair,test,smoke_pair,smoke_001,30.100,301,CB,smoke_pair|smoke_001|CB|2|301,2,,,,0
synthetic,smoke_pair,smoke_pair,test,smoke_pair,smoke_001,30.100,301,CA,smoke_pair|smoke_001|CA|3|301,3,,,,0
synthetic,smoke_pair,smoke_pair,test,smoke_pair,smoke_001,30.100,301,CB,smoke_pair|smoke_001|CB|3|301,3,,,,0
synthetic,smoke_pair,smoke_pair,test,smoke_pair,smoke_001,30.100,301,CA,smoke_pair|smoke_001|CA|4|301,4,,,,0
synthetic,smoke_pair,smoke_pair,test,smoke_pair,smoke_001,30.100,301,CB,smoke_pair|smoke_001|CB|4|301,4,,,,0
synthetic,smoke_pair,smoke_pair,test,smoke_pair,smoke_001,30.100,301,CA,smoke_pair|smoke_001|CA|5|301,5,,,,0
synthetic,smoke_pair,smoke_pair,test,smoke_pair,smoke_001,30.100,301,CB,smoke_pair|smoke_001|CB|5|301,5,,,,0
synthetic,smoke_pair,smoke_pair,test,smoke_pair,smoke_001,30.100,301,CA,smoke_pair|smoke_001|CA|6|301,6,,,,0
synthetic,smoke_pair,smoke_pair,test,smoke_pair,smoke_001,30.100,301,CB,smoke_pair|smoke_001|CB|6|301,6,,,,0
synthetic,smoke_pair,smoke_pair,test,smoke_pair,smoke_001,30.100,301,CA,smoke_pair|smoke_001|CA|7|301,7,,,,0
synthetic,smoke_pair,smoke_pair,test,smoke_pair,smoke_001,30.100,301,CB,smoke_pair|smoke_001|CB|7|301,7,,,,0
synthetic,smoke_pair,smoke_pair,test,smoke_pair,smoke_001,30.100,301,CA,smoke_pair|smoke_001|CA|8|301,8,,,,0
synthetic,smoke_pair,smoke_pair,test,smoke_pair,smoke_001,30.100,301,CB,smoke_pair|smoke_001|CB|8|301,8,,,,0
synthetic,smoke_pair,smoke_pair,test,smoke_pair,smoke_001,30.200,302,CA,smoke_pair|smoke_001|CA|1|302,1,,,,0
synthetic,smoke_pair,smoke_pair,test,smoke_pair,smoke_001,30.200,302,CB,smoke_pair|smoke_001|CB|1|302,1,,,,0
synthetic,smoke_pair,smoke_pair,test,smoke_pair,smoke_001,30.200,302,CA,smoke_pair|smoke_001|CA|2|302,2,,,,0
synthetic,smoke_pair,smoke_pair,test,smoke_pair,smoke_001,30.200,302,CB,smoke_pair|smoke_001|CB|2|302,2,,,,0
synthetic,smoke_pair,smoke_pair,test,smoke_pair,smoke_001,30.200,302,CA,smoke_pair|smoke_001|CA|3|302,3,,,,0
synthetic,smoke_pair,smoke_pair,test,smoke_pair,smoke_001,30.200,302,CB,smoke_pair|smoke_001|CB|3|302,3,,,,0
synthetic,smoke_pair,smoke_pair,test,smoke_pair,smoke_001,30.200,302,CA,smoke_pair|smoke_001|CA|4|302,4,,,,0
synthetic,smoke_pair,smoke_pair,test,smoke_pair,smoke_001,30.200,302,CB,smoke_pair|smoke_001|CB|4|302,4,,,,0
synthetic,smoke_pair,smoke_pair,test,smoke_pair,smoke_001,30.200,302,CA,smoke_pair|smoke_001|CA|5|302,5,,,,0
synthetic,smoke_pair,smoke_pair,test,smoke_pair,smoke_001,30.200,302,CB,smoke_pair|smoke_001|CB|5|302,5,,,,0
synthetic,smoke_pair,smoke_pair,test,smoke_pair,smoke_001,30.200,302,CA,smoke_pair|smoke_001|CA|6|302,6,,,,0
synthetic,smoke_pair,smoke_pair,test,smoke_pair,smoke_001,30.200,302,CB,smoke_pair|smoke_001|CB|6|302,6,,,,0
synthetic,smoke_pair,smoke_pair,test,smoke_pair,smoke_001,30.200,302,CA,smoke_pair|smoke_001|CA|7|302,7,,,,0
synthetic,smoke_pair,smoke_pair,test,smoke_pair,smoke_001,30.200,302,CB,smoke_pair|smoke_001|CB|7|302,7,,,,0
synthetic,smoke_pair,smoke_pair,test,smoke_pair,smoke_001,30.200,302,CA,smoke_pair|smoke_001|CA|8|302,8,,,,0
synthetic,smoke_pair,smoke_pair,test,smoke_pair,smoke_001,30.200,302,CB,smoke_pair|smoke_001|CB|8|302,8,,,,0
synthetic,smoke_pair,smoke_pair,test,smoke_pair,smoke_001,30.300,303,CA,smoke_pair|smoke_001|CA|1|303,1,,,,0
synthetic,smoke_pair,smoke_pair,test,smoke_pair,smoke_001,30.300,303,CB,smoke_pair|smoke_001|CB|1|303,1,,,,0
synthetic,smoke_pair,smoke_pair,test,smoke_pair,smoke_001,30.300,303,CA,smoke_pair|smoke_001|CA|2|303,2,,,,0
synthetic,smoke_pair,smoke_pair,test,smoke_pair,smoke_001,30.300,303,CB,smoke_pair|smoke_001|CB|2|303,2,,,,0
synthetic,smoke_pair,smoke_pair,test,smoke_pair,smoke_001,30.300,303,CA,smoke_pair|smoke_001|CA|3|303,3,,,,0
synthetic,smoke_pair,smoke_pair,test,smoke_pair,smoke_001,30.300,303,CB,smoke_pair|smoke_001|CB|3|303,3,,,,0
synthetic,smoke_pair,smoke_pair,test,smoke_pair,smoke_001,30.300,303,CA,smoke_pair|smoke_001|CA|4|303,4,,,,0
synthetic,smoke_pair,smoke_pair,test,smoke_pair,smoke_001,30.300,303,CB,smoke_pair|smoke_001|CB|4|303,4,,,,0
synthetic,smoke_pair,smoke_pair,test,smoke_pair,smoke_001,30.300,303,CA,smoke_pair|smoke_001|CA|5|303,5,,,,0
synthetic,smoke_pair,smoke_pair,test,smoke_pair,smoke_001,30.300,303,CB,smoke_pair|smoke_001|CB|5|303,5,,,,0
synthetic,smoke_pair,smoke_pair,test,smoke_pair,smoke_001,30.300,303,CA,smoke_pair|smoke_001|CA|6|303,6,,,,0
synthetic,smoke_pair,smoke_pair,test,smoke_pair,smoke_001,30.300,303,CB,smoke_pair|smoke_001|CB|6|303,6,,,,0
synthetic,smoke_pair,smoke_pair,test,smoke_pair,smoke_001,30.300,303,CA,smoke_pair|smoke_001|CA|7|303,7,,,,0
synthetic,smoke_pair,smoke_pair,test,smoke_pair,smoke_001,30.300,303,CB,smoke_pair|smoke_001|CB|7|303,7,,,,0
synthetic,smoke_pair,smoke_pair,test,smoke_pair,smoke_001,30.300,303,CA,smoke_pair|smoke_001|CA|8|303,8,,,,0
synthetic,smoke_pair,smoke_pair,test,smoke_pair,smoke_001,30.300,303,CB,smoke_pair|smoke_001|CB|8|303,8,,,,0
synthetic,smoke_pair,smoke_pair,test,smoke_pair,smoke_001,30.400,304,CA,smoke_pair|smoke_001|CA|1|304,1,,,,0
synthetic,smoke_pair,smoke_pair,test,smoke_pair,smoke_001,30.400,304,CB,smoke_pair|smoke_001|CB|1|304,1,,,,0
synthetic,smoke_pair,smoke_pair,test,smoke_pair,smoke_001,30.400,304,CA,smoke_pair|smoke_001|CA|2|304,2,,,,0
synthetic,smoke_pair,smoke_pair,test,smoke_pair,smoke_001,30.400,304,CB,smoke_pair|smoke_001|CB|2|304,2,,,,0
synthetic,smoke_pair,smoke_pair,test,smoke_pair,smoke_001,30.400,304,CA,smoke_pair|smoke_001|CA|3|304,3,,,,0
synthetic,smoke_pair,smoke_pair,test,smoke_pair,smoke_001,30.400,304,CB,smoke_pair|smoke_001|CB|3|304,3,,,,0
synthetic,smoke_pair,smoke_pair,test,smoke_pair,smoke_001,30.400,304,CA,smoke_pair|smoke_001|CA|4|304,4,,,,0
synthetic,smoke_pair,smoke_pair,test,smoke_pair,smoke_001,30.400,304,CB,smoke_pair|smoke_001|CB|4|304,4,,,,0
synthetic,smoke_pair,smoke_pair,test,smoke_pair,smoke_001,30.400,304,CA,smoke_pair|smoke_001|CA|5|304,5,,,,0
synthetic,smoke_pair,smoke_pair,test,smoke_pair,smoke_001,30.400,304,CB,smoke_pair|smoke_001|CB|5|304,5,,,,0
synthetic,smoke_pair,smoke_pair,test,smoke_pair,smoke_001,30.400,304,CA,smoke_pair|smoke_001|CA|6|304,6,,,,0
synthetic,smoke_pair,smoke_pair,test,smoke_pair,smoke_001,30.400,304,CB,smoke_pair|smoke_001|CB|6|304,6,,,,0
synthetic,smoke_pair,smoke_pair,test,smoke_pair,smoke_001,30.400,304,CA,smoke_pair|smoke_001|CA|7|304,7,,,,0
synthetic,smoke_pair,smoke_pair,test,smoke_pair,smoke_001,30.400,304,CB,smoke_pair|smoke_001|CB|7|304,7,,,,0
synthetic,smoke_pair,smoke_pair,test,smoke_pair,smoke_001,30.400,304,CA,smoke_pair|smoke_001|CA|8|304,8,,,,0
synthetic,smoke_pair,smoke_pair,test,smoke_pair,smoke_001,30.400,304,CB,smoke_pair|smoke_001|CB|8|304,8,,,,0
synthetic,smoke_pair,smoke_pair,test,smoke_pair,smoke_001,30.500,305,CA,smoke_pair|smoke_001|CA|1|305,1,,,,0
synthetic,smoke_pair,smoke_pair,test,smoke_pair,smoke_001,30.500,305,CB,smoke_pair|smoke_001|CB|1|305,1,,,,0
synthetic,smoke_pair,smoke_pair,test,smoke_pair,smoke_001,30.500,305,CA,smoke_pair|smoke_001|CA|2|305,2,,,,0
synthetic,smoke_pair,smoke_pair,test,smoke_pair,smoke_001,30.500,305,CB,smoke_pair|smoke_001|CB|2|305,2,,,,0
synthetic,smoke_pair,smoke_pair,test,smoke_pair,smoke_001,30.500,305,CA,smoke_pair|smoke_001|CA|3|305,3,,,,0
synthetic,smoke_pair,smoke_pair,test,smoke_pair,smoke_001,30.500,305,CB,smoke_pair|smoke_001|CB|3|305,3,,,,0
synthetic,smoke_pair,smoke_pair,test,smoke_pair,smoke_001,30.500,305,CA,smoke_pair|smoke_001|CA|4|305,4,,,,0
synthetic,smoke_pair,smoke_pair,test,smoke_pair,smoke_001,30.500,305,CB,smoke_pair|smoke_001|CB|4|305,4,,,,0
synthetic,smoke_pair,smoke_pair,test,smoke_pair,smoke_001,30.500,305,CA,smoke_pair|smoke_001|CA|5|305,5,,,,0
synthetic,smoke_pair,smoke_pair,test,smoke_pair,smoke_001,30.500,305,CB,smoke_pair|smoke_001|CB|5|305,5,,,,0
synthetic,smoke_pair,smoke_pair,test,smoke_pair,smoke_001,30.500,305,CA,smoke_pair|smoke_001|CA|6|305,6,,,,0
synthetic,smoke_pair,smoke_pair,test,smoke_pair,smoke_001,30.500,305,CB,smoke_pair|smoke_001|CB|6|305,6,,,,0
synthetic,smoke_pair,smoke_pair,test,smoke_pair,smoke_001,30.500,305,CA,smoke_pair|smoke_001|CA|7|305,7,,,,0
synthetic,smoke_pair,smoke_pair,test,smoke_pair,smoke_001,30.500,305,CB,smoke_pair|smoke_001|CB|7|305,7,,,,0
synthetic,smoke_pair,smoke_pair,test,smoke_pair,smoke_001,30.500,305,CA,smoke_pair|smoke_001|CA|8|305,8,,,,0
synthetic,smoke_pair,smoke_pair,test,smoke_pair,smoke_001,30.500,305,CB,smoke_pair|smoke_001|CB|8|305,8,,,,0
synthetic,smoke_pair,smoke_pair,test,smoke_pair,smoke_001,30.600,306,CA,smoke_pair|smoke_001|CA|1|306,1,,,,0
synthetic,smoke_pair,smoke_pair,test,smoke_pair,smoke_001,30.600,306,CB,smoke_pair|smoke_001|CB|1|306,1,,,,0
synthetic,smoke_pair,smoke_pair,test,smoke_pair,smoke_001,30.600,306,CA,smoke_pair|smoke_001|CA|2|306,2,,,,0
synthetic,smoke_pair,smoke_pair,test,smoke_pair,smoke_001,30.600,306,CB,smoke_pair|smoke_001|CB|2|306,2,,,,0
synthetic,smoke_pair,smoke_pair,test,smoke_pair,smoke_001,30.600,306,CA,smoke_pair|smoke_001|CA|3|306,3,,,,0
synthetic,smoke_pair,smoke_pair,test,smoke_pair,smoke_001,30.600,306,CB,smoke_pair|smoke_001|CB|3|306,3,,,,0
synthetic,smoke_pair,smoke_pair,test,smoke_pair,smoke_001,30.600,306,CA,smoke_pair|smoke_001|CA|4|306,4,,,,0
synthetic,smoke_pair,smoke_pair,test,smoke_pair,smoke_001,30.600,306,CB,smoke_pair|smoke_001|CB|4|306,4,,,,0
synthetic,smoke_pair,smoke_pair,test,smoke_pair,smoke_001,30.600,306,CA,smoke_pair|smoke_001|CA|5|306,5,,,,0
synthetic,smoke_pair,smoke_pair,test,smoke_pair,smoke_001,30.600,306,CB,smoke_pair|smoke_001|CB|5|306,5,,,,0
synthetic,smoke_pair,smoke_pair,test,smoke_pair,smoke_001,30.600,306,CA,smoke_pair|smoke_001|CA|6|306,6,,,,0
synthetic,smoke_pair,smoke_pair,test,smoke_pair,smoke_001,30.600,306,CB,smoke_pair|smoke_001|CB|6|306,6,,,,0
synthetic,smoke_pair,smoke_pair,test,smoke_pair,smoke_001,30.600,306,CA,smoke_pair|smoke_001|CA|7|306,7,,,,0
synthetic,smoke_pair,smoke_pair,test,smoke_pair,smoke_001,30.600,306,CB,smoke_pair|smoke_001|CB|7|306,7,,,,0
synthetic,smoke_pair,smoke_pair,test,smoke_pair,smoke_001,30.600,306,CA,smoke_pair|smoke_001|CA|8|306,8,,,,0
synthetic,smoke_pair,smoke_pair,test,smoke_pair,smoke_001,30.600,306,CB,smoke_pair|smoke_001|CB|8|306,8,,,,0
synthetic,smoke_pair,smoke_pair,test,smoke_pair,smoke_001,30.700,307,CA,smoke_pair|smoke_001|CA|1|307,1,,,,0
synthetic,smoke_pair,smoke_pair,test,smoke_pair,smoke_001,30.700,307,CB,smoke_pair|smoke_001|CB|1|307,1,,,,0
synthetic,smoke_pair,smoke_pair,test,smoke_pair,smoke_001,30.700,307,CA,smoke_pair|smoke_001|CA|2|307,2,,,,0
synthetic,smoke_pair,smoke_pair,test,smoke_pair,smoke_001,30.700,307,CB,smoke_pair|smoke_001|CB|2|307,2,,,,0
synthetic,smoke_pair,smoke_pair,test,smoke_pair,smoke_001,30.700,307,CA,smoke_pair|smoke_001|CA|3|307,3,,,,0
synthetic,smoke_pair,smoke_pair,test,smoke_pair,smoke_001,30.700,307,CB,smoke_pair|smoke_001|CB|3|307,3,,,,0
synthetic,smoke_pair,smoke_pair,test,smoke_pair,smoke_001,30.700,307,CA,smoke_pair|smoke_001|CA|4|307,4,,,,0
synthetic,smoke_pair,smoke_pair,test,smoke_pair,smoke_001,30.700,307,CB,smoke_pair|smoke_001|CB|4|307,4,,,,0
synthetic,smoke_pair,smoke_pair,test,smoke_pair,smoke_001,30.700,307,CA,smoke_pair|smoke_001|CA|5|307,5,,,,0
synthetic,smoke_pair,smoke_pair,test,smoke_pair,smoke_001,30.700,307,CB,smoke_pair|smoke_001|CB|5|307,5,,,,0
synthetic,smoke_pair,smoke_pair,test,smoke_pair,smoke_001,30.700,307,CA,smoke_pair|smoke_001|CA|6|307,6,,,,0
synthetic,smoke_pair,smoke_pair,test,smoke_pair,smoke_001,30.700,307,CB,smoke_pair|smoke_001|CB|6|307,6,,,,0
synthetic,smoke_pair,smoke_pair,test,smoke_pair,smoke_001,30.700,307,CA,smoke_pair|smoke_001|CA|7|307,7,,,,0
synthetic,smoke_pair,smoke_pair,test,smoke_pair,smoke_001,30.700,307,CB,smoke_pair|smoke_001|CB|7|307,7,,,,0
synthetic,smoke_pair,smoke_pair,test,smoke_pair,smoke_001,30.700,307,CA,smoke_pair|smoke_001|CA|8|307,8,,,,0
synthetic,smoke_pair,smoke_pair,test,smoke_pair,smoke_001,30.700,307,CB,smoke_pair|smoke_001|CB|8|307,8,,,,0
synthetic,smoke_pair,smoke_pair,test,smoke_pair,smoke_001,30.800,308,CA,smoke_pair|smoke_001|CA|1|308,1,,,,0
synthetic,smoke_pair,smoke_pair,test,smoke_pair,smoke_001,30.800,308,CB,smoke_pair|smoke_001|CB|1|308,1,,,,0
synthetic,smoke_pair,smoke_pair,test,smoke_pair,smoke_001,30.800,308,CA,smoke_pair|smoke_001|CA|2|308,2,,,,0
synthetic,smoke_pair,smoke_pair,test,smoke_pair,smoke_001,30.800,308,CB,smoke_pair|smoke_001|CB|2|308,2,,,,0
synthetic,smoke_pair,smoke_pair,test,smoke_pair,smoke_001,30.800,308,CA,smoke_pair|smoke_001|CA|3|308,3,,,,0
synthetic,smoke_pair,smoke_pair,test,smoke_pair,smoke_001,30.800,308,CB,smoke_pair|smoke_001|CB|3|308,3,,,,0
synthetic,smoke_pair,smoke_pair,test,smoke_pair,smoke_001,30.800,308,CA,smoke_pair|smoke_001|CA|4|308,4,,,,0
synthetic,smoke_pair,smoke_pair,test,smoke_pair,smoke_001,30.800,308,CB,smoke_pair|smoke_001|CB|4|308,4,,,,0
synthetic,smoke_pair,smoke_pair,test,smoke_pair,smoke_001,30.800,308,CA,smoke_pair|smoke_001|CA|5|308,5,,,,0
synthetic,smoke_pair,smoke_pair,test,smoke_pair,smoke_001,30.800,308,CB,smoke_pair|smoke_001|CB|5|308,5,,,,0
synthetic,smoke_pair,smoke_pair,test,smoke_pair,smoke_001,30.800,308,CA,smoke_pair|smoke_001|CA|6|308,6,,,,0
synthetic,smoke_pair,smoke_pair,test,smoke_pair,smoke_001,30.800,308,CB,smoke_pair|smoke_001|CB|6|308,6,,,,0
synthetic,smoke_pair,smoke_pair,test,smoke_pair,smoke_001,30.800,308,CA,smoke_pair|smoke_001|CA|7|308,7,,,,0
synthetic,smoke_pair,smoke_pair,test,smoke_pair,smoke_001,30.800,308,CB,smoke_pair|smoke_001|CB|7|308,7,,,,0
synthetic,smoke_pair,smoke_pair,test,smoke_pair,smoke_001,30.800,308,CA,smoke_pair|smoke_001|CA|8|308,8,,,,0
synthetic,smoke_pair,smoke_pair,test,smoke_pair,smoke_001,30.800,308,CB,smoke_pair|smoke_001|CB|8|308,8,,,,0
synthetic,smoke_pair,smoke_pair,test,smoke_pair,smoke_001,30.900,309,CA,smoke_pair|smoke_001|CA|1|309,1,,,,0
synthetic,smoke_pair,smoke_pair,test,smoke_pair,smoke_001,30.900,309,CB,smoke_pair|smoke_001|CB|1|309,1,,,,0
synthetic,smoke_pair,smoke_pair,test,smoke_pair,smoke_001,30.900,309,CA,smoke_pair|smoke_001|CA|2|309,2,,,,0
synthetic,smoke_pair,smoke_pair,test,smoke_pair,smoke_001,30.900,309,CB,smoke_pair|smoke_001|CB|2|309,2,,,,0
synthetic,smoke_pair,smoke_pair,test,smoke_pair,smoke_001,30.900,309,CA,smoke_pair|smoke_001|CA|3|309,3,,,,0
synthetic,smoke_pair,smoke_pair,test,smoke_pair,smoke_001,30.900,309,CB,smoke_pair|smoke_001|CB|3|309,3,,,,0
synthetic,smoke_pair,smoke_pair,test,smoke_pair,smoke_001,30.900,309,CA,smoke_pair|smoke_001|CA|4|309,4,,,,0
synthetic,smoke_pair,smoke_pair,test,smoke_pair,smoke_001,30.900,309,CB,smoke_pair|smoke_001|CB|4|309,4,,,,0
synthetic,smoke_pair,smoke_pair,test,smoke_pair,smoke_001,30.900,309,CA,smoke_pair|smoke_001|CA|5|309,5,,,,0
synthetic,smoke_pair,smoke_pair,test,smoke_pair,smoke_001,30.900,309,CB,smoke_pair|smoke_001|CB|5|309,5,,,,0
synthetic,smoke_pair,smoke_pair,test,smoke_pair,smoke_001,30.900,309,CA,smoke_pair|smoke_001|CA|6|309,6,,,,0
synthetic,smoke_pair,smoke_pair,test,smoke_pair,smoke_001,30.900,309,CB,smoke_pair|smoke_001|CB|6|309,6,,,,0
synthetic,smoke_pair,smoke_pair,test,smoke_pair,smoke_001,30.900,309,CA,smoke_pair|smoke_001|CA|7|309,7,,,,0
synthetic,smoke_pair,smoke_pair,test,smoke_pair,smoke_001,30.900,309,CB,smoke_pair|smoke_001|CB|7|309,7,,,,0
synthetic,smoke_pair,smoke_pair,test,smoke_pair,smoke_001,30.900,309,CA,smoke_pair|smoke_001|CA|8|309,8,,,,0
synthetic,smoke_pair,smoke_pair,test,smoke_pair,smoke_001,30.900,309,CB,smoke_pair|smoke_001|CB|8|309,8,,,,0
synthetic,smoke_pair,smoke_pair,test,smoke_pair,smoke_001,31.000,310,CA,smoke_pair|smoke_001|CA|1|310,1,,,,0
synthetic,smoke_pair,smoke_pair,test,smoke_pair,smoke_001,31.000,310,CB,smoke_pair|smoke_001|CB|1|310,1,,,,0
synthetic,smoke_pair,smoke_pair,test,smoke_pair,smoke_001,31.000,310,CA,smoke_pair|smoke_001|CA|2|310,2,,,,0
synthetic,smoke_pair,smoke_pair,test,smoke_pair,smoke_001,31.000,310,CB,smoke_pair|smoke_001|CB|2|310,2,,,,0
synthetic,smoke_pair,smoke_pair,test,smoke_pair,smoke_001,31.000,310,CA,smoke_pair|smoke_001|CA|3|310,3,,,,0
synthetic,smoke_pair,smoke_pair,test,smoke_pair,smoke_001,31.000,310,CB,smoke_pair|smoke_001|CB|3|310,3,,,,0
synthetic,smoke_pair,smoke_pair,test,smoke_pair,smoke_001,31.000,310,CA,smoke_pair|smoke_001|CA|4|310,4,,,,0
synthetic,smoke_pair,smoke_pair,test,smoke_pair,smoke_001,31.000,310,CB,smoke_pair|smoke_001|CB|4|310,4,,,,0
synthetic,smoke_pair,smoke_pair,test,smoke_pair,smoke_001,31.000,310,CA,smoke_pair|smoke_001|CA|5|310,5,,,,0
synthetic,smoke_pair,smoke_pair,test,smoke_pair,smoke_001,31.000,310,CB,smoke_pair|smoke_001|CB|5|310,5,,,,0
synthetic,smoke_pair,smoke_pair,test,smoke_pair,smoke_001,31.000,310,CA,smoke_pair|smoke_001|CA|6|310,6,,,,0
synthetic,smoke_pair,smoke_pair,test,smoke_pair,smoke_001,31.000,310,CB,smoke_pair|smoke_001|CB|6|310,6,,,,0
synthetic,smoke_pair,smoke_pair,test,smoke_pair,smoke_001,31.000,310,CA,smoke_pair|smoke_001|CA|7|310,7,,,,0
synthetic,smoke_pair,smoke_pair,test,smoke_pair,smoke_001,31.000,310,CB,smoke_pair|smoke_001|CB|7|310,7,,,,0
synthetic,smoke_pair,smoke_pair,test,smoke_pair,smoke_001,31.000,310,CA,smoke_pair|smoke_001|CA|8|310,8,,,,0
synthetic,smoke_pair,smoke_pair,test,smoke_pair,smoke_001,31.000,310,CB,smoke_pair|smoke_001|CB|8|310,8,,,,0
synthetic,smoke_pair,smoke_pair,test,smoke_pair,smoke_001,31.100,311,CA,smoke_pair|smoke_001|CA|1|311,1,,,,0
synthetic,smoke_pair,smoke_pair,test,smoke_pair,smoke_001,31.100,311,CB,smoke_pair|smoke_001|CB|1|311,1,,,,0
synthetic,smoke_pair,smoke_pair,test,smoke_pair,smoke_001,31.100,311,CA,smoke_pair|smoke_001|CA|2|311,2,,,,0
synthetic,smoke_pair,smoke_pair,test,smoke_pair,smoke_001,31.100,311,CB,smoke_pair|smoke_001|CB|2|311,2,,,,0
synthetic,smoke_pair,smoke_pair,test,smoke_pair,smoke_001,31.100,311,CA,smoke_pair|smoke_001|CA|3|311,3,,,,0
synthetic,smoke_pair,smoke_pair,test,smoke_pair,smoke_001,31.100,311,CB,smoke_pair|smoke_001|CB|3|311,3,,,,0
synthetic,smoke_pair,smoke_pair,test,smoke_pair,smoke_001,31.100,311,CA,smoke_pair|smoke_001|CA|4|311,4,,,,0
synthetic,smoke_pair,smoke_pair,test,smoke_pair,smoke_001,31.100,311,CB,smoke_pair|smoke_001|CB|4|311,4,,,,0
synthetic,smoke_pair,smoke_pair,test,smoke_pair,smoke_001,31.100,311,CA,smoke_pair|smoke_001|CA|5|311,5,,,,0
synthetic,smoke_pair,smoke_pair,test,smoke_pair,smoke_001,31.100,311,CB,smoke_pair|smoke_001|CB|5|311,5,,,,0
synthetic,smoke_pair,smoke_pair,test,smoke_pair,smoke_001,31.100,311,CA,smoke_pair|smoke_001|CA|6|311,6,,,,0
synthetic,smoke_pair,smoke_pair,test,smoke_pair,smoke_001,31.100,311,CB,smoke_pair|smoke_001|CB|6|311,6,,,,0
synthetic,smoke_pair,smoke_pair,test,smoke_pair,smoke_001,31.100,311,CA,smoke_pair|smoke_001|CA|7|311,7,,,,0
synthetic,smoke_pair,smoke_pair,test,smoke_pair,smoke_001,31.100,311,CB,smoke_pair|smoke_001|CB|7|311,7,,,,0
synthetic,smoke_pair,smoke_pair,test,smoke_pair,smoke_001,31.100,311,CA,smoke_pair|smoke_001|CA|8|311,8,,,,0
synthetic,smoke_pair,smoke_pair,test,smoke_pair,smoke_001,31.100,311,CB,smoke_pair|smoke_001|CB|8|311,8,,,,0
synthetic,smoke_pair,smoke_pair,test,smoke_pair,smoke_001,31.200,312,CA,smoke_pair|smoke_001|CA|1|312,1,,,,0
synthetic,smoke_pair,smoke_pair,test,smoke_pair,smoke_001,31.200,312,CB,smoke_pair|smoke_001|CB|1|312,1,,,,0
synthetic,smoke_pair,smoke_pair,test,smoke_pair,smoke_001,31.200,312,CA,smoke_pair|smoke_001|CA|2|312,2,,,,0
synthetic,smoke_pair,smoke_pair,test,smoke_pair,smoke_001,31.200,312,CB,smoke_pair|smoke_001|CB|2|312,2,,,,0
synthetic,smoke_pair,smoke_pair,test,smoke_pair,smoke_001,31.200,312,CA,smoke_pair|smoke_001|CA|3|312,3,,,,0
synthetic,smoke_pair,smoke_pair,test,smoke_pair,smoke_001,31.200,312,CB,smoke_pair|smoke_001|CB|3|312,3,,,,0
synthetic,smoke_pair,smoke_pair,test,smoke_pair,smoke_001,31.200,312,CA,smoke_pair|smoke_001|CA|4|312,4,,,,0
synthetic,smoke_pair,smoke_pair,test,smoke_pair,smoke_001,31.200,312,CB,smoke_pair|smoke_001|CB|4|312,4,,,,0
synthetic,smoke_pair,smoke_pair,test,smoke_pair,smoke_001,31.200,312,CA,smoke_pair|smoke_001|CA|5|312,5,,,,0
synthetic,smoke_pair,smoke_pair,test,smoke_pair,smoke_001,31.200,312,CB,smoke_pair|smoke_001|CB|5|312,5,,,,0
synthetic,smoke_pair,smoke_pair,test,smoke_pair,smoke_001,31.200,312,CA,smoke_pair|smoke_001|CA|6|312,6,,,,0
synthetic,smoke_pair,smoke_pair,test,smoke_pair,smoke_001,31.200,312,CB,smoke_pair|smoke_001|CB|6|312,6,,,,0
synthetic,smoke_pair,smoke_pair,test,smoke_pair,smoke_001,31.200,312,CA,smoke_pair|smoke_001|CA|7|312,7,,,,0
synthetic,smoke_pair,smoke_pair,test,smoke_pair,smoke_001,31.200,312,CB,smoke_pair|smoke_001|CB|7|312,7,,,,0
synthetic,smoke_pair,smoke_pair,test,smoke_pair,smoke_001,31.200,312,CA,smoke_pair|smoke_001|CA|8|312,8,,,,0
synthetic,smoke_pair,smoke_pair,test,smoke_pair,smoke_001,31.200,312,CB,smoke_pair|smoke_001|CB|8|312,8,,,,0
synthetic,smoke_pair,smoke_pair,test,smoke_pair,smoke_001,31.300,313,CA,smoke_pair|smoke_001|CA|1|313,1,,,,0
synthetic,smoke_pair,smoke_pair,test,smoke_pair,smoke_001,31.300,313,CB,smoke_pair|smoke_001|CB|1|313,1,,,,0
synthetic,smoke_pair,smoke_pair,test,smoke_pair,smoke_001,31.300,313,CA,smoke_pair|smoke_001|CA|2|313,2,,,,0
synthetic,smoke_pair,smoke_pair,test,smoke_pair,smoke_001,31.300,313,CB,smoke_pair|smoke_001|CB|2|313,2,,,,0
synthetic,smoke_pair,smoke_pair,test,smoke_pair,smoke_001,31.300,313,CA,smoke_pair|smoke_001|CA|3|313,3,,,,0
synthetic,smoke_pair,smoke_pair,test,smoke_pair,smoke_001,31.300,313,CB,smoke_pair|smoke_001|CB|3|313,3,,,,0
synthetic,smoke_pair,smoke_pair,test,smoke_pair,smoke_001,31.300,313,CA,smoke_pair|smoke_001|CA|4|313,4,,,,0
synthetic,smoke_pair,smoke_pair,test,smoke_pair,smoke_001,31.300,313,CB,smoke_pair|smoke_001|CB|4|313,4,,,,0
synthetic,smoke_pair,smoke_pair,test,smoke_pair,smoke_001,31.300,313,CA,smoke_pair|smoke_001|CA|5|313,5,,,,0
synthetic,smoke_pair,smoke_pair,test,smoke_pair,smoke_001,31.300,313,CB,smoke_pair|smoke_001|CB|5|313,5,,,,0
synthetic,smoke_pair,smoke_pair,test,smoke_pair,smoke_001,31.300,313,CA,smoke_pair|smoke_001|CA|6|313,6,,,,0
synthetic,smoke_pair,smoke_pair,test,smoke_pair,smoke_001,31.300,313,CB,smoke_pair|smoke_001|CB|6|313,6,,,,0
synthetic,smoke_pair,smoke_pair,test,smoke_pair,smoke_001,31.300,313,CA,smoke_pair|smoke_001|CA|7|313,7,,,,0
synthetic,smoke_pair,smoke_pair,test,smoke_pair,smoke_001,31.300,313,CB,smoke_pair|smoke_001|CB|7|313,7,,,,0
synthetic,smoke_pair,smoke_pair,test,smoke_pair,smoke_001,31.300,313,CA,smoke_pair|smoke_001|CA|8|313,8,,,,0
synthetic,smoke_pair,smoke_pair,test,smoke_pair,smoke_001,31.300,313,CB,smoke_pair|smoke_001|CB|8|313,8,,,,0
synthetic,smoke_pair,smoke_pair,test,smoke_pair,smoke_001,31.400,314,CA,smoke_pair|smoke_001|CA|1|314,1,,,,0
synthetic,smoke_pair,smoke_pair,test,smoke_pair,smoke_001,31.400,314,CB,smoke_pair|smoke_001|CB|1|314,1,,,,0
synthetic,smoke_pair,smoke_pair,test,smoke_pair,smoke_001,31.400,314,CA,smoke_pair|smoke_001|CA|2|314,2,,,,0
synthetic,smoke_pair,smoke_pair,test,smoke_pair,smoke_001,31.400,314,CB,smoke_pair|smoke_001|CB|2|314,2,,,,0
synthetic,smoke_pair,smoke_pair,test,smoke_pair,smoke_001,31.400,314,CA,smoke_pair|smoke_001|CA|3|314,3,,,,0
synthetic,smoke_pair,smoke_pair,test,smoke_pair,smoke_001,31.400,314,CB,smoke_pair|smoke_001|CB|3|314,3,,,,0
synthetic,smoke_pair,smoke_pair,test,smoke_pair,smoke_001,31.400,314,CA,smoke_pair|smoke_001|CA|4|314,4,,,,0
synthetic,smoke_pair,smoke_pair,test,smoke_pair,smoke_001,31.400,314,CB,smoke_pair|smoke_001|CB|4|314,4,,,,0
synthetic,smoke_pair,smoke_pair,test,smoke_pair,smoke_001,31.400,314,CA,smoke_pair|smoke_001|CA|5|314,5,,,,0
synthetic,smoke_pair,smoke_pair,test,smoke_pair,smoke_001,31.400,314,CB,smoke_pair|smoke_001|CB|5|314,5,,,,0
synthetic,smoke_pair,smoke_pair,test,smoke_pair,smoke_001,31.400,314,CA,smoke_pair|smoke_001|CA|6|314,6,,,,0
synthetic,smoke_pair,smoke_pair,test,smoke_pair,smoke_001,31.400,314,CB,smoke_pair|smoke_001|CB|6|314,6,,,,0
synthetic,smoke_pair,smoke_pair,test,smoke_pair,smoke_001,31.400,314,CA,smoke_pair|smoke_001|CA|7|314,7,,,,0
synthetic,smoke_pair,smoke_pair,test,smoke_pair,smoke_001,31.400,314,CB,smoke_pair|smoke_001|CB|7|314,7,,,,0
synthetic,smoke_pair,smoke_pair,test,smoke_pair,smoke_001,31.400,314,CA,smoke_pair|smoke_001|CA|8|314,8,,,,0
synthetic,smoke_pair,smoke_pair,test,smoke_pair,smoke_001,31.400,314,CB,smoke_pair|smoke_001|CB|8|314,8,,,,0
synthetic,smoke_pair,smoke_pair,test,smoke_pair,smoke_001,31.500,315,CA,smoke_pair|smoke_001|CA|1|315,1,,,,0
synthetic,smoke_pair,smoke_pair,test,smoke_pair,smoke_001,31.500,315,CB,smoke_pair|smoke_001|CB|1|315,1,,,,0
synthetic,smoke_pair,smoke_pair,test,smoke_pair,smoke_001,31.500,315,CA,smoke_pair|smoke_001|CA|2|315,2,,,,0
synthetic,smoke_pair,smoke_pair,test,smoke_pair,smoke_001,31.500,315,CB,smoke_pair|smoke_001|CB|2|315,2,,,,0
synthetic,smoke_pair,smoke_pair,test,smoke_pair,smoke_001,31.500,315,CA,smoke_pair|smoke_001|CA|3|315,3,,,,0
synthetic,smoke_pair,smoke_pair,test,smoke_pair,smoke_001,31.500,315,CB,smoke_pair|smoke_001|CB|3|315,3,,,,0
synthetic,smoke_pair,smoke_pair,test,smoke_pair,smoke_001,31.500,315,CA,smoke_pair|smoke_001|CA|4|315,4,,,,0
synthetic,smoke_pair,smoke_pair,test,smoke_pair,smoke_001,31.500,315,CB,smoke_pair|smoke_001|CB|4|315,4,,,,0
synthetic,smoke_pair,smoke_pair,test,smoke_pair,smoke_001,31.500,315,CA,smoke_pair|smoke_001|CA|5|315,5,,,,0
synthetic,smoke_pair,smoke_pair,test,smoke_pair,smoke_001,31.500,315,CB,smoke_pair|smoke_001|CB|5|315,5,,,,0
synthetic,smoke_pair,smoke_pair,test,smoke_pair,smoke_001,31.500,315,CA,smoke_pair|smoke_001|CA|6|315,6,,,,0
synthetic,smoke_pair,smoke_pair,test,smoke_pair,smoke_001,31.500,315,CB,smoke_pair|smoke_001|CB|6|315,6,,,,0
synthetic,smoke_pair,smoke_pair,test,smoke_pair,smoke_001,31.500,315,CA,smoke_pair|smoke_001|CA|7|315,7,,,,0
synthetic,smoke_pair,smoke_pair,test,smoke_pair,smoke_001,31.500,315,CB,smoke_pair|smoke_001|CB|7|315,7,,,,0
synthetic,smoke_pair,smoke_pair,test,smoke_pair,smoke_001,31.500,315,CA,smoke_pair|smoke_001|CA|8|315,8,,,,0
synthetic,smoke_pair,smoke_pair,test,smoke_pair,smoke_001,31.500,315,CB,smoke_pair|smoke_001|CB|8|315,8,,,,0
synthetic,smoke_pair,smoke_pair,test,smoke_pair,smoke_001,31.600,316,CA,smoke_pair|smoke_001|CA|1|316,1,,,,0
synthetic,smoke_pair,smoke_pair,test,smoke_pair,smoke_001,31.600,316,CB,smoke_pair|smoke_001|CB|1|316,1,,,,0
synthetic,smoke_pair,smoke_pair,test,smoke_pair,smoke_001,31.600,316,CA,smoke_pair|smoke_001|CA|2|316,2,,,,0
synthetic,smoke_pair,smoke_pair,test,smoke_pair,smoke_001,31.600,316,CB,smoke_pair|smoke_001|CB|2|316,2,,,,0
synthetic,smoke_pair,smoke_pair,test,smoke_pair,smoke_001,31.600,316,CA,smoke_pair|smoke_001|CA|3|316,3,,,,0
synthetic,smoke_pair,smoke_pair,test,smoke_pair,smoke_001,31.600,316,CB,smoke_pair|smoke_001|CB|3|316,3,,,,0
synthetic,smoke_pair,smoke_pair,test,smoke_pair,smoke_001,31.600,316,CA,smoke_pair|smoke_001|CA|4|316,4,,,,0
synthetic,smoke_pair,smoke_pair,test,smoke_pair,smoke_001,31.600,316,CB,smoke_pair|smoke_001|CB|4|316,4,,,,0
synthetic,smoke_pair,smoke_pair,test,smoke_pair,smoke_001,31.600,316,CA,smoke_pair|smoke_001|CA|5|316,5,,,,0
synthetic,smoke_pair,smoke_pair,test,smoke_pair,smoke_001,31.600,316,CB,smoke_pair|smoke_001|CB|5|316,5,,,,0
synthetic,smoke_pair,smoke_pair,test,smoke_pair,smoke_001,31.600,316,CA,smoke_pair|smoke_001|CA|6|316,6,,,,0
synthetic,smoke_pair,smoke_pair,test,smoke_pair,smoke_001,31.600,316,CB,smoke_pair|smoke_001|CB|6|316,6,,,,0
synthetic,smoke_pair,smoke_pair,test,smoke_pair,smoke_001,31.600,316,CA,smoke_pair|smoke_001|CA|7|316,7,,,,0
synthetic,smoke_pair,smoke_pair,test,smoke_pair,smoke_001,31.600,316,CB,smoke_pair|smoke_001|CB|7|316,7,,,,0
synthetic,smoke_pair,smoke_pair,test,smoke_pair,smoke_001,31.600,316,CA,smoke_pair|smoke_001|CA|8|316,8,,,,0
synthetic,smoke_pair,smoke_pair,test,smoke_pair,smoke_001,31.600,316,CB,smoke_pair|smoke_001|CB|8|316,8,,,,0
synthetic,smoke_pair,smoke_pair,test,smoke_pair,smoke_001,31.700,317,CA,smoke_pair|smoke_001|CA|1|317,1,,,,0
synthetic,smoke_pair,smoke_pair,test,smoke_pair,smoke_001,31.700,317,CB,smoke_pair|smoke_001|CB|1|317,1,,,,0
synthetic,smoke_pair,smoke_pair,test,smoke_pair,smoke_001,31.700,317,CA,smoke_pair|smoke_001|CA|2|317,2,,,,0
synthetic,smoke_pair,smoke_pair,test,smoke_pair,smoke_001,31.700,317,CB,smoke_pair|smoke_001|CB|2|317,2,,,,0
synthetic,smoke_pair,smoke_pair,test,smoke_pair,smoke_001,31.700,317,CA,smoke_pair|smoke_001|CA|3|317,3,,,,0
synthetic,smoke_pair,smoke_pair,test,smoke_pair,smoke_001,31.700,317,CB,smoke_pair|smoke_001|CB|3|317,3,,,,0
synthetic,smoke_pair,smoke_pair,test,smoke_pair,smoke_001,31.700,317,CA,smoke_pair|smoke_001|CA|4|317,4,,,,0
synthetic,smoke_pair,smoke_pair,test,smoke_pair,smoke_001,31.700,317,CB,smoke_pair|smoke_001|CB|4|317,4,,,,0
synthetic,smoke_pair,smoke_pair,test,smoke_pair,smoke_001,31.700,317,CA,smoke_pair|smoke_001|CA|5|317,5,,,,0
synthetic,smoke_pair,smoke_pair,test,smoke_pair,smoke_001,31.700,317,CB,smoke_pair|smoke_001|CB|5|317,5,,,,0
synthetic,smoke_pair,smoke_pair,test,smoke_pair,smoke_001,31.700,317,CA,smoke_pair|smoke_001|CA|6|317,6,,,,0
synthetic,smoke_pair,smoke_pair,test,smoke_pair,smoke_001,31.700,317,CB,smoke_pair|smoke_001|CB|6|317,6,,,,0
synthetic,smoke_pair,smoke_pair,test,smoke_pair,smoke_001,31.700,317,CA,smoke_pair|smoke_001|CA|7|317,7,,,,0
synthetic,smoke_pair,smoke_pair,test,smoke_pair,smoke_001,31.700,317,CB,smoke_pair|smoke_001|CB|7|317,7,,,,0
synthetic,smoke_pair,smoke_pair,test,smoke_pair,smoke_001,31.700,317,CA,smoke_pair|smoke_001|CA|8|317,8,,,,0
synthetic,smoke_pair,smoke_pair,test,smoke_pair,smoke_001,31.700,317,CB,smoke_pair|smoke_001|CB|8|317,8,,,,0
synthetic,smoke_pair,smoke_pair,test,smoke_pair,smoke_001,31.800,318,CA,smoke_pair|smoke_001|CA|1|318,1,,,,0
synthetic,smoke_pair,smoke_pair,test,smoke_pair,smoke_001,31.800,318,CB,smoke_pair|smoke_001|CB|1|318,1,,,,0
synthetic,smoke_pair,smoke_pair,test,smoke_pair,smoke_001,31.800,318,CA,smoke_pair|smoke_001|CA|2|318,2,,,,0
synthetic,smoke_pair,smoke_pair,test,smoke_pair,smoke_001,31.800,318,CB,smoke_pair|smoke_001|CB|2|318,2,,,,0
synthetic,smoke_pair,smoke_pair,test,smoke_pair,smoke_001,31.800,318,CA,smoke_pair|smoke_001|CA|3|318,3,,,,0
synthetic,smoke_pair,smoke_pair,test,smoke_pair,smoke_001,31.800,318,CB,smoke_pair|smoke_001|CB|3|318,3,,,,0
synthetic,smoke_pair,smoke_pair,test,smoke_pair,smoke_001,31.800,318,CA,smoke_pair|smoke_001|CA|4|318,4,,,,0
synthetic,smoke_pair,smoke_pair,test,smoke_pair,smoke_001,31.800,318,CB,smoke_pair|smoke_001|CB|4|318,4,,,,0
synthetic,smoke_pair,smoke_pair,test,smoke_pair,smoke_001,31.800,318,CA,smoke_pair|smoke_001|CA|5|318,5,,,,0
synthetic,smoke_pair,smoke_pair,test,smoke_pair,smoke_001,31.800,318,CB,smoke_pair|smoke_001|CB|5|318,5,,,,0
synthetic,smoke_pair,smoke_pair,test,smoke_pair,smoke_001,31.800,318,CA,smoke_pair|smoke_001|CA|6|318,6,,,,0
synthetic,smoke_pair,smoke_pair,test,smoke_pair,smoke_001,31.800,318,CB,smoke_pair|smoke_001|CB|6|318,6,,,,0
synthetic,smoke_pair,smoke_pair,test,smoke_pair,smoke_001,31.800,318,CA,smoke_pair|smoke_001|CA|7|318,7,,,,0
synthetic,smoke_pair,smoke_pair,test,smoke_pair,smoke_001,31.800,318,CB,smoke_pair|smoke_001|CB|7|318,7,,,,0
synthetic,smoke_pair,smoke_pair,test,smoke_pair,smoke_001,31.800,318,CA,smoke_pair|smoke_001|CA|8|318,8,,,,0
synthetic,smoke_pair,smoke_pair,test,smoke_pair,smoke_001,31.800,318,CB,smoke_pair|smoke_001|CB|8|318,8,,,,0
synthetic,smoke_pair,smoke_pair,test,smoke_pair,smoke_001,31.900,319,CA,smoke_pair|smoke_001|CA|1|319,1,,,,0
synthetic,smoke_pair,smoke_pair,test,smoke_pair,smoke_001,31.900,319,CB,smoke_pair|smoke_001|CB|1|319,1,,,,0
synthetic,smoke_pair,smoke_pair,test,smoke_pair,smoke_001,31.900,319,CA,smoke_pair|smoke_001|CA|2|319,2,,,,0
synthetic,smoke_pair,smoke_pair,test,smoke_pair,smoke_001,31.900,319,CB,smoke_pair|smoke_001|CB|2|319,2,,,,0
synthetic,smoke_pair,smoke_pair,test,smoke_pair,smoke_001,31.900,319,CA,smoke_pair|smoke_001|CA|3|319,3,,,,0
synthetic,smoke_pair,smoke_pair,test,smoke_pair,smoke_001,31.900,319,CB,smoke_pair|smoke_001|CB|3|319,3,,,,0
synthetic,smoke_pair,smoke_pair,test,smoke_pair,smoke_001,31.900,319,CA,smoke_pair|smoke_001|CA|4|319,4,,,,0
synthetic,smoke_pair,smoke_pair,test,smoke_pair,smoke_001,31.900,319,CB,smoke_pair|smoke_001|CB|4|319,4,,,,0
synthetic,smoke_pair,smoke_pair,test,smoke_pair,smoke_001,31.900,319,CA,smoke_pair|smoke_001|CA|5|319,5,,,,0
synthetic,smoke_pair,smoke_pair,test,smoke_pair,smoke_001,31.900,319,CB,smoke_pair|smoke_001|CB|5|319,5,,,,0
synthetic,smoke_pair,smoke_pair,test,smoke_pair,smoke_001,31.900,319,CA,smoke_pair|smoke_001|CA|6|319,6,,,,0
synthetic,smoke_pair,smoke_pair,test,smoke_pair,smoke_001,31.900,319,CB,smoke_pair|smoke_001|CB|6|319,6,,,,0
synthetic,smoke_pair,smoke_pair,test,smoke_pair,smoke_001,31.900,319,CA,smoke_pair|smoke_001|CA|7|319,7,,,,0
synthetic,smoke_pair,smoke_pair,test,smoke_pair,smoke_001,31.900,319,CB,smoke_pair|smoke_001|CB|7|319,7,,,,0
synthetic,smoke_pair,smoke_pair,test,smoke_pair,smoke_001,31.900,319,CA,smoke_pair|smoke_001|CA|8|319,8,,,,0
synthetic,smoke_pair,smoke_pair,test,smoke_pair,smoke_001,31.900,319,CB,smoke_pair|smoke_001|CB|8|319,8,,,,0
synthetic,smoke_pair,smoke_pair,test,smoke_pair,smoke_001,32.000,320,CA,smoke_pair|smoke_001|CA|1|320,1,,,,0
synthetic,smoke_pair,smoke_pair,test,smoke_pair,smoke_001,32.000,320,CB,smoke_pair|smoke_001|CB|1|320,1,,,,0
synthetic,smoke_pair,smoke_pair,test,smoke_pair,smoke_001,32.000,320,CA,smoke_pair|smoke_001|CA|2|320,2,,,,0
synthetic,smoke_pair,smoke_pair,test,smoke_pair,smoke_001,32.000,320,CB,smoke_pair|smoke_001|CB|2|320,2,,,,0
synthetic,smoke_pair,smoke_pair,test,smoke_pair,smoke_001,32.000,320,CA,smoke_pair|smoke_001|CA|3|320,3,,,,0
synthetic,smoke_pair,smoke_pair,test,smoke_pair,smoke_001,32.000,320,CB,smoke_pair|smoke_001|CB|3|320,3,,,,0
synthetic,smoke_pair,smoke_pair,test,smoke_pair,smoke_001,32.000,320,CA,smoke_pair|smoke_001|CA|4|320,4,,,,0
synthetic,smoke_pair,smoke_pair,test,smoke_pair,smoke_001,32.000,320,CB,smoke_pair|smoke_001|CB|4|320,4,,,,0
synthetic,smoke_pair,smoke_pair,test,smoke_pair,smoke_001,32.000,320,CA,smoke_pair|smoke_001|CA|5|320,5,,,,0
synthetic,smoke_pair,smoke_pair,test,smoke_pair,smoke_001,32.000,320,CB,smoke_pair|smoke_001|CB|5|320,5,,,,0
synthetic,smoke_pair,smoke_pair,test,smoke_pair,smoke_001,32.000,320,CA,smoke_pair|smoke_001|CA|6|320,6,,,,0
synthetic,smoke_pair,smoke_pair,test,smoke_pair,smoke_001,32.000,320,CB,smoke_pair|smoke_001|CB|6|320,6,,,,0
synthetic,smoke_pair,smoke_pair,test,smoke_pair,smoke_001,32.000,320,CA,smoke_pair|smoke_001|CA|7|320,7,,,,0
synthetic,smoke_pair,smoke_pair,test,smoke_pair,smoke_001,32.000,320,CB,smoke_pair|smoke_001|CB|7|320,7,,,,0
synthetic,smoke_pair,smoke_pair,test,smoke_pair,smoke_001,32.000,320,CA,smoke_pair|smoke_001|CA|8|320,8,,,,0
synthetic,smoke_pair,smoke_pair,test,smoke_pair,smoke_001,32.000,320,CB,smoke_pair|smoke_001|CB|8|320,8,,,,0
synthetic,smoke_pair,smoke_pair,test,smoke_pair,smoke_001,32.100,321,CA,smoke_pair|smoke_001|CA|1|321,1,,,,0
synthetic,smoke_pair,smoke_pair,test,smoke_pair,smoke_001,32.100,321,CB,smoke_pair|smoke_001|CB|1|321,1,,,,0
synthetic,smoke_pair,smoke_pair,test,smoke_pair,smoke_001,32.100,321,CA,smoke_pair|smoke_001|CA|2|321,2,,,,0
synthetic,smoke_pair,smoke_pair,test,smoke_pair,smoke_001,32.100,321,CB,smoke_pair|smoke_001|CB|2|321,2,,,,0
synthetic,smoke_pair,smoke_pair,test,smoke_pair,smoke_001,32.100,321,CA,smoke_pair|smoke_001|CA|3|321,3,,,,0
synthetic,smoke_pair,smoke_pair,test,smoke_pair,smoke_001,32.100,321,CB,smoke_pair|smoke_001|CB|3|321,3,,,,0
synthetic,smoke_pair,smoke_pair,test,smoke_pair,smoke_001,32.100,321,CA,smoke_pair|smoke_001|CA|4|321,4,,,,0
synthetic,smoke_pair,smoke_pair,test,smoke_pair,smoke_001,32.100,321,CB,smoke_pair|smoke_001|CB|4|321,4,,,,0
synthetic,smoke_pair,smoke_pair,test,smoke_pair,smoke_001,32.100,321,CA,smoke_pair|smoke_001|CA|5|321,5,,,,0
synthetic,smoke_pair,smoke_pair,test,smoke_pair,smoke_001,32.100,321,CB,smoke_pair|smoke_001|CB|5|321,5,,,,0
synthetic,smoke_pair,smoke_pair,test,smoke_pair,smoke_001,32.100,321,CA,smoke_pair|smoke_001|CA|6|321,6,,,,0
synthetic,smoke_pair,smoke_pair,test,smoke_pair,smoke_001,32.100,321,CB,smoke_pair|smoke_001|CB|6|321,6,,,,0
synthetic,smoke_pair,smoke_pair,test,smoke_pair,smoke_001,32.100,321,CA,smoke_pair|smoke_001|CA|7|321,7,,,,0
synthetic,smoke_pair,smoke_pair,test,smoke_pair,smoke_001,32.100,321,CB,smoke_pair|smoke_001|CB|7|321,7,,,,0
synthetic,smoke_pair,smoke_pair,test,smoke_pair,smoke_001,32.100,321,CA,smoke_pair|smoke_001|CA|8|321,8,,,,0
synthetic,smoke_pair,smoke_pair,test,smoke_pair,smoke_001,32.100,321,CB,smoke_pair|smoke_001|CB|8|321,8,,,,0
synthetic,smoke_pair,smoke_pair,test,smoke_pair,smoke_001,32.200,322,CA,smoke_pair|smoke_001|CA|1|322,1,,,,0
synthetic,smoke_pair,smoke_pair,test,smoke_pair,smoke_001,32.200,322,CB,smoke_pair|smoke_001|CB|1|322,1,,,,0
synthetic,smoke_pair,smoke_pair,test,smoke_pair,smoke_001,32.200,322,CA,smoke_pair|smoke_001|CA|2|322,2,,,,0
synthetic,smoke_pair,smoke_pair,test,smoke_pair,smoke_001,32.200,322,CB,smoke_pair|smoke_001|CB|2|322,2,,,,0
synthetic,smoke_pair,smoke_pair,test,smoke_pair,smoke_001,32.200,322,CA,smoke_pair|smoke_001|CA|3|322,3,,,,0
synthetic,smoke_pair,smoke_pair,test,smoke_pair,smoke_001,32.200,322,CB,smoke_pair|smoke_001|CB|3|322,3,,,,0
synthetic,smoke_pair,smoke_pair,test,smoke_pair,smoke_001,32.200,322,CA,smoke_pair|smoke_001|CA|4|322,4,,,,0
synthetic,smoke_pair,smoke_pair,test,smoke_pair,smoke_001,32.200,322,CB,smoke_pair|smoke_001|CB|4|322,4,,,,0
synthetic,smoke_pair,smoke_pair,test,smoke_pair,smoke_001,32.200,322,CA,smoke_pair|smoke_001|CA|5|322,5,,,,0
synthetic,smoke_pair,smoke_pair,test,smoke_pair,smoke_001,32.200,322,CB,smoke_pair|smoke_001|CB|5|322,5,,,,0
synthetic,smoke_pair,smoke_pair,test,smoke_pair,smoke_001,32.200,322,CA,smoke_pair|smoke_001|CA|6|322,6,,,,0
synthetic,smoke_pair,smoke_pair,test,smoke_pair,smoke_001,32.200,322,CB,smoke_pair|smoke_001|CB|6|322,6,,,,0
synthetic,smoke_pair,smoke_pair,test,smoke_pair,smoke_001,32.200,322,CA,smoke_pair|smoke_001|CA|7|322,7,,,,0
synthetic,smoke_pair,smoke_pair,test,smoke_pair,smoke_001,32.200,322,CB,smoke_pair|smoke_001|CB|7|322,7,,,,0
synthetic,smoke_pair,smoke_pair,test,smoke_pair,smoke_001,32.200,322,CA,smoke_pair|smoke_001|CA|8|322,8,,,,0
synthetic,smoke_pair,smoke_pair,test,smoke_pair,smoke_001,32.200,322,CB,smoke_pair|smoke_001|CB|8|322,8,,,,0
synthetic,smoke_pair,smoke_pair,test,smoke_pair,smoke_001,32.300,323,CA,smoke_pair|smoke_001|CA|1|323,1,,,,0
synthetic,smoke_pair,smoke_pair,test,smoke_pair,smoke_001,32.300,323,CB,smoke_pair|smoke_001|CB|1|323,1,,,,0
synthetic,smoke_pair,smoke_pair,test,smoke_pair,smoke_001,32.300,323,CA,smoke_pair|smoke_001|CA|2|323,2,,,,0
synthetic,smoke_pair,smoke_pair,test,smoke_pair,smoke_001,32.300,323,CB,smoke_pair|smoke_001|CB|2|323,2,,,,0
synthetic,smoke_pair,smoke_pair,test,smoke_pair,smoke_001,32.300,323,CA,smoke_pair|smoke_001|CA|3|323,3,,,,0
synthetic,smoke_pair,smoke_pair,test,smoke_pair,smoke_001,32.300,323,CB,smoke_pair|smoke_001|CB|3|323,3,,,,0
synthetic,smoke_pair,smoke_pair,test,smoke_pair,smoke_001,32.300,323,CA,smoke_pair|smoke_001|CA|4|323,4,,,,0
synthetic,smoke_pair,smoke_pair,test,smoke_pair,smoke_001,32.300,323,CB,smoke_pair|smoke_001|CB|4|323,4,,,,0
synthetic,smoke_pair,smoke_pair,test,smoke_pair,smoke_001,32.300,323,CA,smoke_pair|smoke_001|CA|5|323,5,,,,0
synthetic,smoke_pair,smoke_pair,test,smoke_pair,smoke_001,32.300,323,CB,smoke_pair|smoke_001|CB|5|323,5,,,,0
synthetic,smoke_pair,smoke_pair,test,smoke_pair,smoke_001,32.300,323,CA,smoke_pair|smoke_001|CA|6|323,6,,,,0
synthetic,smoke_pair,smoke_pair,test,smoke_pair,smoke_001,32.300,323,CB,smoke_pair|smoke_001|CB|6|323,6,,,,0
synthetic,smoke_pair,smoke_pair,test,smoke_pair,smoke_001,32.300,323,CA,smoke_pair|smoke_001|CA|7|323,7,,,,0
synthetic,smoke_pair,smoke_pair,test,smoke_pair,smoke_001,32.300,323,CB,smoke_pair|smoke_001|CB|7|323,7,,,,0
synthetic,smoke_pair,smoke_pair,test,smoke_pair,smoke_001,32.300,323,CA,smoke_pair|smoke_001|CA|8|323,8,,,,0
synthetic,smoke_pair,smoke_pair,test,smoke_pair,smoke_001,32.300,323,CB,smoke_pair|smoke_001|CB|8|323,8,,,,0
synthetic,smoke_pair,smoke_pair,test,smoke_pair,smoke_001,32.400,324,CA,smoke_pair|smoke_001|CA|1|324,1,,,,0
synthetic,smoke_pair,smoke_pair,test,smoke_pair,smoke_001,32.400,324,CB,smoke_pair|smoke_001|CB|1|324,1,,,,0
synthetic,smoke_pair,smoke_pair,test,smoke_pair,smoke_001,32.400,324,CA,smoke_pair|smoke_001|CA|2|324,2,,,,0
synthetic,smoke_pair,smoke_pair,test,smoke_pair,smoke_001,32.400,324,CB,smoke_pair|smoke_001|CB|2|324,2,,,,0
synthetic,smoke_pair,smoke_pair,test,smoke_pair,smoke_001,32.400,324,CA,smoke_pair|smoke_001|CA|3|324,3,,,,0
synthetic,smoke_pair,smoke_pair,test,smoke_pair,smoke_001,32.400,324,CB,smoke_pair|smoke_001|CB|3|324,3,,,,0
synthetic,smoke_pair,smoke_pair,test,smoke_pair,smoke_001,32.400,324,CA,smoke_pair|smoke_001|CA|4|324,4,,,,0
synthetic,smoke_pair,smoke_pair,test,smoke_pair,smoke_001,32.400,324,CB,smoke_pair|smoke_001|CB|4|324,4,,,,0
synthetic,smoke_pair,smoke_pair,test,smoke_pair,smoke_001,32.400,324,CA,smoke_pair|smoke_001|CA|5|324,5,,,,0
synthetic,smoke_pair,smoke_pair,test,smoke_pair,smoke_001,32.400,324,CB,smoke_pair|smoke_001|CB|5|324,5,,,,0
synthetic,smoke_pair,smoke_pair,test,smoke_pair,smoke_001,32.400,324,CA,smoke_pair|smoke_001|CA|6|324,6,,,,0
synthetic,smoke_pair,smoke_pair,test,smoke_pair,smoke_001,32.400,324,CB,smoke_pair|smoke_001|CB|6|324,6,,,,0
synthetic,smoke_pair,smoke_pair,test,smoke_pair,smoke_001,32.400,324,CA,smoke_pair|smoke_001|CA|7|324,7,,,,0
synthetic,smoke_pair,smoke_pair,test,smoke_pair,smoke_001,32.400,324,CB,smoke_pair|smoke_001|CB|7|324,7,,,,0
synthetic,smoke_pair,smoke_pair,test,smoke_pair,smoke_001,32.400,324,CA,smoke_pair|smoke_001|CA|8|324,8,,,,0
synthetic,smoke_pair,smoke_pair,test,smoke_pair,smoke_001,32.400,324,CB,smoke_pair|smoke_001|CB|8|324,8,,,,0
synthetic,smoke_pair,smoke_pair,test,smoke_pair,smoke_001,32.500,325,CA,smoke_pair|smoke_001|CA|1|325,1,,,,0
synthetic,smoke_pair,smoke_pair,test,smoke_pair,smoke_001,32.500,325,CB,smoke_pair|smoke_001|CB|1|325,1,,,,0
synthetic,smoke_pair,smoke_pair,test,smoke_pair,smoke_001,32.500,325,CA,smoke_pair|smoke_001|CA|2|325,2,,,,0
synthetic,smoke_pair,smoke_pair,test,smoke_pair,smoke_001,32.500,325,CB,smoke_pair|smoke_001|CB|2|325,2,,,,0
synthetic,smoke_pair,smoke_pair,test,smoke_pair,smoke_001,32.500,325,CA,smoke_pair|smoke_001|CA|3|325,3,,,,0
synthetic,smoke_pair,smoke_pair,test,smoke_pair,smoke_001,32.500,325,CB,smoke_pair|smoke_001|CB|3|325,3,,,,0
synthetic,smoke_pair,smoke_pair,test,smoke_pair,smoke_001,32.500,325,CA,smoke_pair|smoke_001|CA|4|325,4,,,,0
synthetic,smoke_pair,smoke_pair,test,smoke_pair,smoke_001,32.500,325,CB,smoke_pair|smoke_001|CB|4|325,4,,,,0
synthetic,smoke_pair,smoke_pair,test,smoke_pair,smoke_001,32.500,325,CA,smoke_pair|smoke_001|CA|5|325,5,,,,0
synthetic,smoke_pair,smoke_pair,test,smoke_pair,smoke_001,32.500,325,CB,smoke_pair|smoke_001|CB|5|325,5,,,,0
synthetic,smoke_pair,smoke_pair,test,smoke_pair,smoke_001,32.500,325,CA,smoke_pair|smoke_001|CA|6|325,6,,,,0
synthetic,smoke_pair,smoke_pair,test,smoke_pair,smoke_001,32.500,325,CB,smoke_pair|smoke_001|CB|6|325,6,,,,0
synthetic,smoke_pair,smoke_pair,test,smoke_pair,smoke_001,32.500,325,CA,smoke_pair|smoke_001|CA|7|325,7,,,,0
synthetic,smoke_pair,smoke_pair,test,smoke_pair,smoke_001,32.500,325,CB,smoke_pair|smoke_001|CB|7|325,7,,,,0
synthetic,smoke_pair,smoke_pair,test,smoke_pair,smoke_001,32.500,325,CA,smoke_pair|smoke_001|CA|8|325,8,,,,0
synthetic,smoke_pair,smoke_pair,test,smoke_pair,smoke_001,32.500,325,CB,smoke_pair|smoke_001|CB|8|325,8,,,,0
synthetic,smoke_pair,smoke_pair,test,smoke_pair,smoke_001,32.600,326,CA,smoke_pair|smoke_001|CA|1|326,1,,,,0
synthetic,smoke_pair,smoke_pair,test,smoke_pair,smoke_001,32.600,326,CB,smoke_pair|smoke_001|CB|1|326,1,,,,0
synthetic,smoke_pair,smoke_pair,test,smoke_pair,smoke_001,32.600,326,CA,smoke_pair|smoke_001|CA|2|326,2,,,,0
synthetic,smoke_pair,smoke_pair,test,smoke_pair,smoke_001,32.600,326,CB,smoke_pair|smoke_001|CB|2|326,2,,,,0
synthetic,smoke_pair,smoke_pair,test,smoke_pair,smoke_001,32.600,326,CA,smoke_pair|smoke_001|CA|3|326,3,,,,0
synthetic,smoke_pair,smoke_pair,test,smoke_pair,smoke_001,32.600,326,CB,smoke_pair|smoke_001|CB|3|326,3,,,,0
synthetic,smoke_pair,smoke_pair,test,smoke_pair,smoke_001,32.600,326,CA,smoke_pair|smoke_001|CA|4|326,4,,,,0
synthetic,smoke_pair,smoke_pair,test,smoke_pair,smoke_001,32.600,326,CB,smoke_pair|smoke_001|CB|4|326,4,,,,0
synthetic,smoke_pair,smoke_pair,test,smoke_pair,smoke_001,32.600,326,CA,smoke_pair|smoke_001|CA|5|326,5,,,,0
synthetic,smoke_pair,smoke_pair,test,smoke_pair,smoke_001,32.600,326,CB,smoke_pair|smoke_001|CB|5|326,5,,,,0
synthetic,smoke_pair,smoke_pair,test,smoke_pair,smoke_001,32.600,326,CA,smoke_pair|smoke_001|CA|6|326,6,,,,0
synthetic,smoke_pair,smoke_pair,test,smoke_pair,smoke_001,32.600,326,CB,smoke_pair|smoke_001|CB|6|326,6,,,,0
synthetic,smoke_pair,smoke_pair,test,smoke_pair,smoke_001,32.600,326,CA,smoke_pair|smoke_001|CA|7|326,7,,,,0
synthetic,smoke_pair,smoke_pair,test,smoke_pair,smoke_001,32.600,326,CB,smoke_pair|smoke_001|CB|7|326,7,,,,0
synthetic,smoke_pair,smoke_pair,test,smoke_pair,smoke_001,32.600,326,CA,smoke_pair|smoke_001|CA|8|326,8,,,,0
synthetic,smoke_pair,smoke_pair,test,smoke_pair,smoke_001,32.600,326,CB,smoke_pair|smoke_001|CB|8|326,8,,,,0
synthetic,smoke_pair,smoke_pair,test,smoke_pair,smoke_001,32.700,327,CA,smoke_pair|smoke_001|CA|1|327,1,,,,0
synthetic,smoke_pair,smoke_pair,test,smoke_pair,smoke_001,32.700,327,CB,smoke_pair|smoke_001|CB|1|327,1,,,,0
synthetic,smoke_pair,smoke_pair,test,smoke_pair,smoke_001,32.700,327,CA,smoke_pair|smoke_001|CA|2|327,2,,,,0
synthetic,smoke_pair,smoke_pair,test,smoke_pair,smoke_001,32.700,327,CB,smoke_pair|smoke_001|CB|2|327,2,,,,0
synthetic,smoke_pair,smoke_pair,test,smoke_pair,smoke_001,32.700,327,CA,smoke_pair|smoke_001|CA|3|327,3,,,,0
synthetic,smoke_pair,smoke_pair,test,smoke_pair,smoke_001,32.700,327,CB,smoke_pair|smoke_001|CB|3|327,3,,,,0
synthetic,smoke_pair,smoke_pair,test,smoke_pair,smoke_001,32.700,327,CA,smoke_pair|smoke_001|CA|4|327,4,,,,0
synthetic,smoke_pair,smoke_pair,test,smoke_pair,smoke_001,32.700,327,CB,smoke_pair|smoke_001|CB|4|327,4,,,,0
synthetic,smoke_pair,smoke_pair,test,smoke_pair,smoke_001,32.700,327,CA,smoke_pair|smoke_001|CA|5|327,5,,,,0
synthetic,smoke_pair,smoke_pair,test,smoke_pair,smoke_001,32.700,327,CB,smoke_pair|smoke_001|CB|5|327,5,,,,0
synthetic,smoke_pair,smoke_pair,test,smoke_pair,smoke_001,32.700,327,CA,smoke_pair|smoke_001|CA|6|327,6,,,,0
synthetic,smoke_pair,smoke_pair,test,smoke_pair,smoke_001,32.700,327,CB,smoke_pair|smoke_001|CB|6|327,6,,,,0
synthetic,smoke_pair,smoke_pair,test,smoke_pair,smoke_001,32.700,327,CA,smoke_pair|smoke_001|CA|7|327,7,,,,0
synthetic,smoke_pair,smoke_pair,test,smoke_pair,smoke_001,32.700,327,CB,smoke_pair|smoke_001|CB|7|327,7,,,,0
synthetic,smoke_pair,smoke_pair,test,smoke_pair,smoke_001,32.700,327,CA,smoke_pair|smoke_001|CA|8|327,8,,,,0
synthetic,smoke_pair,smoke_pair,test,smoke_pair,smoke_001,32.700,327,CB,smoke_pair|smoke_001|CB|8|327,8,,,,0
synthetic,smoke_pair,smoke_pair,test,smoke_pair,smoke_001,32.800,328,CA,smoke_pair|smoke_001|CA|1|328,1,,,,0
synthetic,smoke_pair,smoke_pair,test,smoke_pair,smoke_001,32.800,328,CB,smoke_pair|smoke_001|CB|1|328,1,,,,0
synthetic,smoke_pair,smoke_pair,test,smoke_pair,smoke_001,32.800,328,CA,smoke_pair|smoke_001|CA|2|328,2,,,,0
synthetic,smoke_pair,smoke_pair,test,smoke_pair,smoke_001,32.800,328,CB,smoke_pair|smoke_001|CB|2|328,2,,,,0
synthetic,smoke_pair,smoke_pair,test,smoke_pair,smoke_001,32.800,328,CA,smoke_pair|smoke_001|CA|3|328,3,,,,0
synthetic,smoke_pair,smoke_pair,test,smoke_pair,smoke_001,32.800,328,CB,smoke_pair|smoke_001|CB|3|328,3,,,,0
synthetic,smoke_pair,smoke_pair,test,smoke_pair,smoke_001,32.800,328,CA,smoke_pair|smoke_001|CA|4|328,4,,,,0
synthetic,smoke_pair,smoke_pair,test,smoke_pair,smoke_001,32.800,328,CB,smoke_pair|smoke_001|CB|4|328,4,,,,0
synthetic,smoke_pair,smoke_pair,test,smoke_pair,smoke_001,32.800,328,CA,smoke_pair|smoke_001|CA|5|328,5,,,,0
synthetic,smoke_pair,smoke_pair,test,smoke_pair,smoke_001,32.800,328,CB,smoke_pair|smoke_001|CB|5|328,5,,,,0
synthetic,smoke_pair,smoke_pair,test,smoke_pair,smoke_001,32.800,328,CA,smoke_pair|smoke_001|CA|6|328,6,,,,0
synthetic,smoke_pair,smoke_pair,test,smoke_pair,smoke_001,32.800,328,CB,smoke_pair|smoke_001|CB|6|328,6,,,,0
synthetic,smoke_pair,smoke_pair,test,smoke_pair,smoke_001,32.800,328,CA,smoke_pair|smoke_001|CA|7|328,7,,,,0
synthetic,smoke_pair,smoke_pair,test,smoke_pair,smoke_001,32.800,328,CB,smoke_pair|smoke_001|CB|7|328,7,,,,0
synthetic,smoke_pair,smoke_pair,test,smoke_pair,smoke_001,32.800,328,CA,smoke_pair|smoke_001|CA|8|328,8,,,,0
synthetic,smoke_pair,smoke_pair,test,smoke_pair,smoke_001,32.800,328,CB,smoke_pair|smoke_001|CB|8|328,8,,,,0
synthetic,smoke_pair,smoke_pair,test,smoke_pair,smoke_001,32.900,329,CA,smoke_pair|smoke_001|CA|1|329,1,,,,0
synthetic,smoke_pair,smoke_pair,test,smoke_pair,smoke_001,32.900,329,CB,smoke_pair|smoke_001|CB|1|329,1,,,,0
synthetic,smoke_pair,smoke_pair,test,smoke_pair,smoke_001,32.900,329,CA,smoke_pair|smoke_001|CA|2|329,2,,,,0
synthetic,smoke_pair,smoke_pair,test,smoke_pair,smoke_001,32.900,329,CB,smoke_pair|smoke_001|CB|2|329,2,,,,0
synthetic,smoke_pair,smoke_pair,test,smoke_pair,smoke_001,32.900,329,CA,smoke_pair|smoke_001|CA|3|329,3,,,,0
synthetic,smoke_pair,smoke_pair,test,smoke_pair,smoke_001,32.900,329,CB,smoke_pair|smoke_001|CB|3|329,3,,,,0
synthetic,smoke_pair,smoke_pair,test,smoke_pair,smoke_001,32.900,329,CA,smoke_pair|smoke_001|CA|4|329,4,,,,0
synthetic,smoke_pair,smoke_pair,test,smoke_pair,smoke_001,32.900,329,CB,smoke_pair|smoke_001|CB|4|329,4,,,,0
synthetic,smoke_pair,smoke_pair,test,smoke_pair,smoke_001,32.900,329,CA,smoke_pair|smoke_001|CA|5|329,5,,,,0
synthetic,smoke_pair,smoke_pair,test,smoke_pair,smoke_001,32.900,329,CB,smoke_pair|smoke_001|CB|5|329,5,,,,0
synthetic,smoke_pair,smoke_pair,test,smoke_pair,smoke_001,32.900,329,CA,smoke_pair|smoke_001|CA|6|329,6,,,,0
synthetic,smoke_pair,smoke_pair,test,smoke_pair,smoke_001,32.900,329,CB,smoke_pair|smoke_001|CB|6|329,6,,,,0
synthetic,smoke_pair,smoke_pair,test,smoke_pair,smoke_001,32.900,329,CA,smoke_pair|smoke_001|CA|7|329,7,,,,0
synthetic,smoke_pair,smoke_pair,test,smoke_pair,smoke_001,32.900,329,CB,smoke_pair|smoke_001|CB|7|329,7,,,,0
synthetic,smoke_pair,smoke_pair,test,smoke_pair,smoke_001,32.900,329,CA,smoke_pair|smoke_001|CA|8|329,8,,,,0
synthetic,smoke_pair,smoke_pair,test,smoke_pair,smoke_001,32.900,329,CB,smoke_pair|smoke_001|CB|8|329,8,,,,0
synthetic,smoke_pair,smoke_pair,test,smoke_pair,smoke_001,33.000,330,CA,smoke_pair|smoke_001|CA|1|330,1,,,,0
synthetic,smoke_pair,smoke_pair,test,smoke_pair,smoke_001,33.000,330,CB,smoke_pair|smoke_001|CB|1|330,1,,,,0
synthetic,smoke_pair,smoke_pair,test,smoke_pair,smoke_001,33.000,330,CA,smoke_pair|smoke_001|CA|2|330,2,,,,0
synthetic,smoke_pair,smoke_pair,test,smoke_pair,smoke_001,33.000,330,CB,smoke_pair|smoke_001|CB|2|330,2,,,,0
synthetic,smoke_pair,smoke_pair,test,smoke_pair,smoke_001,33.000,330,CA,smoke_pair|smoke_001|CA|3|330,3,,,,0
synthetic,smoke_pair,smoke_pair,test,smoke_pair,smoke_001,33.000,330,CB,smoke_pair|smoke_001|CB|3|330,3,,,,0
synthetic,smoke_pair,smoke_pair,test,smoke_pair,smoke_001,33.000,330,CA,smoke_pair|smoke_001|CA|4|330,4,,,,0
synthetic,smoke_pair,smoke_pair,test,smoke_pair,smoke_001,33.000,330,CB,smoke_pair|smoke_001|CB|4|330,4,,,,0
synthetic,smoke_pair,smoke_pair,test,smoke_pair,smoke_001,33.000,330,CA,smoke_pair|smoke_001|CA|5|330,5,,,,0
synthetic,smoke_pair,smoke_pair,test,smoke_pair,smoke_001,33.000,330,CB,smoke_pair|smoke_001|CB|5|330,5,,,,0
synthetic,smoke_pair,smoke_pair,test,smoke_pair,smoke_001,33.000,330,CA,smoke_pair|smoke_001|CA|6|330,6,,,,0
synthetic,smoke_pair,smoke_pair,test,smoke_pair,smoke_001,33.000,330,CB,smoke_pair|smoke_001|CB|6|330,6,,,,0
synthetic,smoke_pair,smoke_pair,test,smoke_pair,smoke_001,33.000,330,CA,smoke_pair|smoke_001|CA|7|330,7,,,,0
synthetic,smoke_pair,smoke_pair,test,smoke_pair,smoke_001,33.000,330,CB,smoke_pair|smoke_001|CB|7|330,7,,,,0
synthetic,smoke_pair,smoke_pair,test,smoke_pair,smoke_001,33.000,330,CA,smoke_pair|smoke_001|CA|8|330,8,,,,0
synthetic,smoke_pair,smoke_pair,test,smoke_pair,smoke_001,33.000,330,CB,smoke_pair|smoke_001|CB|8|330,8,,,,0
synthetic,smoke_pair,smoke_pair,test,smoke_pair,smoke_001,33.100,331,CA,smoke_pair|smoke_001|CA|1|331,1,,,,0
synthetic,smoke_pair,smoke_pair,test,smoke_pair,smoke_001,33.100,331,CB,smoke_pair|smoke_001|CB|1|331,1,,,,0
synthetic,smoke_pair,smoke_pair,test,smoke_pair,smoke_001,33.100,331,CA,smoke_pair|smoke_001|CA|2|331,2,,,,0
synthetic,smoke_pair,smoke_pair,test,smoke_pair,smoke_001,33.100,331,CB,smoke_pair|smoke_001|CB|2|331,2,,,,0
synthetic,smoke_pair,smoke_pair,test,smoke_pair,smoke_001,33.100,331,CA,smoke_pair|smoke_001|CA|3|331,3,,,,0
synthetic,smoke_pair,smoke_pair,test,smoke_pair,smoke_001,33.100,331,CB,smoke_pair|smoke_001|CB|3|331,3,,,,0
synthetic,smoke_pair,smoke_pair,test,smoke_pair,smoke_001,33.100,331,CA,smoke_pair|smoke_001|CA|4|331,4,,,,0
synthetic,smoke_pair,smoke_pair,test,smoke_pair,smoke_001,33.100,331,CB,smoke_pair|smoke_001|CB|4|331,4,,,,0
synthetic,smoke_pair,smoke_pair,test,smoke_pair,smoke_001,33.100,331,CA,smoke_pair|smoke_001|CA|5|331,5,,,,0
synthetic,smoke_pair,smoke_pair,test,smoke_pair,smoke_001,33.100,331,CB,smoke_pair|smoke_001|CB|5|331,5,,,,0
synthetic,smoke_pair,smoke_pair,test,smoke_pair,smoke_001,33.100,331,CA,smoke_pair|smoke_001|CA|6|331,6,,,,0
synthetic,smoke_pair,smoke_pair,test,smoke_pair,smoke_001,33.100,331,CB,smoke_pair|smoke_001|CB|6|331,6,,,,0
synthetic,smoke_pair,smoke_pair,test,smoke_pair,smoke_001,33.100,331,CA,smoke_pair|smoke_001|CA|7|331,7,,,,0
synthetic,smoke_pair,smoke_pair,test,smoke_pair,smoke_001,33.100,331,CB,smoke_pair|smoke_001|CB|7|331,7,,,,0
synthetic,smoke_pair,smoke_pair,test,smoke_pair,smoke_001,33.100,331,CA,smoke_pair|smoke_001|CA|8|331,8,,,,0
synthetic,smoke_pair,smoke_pair,test,smoke_pair,smoke_001,33.100,331,CB,smoke_pair|smoke_001|CB|8|331,8,,,,0
synthetic,smoke_pair,smoke_pair,test,smoke_pair,smoke_001,33.200,332,CA,smoke_pair|smoke_001|CA|1|332,1,,,,0
synthetic,smoke_pair,smoke_pair,test,smoke_pair,smoke_001,33.200,332,CB,smoke_pair|smoke_001|CB|1|332,1,,,,0
synthetic,smoke_pair,smoke_pair,test,smoke_pair,smoke_001,33.200,332,CA,smoke_pair|smoke_001|CA|2|332,2,,,,0
synthetic,smoke_pair,smoke_pair,test,smoke_pair,smoke_001,33.200,332,CB,smoke_pair|smoke_001|CB|2|332,2,,,,0
synthetic,smoke_pair,smoke_pair,test,smoke_pair,smoke_001,33.200,332,CA,smoke_pair|smoke_001|CA|3|332,3,,,,0
synthetic,smoke_pair,smoke_pair,test,smoke_pair,smoke_001,33.200,332,CB,smoke_pair|smoke_001|CB|3|332,3,,,,0
synthetic,smoke_pair,smoke_pair,test,smoke_pair,smoke_001,33.200,332,CA,smoke_pair|smoke_001|CA|4|332,4,,,,0
synthetic,smoke_pair,smoke_pair,test,smoke_pair,smoke_001,33.200,332,CB,smoke_pair|smoke_001|CB|4|332,4,,,,0
synthetic,smoke_pair,smoke_pair,test,smoke_pair,smoke_001,33.200,332,CA,smoke_pair|smoke_001|CA|5|332,5,,,,0
synthetic,smoke_pair,smoke_pair,test,smoke_pair,smoke_001,33.200,332,CB,smoke_pair|smoke_001|CB|5|332,5,,,,0
synthetic,smoke_pair,smoke_pair,test,smoke_pair,smoke_001,33.200,332,CA,smoke_pair|smoke_001|CA|6|332,6,,,,0
synthetic,smoke_pair,smoke_pair,test,smoke_pair,smoke_001,33.200,332,CB,smoke_pair|smoke_001|CB|6|332,6,,,,0
synthetic,smoke_pair,smoke_pair,test,smoke_pair,smoke_001,33.200,332,CA,smoke_pair|smoke_001|CA|7|332,7,,,,0
synthetic,smoke_pair,smoke_pair,test,smoke_pair,smoke_001,33.200,332,CB,smoke_pair|smoke_001|CB|7|332,7,,,,0
synthetic,smoke_pair,smoke_pair,test,smoke_pair,smoke_001,33.200,332,CA,smoke_pair|smoke_001|CA|8|332,8,,,,0
synthetic,smoke_pair,smoke_pair,test,smoke_pair,smoke_001,33.200,332,CB,smoke_pair|smoke_001|CB|8|332,8,,,,0
synthetic,smoke_pair,smoke_pair,test,smoke_pair,smoke_001,33.300,333,CA,smoke_pair|smoke_001|CA|1|333,1,,,,0
synthetic,smoke_pair,smoke_pair,test,smoke_pair,smoke_001,33.300,333,CB,smoke_pair|smoke_001|CB|1|333,1,,,,0
synthetic,smoke_pair,smoke_pair,test,smoke_pair,smoke_001,33.300,333,CA,smoke_pair|smoke_001|CA|2|333,2,,,,0
synthetic,smoke_pair,smoke_pair,test,smoke_pair,smoke_001,33.300,333,CB,smoke_pair|smoke_001|CB|2|333,2,,,,0
synthetic,smoke_pair,smoke_pair,test,smoke_pair,smoke_001,33.300,333,CA,smoke_pair|smoke_001|CA|3|333,3,,,,0
synthetic,smoke_pair,smoke_pair,test,smoke_pair,smoke_001,33.300,333,CB,smoke_pair|smoke_001|CB|3|333,3,,,,0
synthetic,smoke_pair,smoke_pair,test,smoke_pair,smoke_001,33.300,333,CA,smoke_pair|smoke_001|CA|4|333,4,,,,0
synthetic,smoke_pair,smoke_pair,test,smoke_pair,smoke_001,33.300,333,CB,smoke_pair|smoke_001|CB|4|333,4,,,,0
synthetic,smoke_pair,smoke_pair,test,smoke_pair,smoke_001,33.300,333,CA,smoke_pair|smoke_001|CA|5|333,5,,,,0
synthetic,smoke_pair,smoke_pair,test,smoke_pair,smoke_001,33.300,333,CB,smoke_pair|smoke_001|CB|5|333,5,,,,0
synthetic,smoke_pair,smoke_pair,test,smoke_pair,smoke_001,33.300,333,CA,smoke_pair|smoke_001|CA|6|333,6,,,,0
synthetic,smoke_pair,smoke_pair,test,smoke_pair,smoke_001,33.300,333,CB,smoke_pair|smoke_001|CB|6|333,6,,,,0
synthetic,smoke_pair,smoke_pair,test,smoke_pair,smoke_001,33.300,333,CA,smoke_pair|smoke_001|CA|7|333,7,,,,0
synthetic,smoke_pair,smoke_pair,test,smoke_pair,smoke_001,33.300,333,CB,smoke_pair|smoke_001|CB|7|333,7,,,,0
synthetic,smoke_pair,smoke_pair,test,smoke_pair,smoke_001,33.300,333,CA,smoke_pair|smoke_001|CA|8|333,8,,,,0
synthetic,smoke_pair,smoke_pair,test,smoke_pair,smoke_001,33.300,333,CB,smoke_pair|smoke_001|CB|8|333,8,,,,0
synthetic,smoke_pair,smoke_pair,test,smoke_pair,smoke_001,33.400,334,CA,smoke_pair|smoke_001|CA|1|334,1,,,,0
synthetic,smoke_pair,smoke_pair,test,smoke_pair,smoke_001,33.400,334,CB,smoke_pair|smoke_001|CB|1|334,1,,,,0
synthetic,smoke_pair,smoke_pair,test,smoke_pair,smoke_001,33.400,334,CA,smoke_pair|smoke_001|CA|2|334,2,,,,0
synthetic,smoke_pair,smoke_pair,test,smoke_pair,smoke_001,33.400,334,CB,smoke_pair|smoke_001|CB|2|334,2,,,,0
synthetic,smoke_pair,smoke_pair,test,smoke_pair,smoke_001,33.400,334,CA,smoke_pair|smoke_001|CA|3|334,3,,,,0
synthetic,smoke_pair,smoke_pair,test,smoke_pair,smoke_001,33.400,334,CB,smoke_pair|smoke_001|CB|3|334,3,,,,0
synthetic,smoke_pair,smoke_pair,test,smoke_pair,smoke_001,33.400,334,CA,smoke_pair|smoke_001|CA|4|334,4,,,,0
synthetic,smoke_pair,smoke_pair,test,smoke_pair,smoke_001,33.400,334,CB,smoke_pair|smoke_001|CB|4|334,4,,,,0
synthetic,smoke_pair,smoke_pair,test,smoke_pair,smoke_001,33.400,334,CA,smoke_pair|smoke_001|CA|5|334,5,,,,0
synthetic,smoke_pair,smoke_pair,test,smoke_pair,smoke_001,33.400,334,CB,smoke_pair|smoke_001|CB|5|334,5,,,,0
synthetic,smoke_pair,smoke_pair,test,smoke_pair,smoke_001,33.400,334,CA,smoke_pair|smoke_001|CA|6|334,6,,,,0
synthetic,smoke_pair,smoke_pair,test,smoke_pair,smoke_001,33.400,334,CB,smoke_pair|smoke_001|CB|6|334,6,,,,0
synthetic,smoke_pair,smoke_pair,test,smoke_pair,smoke_001,33.400,334,CA,smoke_pair|smoke_001|CA|7|334,7,,,,0
synthetic,smoke_pair,smoke_pair,test,smoke_pair,smoke_001,33.400,334,CB,smoke_pair|smoke_001|CB|7|334,7,,,,0
synthetic,smoke_pair,smoke_pair,test,smoke_pair,smoke_001,33.400,334,CA,smoke_pair|smoke_001|CA|8|334,8,,,,0
synthetic,smoke_pair,smoke_pair,test,smoke_pair,smoke_001,33.400,334,CB,smoke_pair|smoke_001|CB|8|334,8,,,,0
synthetic,smoke_pair,smoke_pair,test,smoke_pair,smoke_001,33.500,335,CA,smoke_pair|smoke_001|CA|1|335,1,,,,0
synthetic,smoke_pair,smoke_pair,test,smoke_pair,smoke_001,33.500,335,CB,smoke_pair|smoke_001|CB|1|335,1,,,,0
synthetic,smoke_pair,smoke_pair,test,smoke_pair,smoke_001,33.500,335,CA,smoke_pair|smoke_001|CA|2|335,2,,,,0
synthetic,smoke_pair,smoke_pair,test,smoke_pair,smoke_001,33.500,335,CB,smoke_pair|smoke_001|CB|2|335,2,,,,0
synthetic,smoke_pair,smoke_pair,test,smoke_pair,smoke_001,33.500,335,CA,smoke_pair|smoke_001|CA|3|335,3,,,,0
synthetic,smoke_pair,smoke_pair,test,smoke_pair,smoke_001,33.500,335,CB,smoke_pair|smoke_001|CB|3|335,3,,,,0
synthetic,smoke_pair,smoke_pair,test,smoke_pair,smoke_001,33.500,335,CA,smoke_pair|smoke_001|CA|4|335,4,,,,0
synthetic,smoke_pair,smoke_pair,test,smoke_pair,smoke_001,33.500,335,CB,smoke_pair|smoke_001|CB|4|335,4,,,,0
synthetic,smoke_pair,smoke_pair,test,smoke_pair,smoke_001,33.500,335,CA,smoke_pair|smoke_001|CA|5|335,5,,,,0
synthetic,smoke_pair,smoke_pair,test,smoke_pair,smoke_001,33.500,335,CB,smoke_pair|smoke_001|CB|5|335,5,,,,0
synthetic,smoke_pair,smoke_pair,test,smoke_pair,smoke_001,33.500,335,CA,smoke_pair|smoke_001|CA|6|335,6,,,,0
synthetic,smoke_pair,smoke_pair,test,smoke_pair,smoke_001,33.500,335,CB,smoke_pair|smoke_001|CB|6|335,6,,,,0
synthetic,smoke_pair,smoke_pair,test,smoke_pair,smoke_001,33.500,335,CA,smoke_pair|smoke_001|CA|7|335,7,,,,0
synthetic,smoke_pair,smoke_pair,test,smoke_pair,smoke_001,33.500,335,CB,smoke_pair|smoke_001|CB|7|335,7,,,,0
synthetic,smoke_pair,smoke_pair,test,smoke_pair,smoke_001,33.500,335,CA,smoke_pair|smoke_001|CA|8|335,8,,,,0
synthetic,smoke_pair,smoke_pair,test,smoke_pair,smoke_001,33.500,335,CB,smoke_pair|smoke_001|CB|8|335,8,,,,0
synthetic,smoke_pair,smoke_pair,test,smoke_pair,smoke_001,33.600,336,CA,smoke_pair|smoke_001|CA|1|336,1,,,,0
synthetic,smoke_pair,smoke_pair,test,smoke_pair,smoke_001,33.600,336,CB,smoke_pair|smoke_001|CB|1|336,1,,,,0
synthetic,smoke_pair,smoke_pair,test,smoke_pair,smoke_001,33.600,336,CA,smoke_pair|smoke_001|CA|2|336,2,,,,0
synthetic,smoke_pair,smoke_pair,test,smoke_pair,smoke_001,33.600,336,CB,smoke_pair|smoke_001|CB|2|336,2,,,,0
synthetic,smoke_pair,smoke_pair,test,smoke_pair,smoke_001,33.600,336,CA,smoke_pair|smoke_001|CA|3|336,3,,,,0
synthetic,smoke_pair,smoke_pair,test,smoke_pair,smoke_001,33.600,336,CB,smoke_pair|smoke_001|CB|3|336,3,,,,0
synthetic,smoke_pair,smoke_pair,test,smoke_pair,smoke_001,33.600,336,CA,smoke_pair|smoke_001|CA|4|336,4,,,,0
synthetic,smoke_pair,smoke_pair,test,smoke_pair,smoke_001,33.600,336,CB,smoke_pair|smoke_001|CB|4|336,4,,,,0
synthetic,smoke_pair,smoke_pair,test,smoke_pair,smoke_001,33.600,336,CA,smoke_pair|smoke_001|CA|5|336,5,,,,0
synthetic,smoke_pair,smoke_pair,test,smoke_pair,smoke_001,33.600,336,CB,smoke_pair|smoke_001|CB|5|336,5,,,,0
synthetic,smoke_pair,smoke_pair,test,smoke_pair,smoke_001,33.600,336,CA,smoke_pair|smoke_001|CA|6|336,6,,,,0
synthetic,smoke_pair,smoke_pair,test,smoke_pair,smoke_001,33.600,336,CB,smoke_pair|smoke_001|CB|6|336,6,,,,0
synthetic,smoke_pair,smoke_pair,test,smoke_pair,smoke_001,33.600,336,CA,smoke_pair|smoke_001|CA|7|336,7,,,,0
synthetic,smoke_pair,smoke_pair,test,smoke_pair,smoke_001,33.600,336,CB,smoke_pair|smoke_001|CB|7|336,7,,,,0
synthetic,smoke_pair,smoke_pair,test,smoke_pair,smoke_001,33.600,336,CA,smoke_pair|smoke_001|CA|8|336,8,,,,0
synthetic,smoke_pair,smoke_pair,test,smoke_pair,smoke_001,33.600,336,CB,smoke_pair|smoke_001|CB|8|336,8,,,,0
synthetic,smoke_pair,smoke_pair,test,smoke_pair,smoke_001,33.700,337,CA,smoke_pair|smoke_001|CA|1|337,1,,,,0
synthetic,smoke_pair,smoke_pair,test,smoke_pair,smoke_001,33.700,337,CB,smoke_pair|smoke_001|CB|1|337,1,,,,0
synthetic,smoke_pair,smoke_pair,test,smoke_pair,smoke_001,33.700,337,CA,smoke_pair|smoke_001|CA|2|337,2,,,,0
synthetic,smoke_pair,smoke_pair,test,smoke_pair,smoke_001,33.700,337,CB,smoke_pair|smoke_001|CB|2|337,2,,,,0
synthetic,smoke_pair,smoke_pair,test,smoke_pair,smoke_001,33.700,337,CA,smoke_pair|smoke_001|CA|3|337,3,,,,0
synthetic,smoke_pair,smoke_pair,test,smoke_pair,smoke_001,33.700,337,CB,smoke_pair|smoke_001|CB|3|337,3,,,,0
synthetic,smoke_pair,smoke_pair,test,smoke_pair,smoke_001,33.700,337,CA,smoke_pair|smoke_001|CA|4|337,4,,,,0
synthetic,smoke_pair,smoke_pair,test,smoke_pair,smoke_001,33.700,337,CB,smoke_pair|smoke_001|CB|4|337,4,,,,0
synthetic,smoke_pair,smoke_pair,test,smoke_pair,smoke_001,33.700,337,CA,smoke_pair|smoke_001|CA|5|337,5,,,,0
synthetic,smoke_pair,smoke_pair,test,smoke_pair,smoke_001,33.700,337,CB,smoke_pair|smoke_001|CB|5|337,5,,,,0
synthetic,smoke_pair,smoke_pair,test,smoke_pair,smoke_001,33.700,337,CA,smoke_pair|smoke_001|CA|6|337,6,,,,0
synthetic,smoke_pair,smoke_pair,test,smoke_pair,smoke_001,33.700,337,CB,smoke_pair|smoke_001|CB|6|337,6,,,,0
synthetic,smoke_pair,smoke_pair,test,smoke_pair,smoke_001,33.700,337,CA,smoke_pair|smoke_001|CA|7|337,7,,,,0
synthetic,smoke_pair,smoke_pair,test,smoke_pair,smoke_001,33.700,337,CB,smoke_pair|smoke_001|CB|7|337,7,,,,0
synthetic,smoke_pair,smoke_pair,test,smoke_pair,smoke_001,33.700,337,CA,smoke_pair|smoke_001|CA|8|337,8,,,,0
synthetic,smoke_pair,smoke_pair,test,smoke_pair,smoke_001,33.700,337,CB,smoke_pair|smoke_001|CB|8|337,8,,,,0
synthetic,smoke_pair,smoke_pair,test,smoke_pair,smoke_001,33.800,338,CA,smoke_pair|smoke_001|CA|1|338,1,,,,0
synthetic,smoke_pair,smoke_pair,test,smoke_pair,smoke_001,33.800,338,CB,smoke_pair|smoke_001|CB|1|338,1,,,,0
synthetic,smoke_pair,smoke_pair,test,smoke_pair,smoke_001,33.800,338,CA,smoke_pair|smoke_001|CA|2|338,2,,,,0
synthetic,smoke_pair,smoke_pair,test,smoke_pair,smoke_001,33.800,338,CB,smoke_pair|smoke_001|CB|2|338,2,,,,0
synthetic,smoke_pair,smoke_pair,test,smoke_pair,smoke_001,33.800,338,CA,smoke_pair|smoke_001|CA|3|338,3,,,,0
synthetic,smoke_pair,smoke_pair,test,smoke_pair,smoke_001,33.800,338,CB,smoke_pair|smoke_001|CB|3|338,3,,,,0
synthetic,smoke_pair,smoke_pair,test,smoke_pair,smoke_001,33.800,338,CA,smoke_pair|smoke_001|CA|4|338,4,,,,0
synthetic,smoke_pair,smoke_pair,test,smoke_pair,smoke_001,33.800,338,CB,smoke_pair|smoke_001|CB|4|338,4,,,,0
synthetic,smoke_pair,smoke_pair,test,smoke_pair,smoke_001,33.800,338,CA,smoke_pair|smoke_001|CA|5|338,5,,,,0
synthetic,smoke_pair,smoke_pair,test,smoke_pair,smoke_001,33.800,338,CB,smoke_pair|smoke_001|CB|5|338,5,,,,0
synthetic,smoke_pair,smoke_pair,test,smoke_pair,smoke_001,33.800,338,CA,smoke_pair|smoke_001|CA|6|338,6,,,,0
synthetic,smoke_pair,smoke_pair,test,smoke_pair,smoke_001,33.800,338,CB,smoke_pair|smoke_001|CB|6|338,6,,,,0
synthetic,smoke_pair,smoke_pair,test,smoke_pair,smoke_001,33.800,338,CA,smoke_pair|smoke_001|CA|7|338,7,,,,0
synthetic,smoke_pair,smoke_pair,test,smoke_pair,smoke_001,33.800,338,CB,smoke_pair|smoke_001|CB|7|338,7,,,,0
synthetic,smoke_pair,smoke_pair,test,smoke_pair,smoke_001,33.800,338,CA,smoke_pair|smoke_001|CA|8|338,8,,,,0
synthetic,smoke_pair,smoke_pair,test,smoke_pair,smoke_001,33.800,338,CB,smoke_pair|smoke_001|CB|8|338,8,,,,0
synthetic,smoke_pair,smoke_pair,test,smoke_pair,smoke_001,33.900,339,CA,smoke_pair|smoke_001|CA|1|339,1,,,,0
synthetic,smoke_pair,smoke_pair,test,smoke_pair,smoke_001,33.900,339,CB,smoke_pair|smoke_001|CB|1|339,1,,,,0
synthetic,smoke_pair,smoke_pair,test,smoke_pair,smoke_001,33.900,339,CA,smoke_pair|smoke_001|CA|2|339,2,,,,0
synthetic,smoke_pair,smoke_pair,test,smoke_pair,smoke_001,33.900,339,CB,smoke_pair|smoke_001|CB|2|339,2,,,,0
synthetic,smoke_pair,smoke_pair,test,smoke_pair,smoke_001,33.900,339,CA,smoke_pair|smoke_001|CA|3|339,3,,,,0
synthetic,smoke_pair,smoke_pair,test,smoke_pair,smoke_001,33.900,339,CB,smoke_pair|smoke_001|CB|3|339,3,,,,0
synthetic,smoke_pair,smoke_pair,test,smoke_pair,smoke_001,33.900,339,CA,smoke_pair|smoke_001|CA|4|339,4,,,,0
synthetic,smoke_pair,smoke_pair,test,smoke_pair,smoke_001,33.900,339,CB,smoke_pair|smoke_001|CB|4|339,4,,,,0
synthetic,smoke_pair,smoke_pair,test,smoke_pair,smoke_001,33.900,339,CA,smoke_pair|smoke_001|CA|5|339,5,,,,0
synthetic,smoke_pair,smoke_pair,test,smoke_pair,smoke_001,33.900,339,CB,smoke_pair|smoke_001|CB|5|339,5,,,,0
synthetic,smoke_pair,smoke_pair,test,smoke_pair,smoke_001,33.900,339,CA,smoke_pair|smoke_001|CA|6|339,6,,,,0
synthetic,smoke_pair,smoke_pair,test,smoke_pair,smoke_001,33.900,339,CB,smoke_pair|smoke_001|CB|6|339,6,,,,0
synthetic,smoke_pair,smoke_pair,test,smoke_pair,smoke_001,33.900,339,CA,smoke_pair|smoke_001|CA|7|339,7,,,,0
synthetic,smoke_pair,smoke_pair,test,smoke_pair,smoke_001,33.900,339,CB,smoke_pair|smoke_001|CB|7|339,7,,,,0
synthetic,smoke_pair,smoke_pair,test,smoke_pair,smoke_001,33.900,339,CA,smoke_pair|smoke_001|CA|8|339,8,,,,0
synthetic,smoke_pair,smoke_pair,test,smoke_pair,smoke_001,33.900,339,CB,smoke_pair|smoke_001|CB|8|339,8,,,,0
synthetic,smoke_pair,smoke_pair,test,smoke_pair,smoke_001,34.000,340,CA,smoke_pair|smoke_001|CA|1|340,1,,,,0
synthetic,smoke_pair,smoke_pair,test,smoke_pair,smoke_001,34.000,340,CB,smoke_pair|smoke_001|CB|1|340,1,,,,0
synthetic,smoke_pair,smoke_pair,test,smoke_pair,smoke_001,34.000,340,CA,smoke_pair|smoke_001|CA|2|340,2,,,,0
synthetic,smoke_pair,smoke_pair,test,smoke_pair,smoke_001,34.000,340,CB,smoke_pair|smoke_001|CB|2|340,2,,,,0
synthetic,smoke_pair,smoke_pair,test,smoke_pair,smoke_001,34.000,340,CA,smoke_pair|smoke_001|CA|3|340,3,,,,0
synthetic,smoke_pair,smoke_pair,test,smoke_pair,smoke_001,34.000,340,CB,smoke_pair|smoke_001|CB|3|340,3,,,,0
synthetic,smoke_pair,smoke_pair,test,smoke_pair,smoke_001,34.000,340,CA,smoke_pair|smoke_001|CA|4|340,4,,,,0
synthetic,smoke_pair,smoke_pair,test,smoke_pair,smoke_001,34.000,340,CB,smoke_pair|smoke_001|CB|4|340,4,,,,0
synthetic,smoke_pair,smoke_pair,test,smoke_pair,smoke_001,34.000,340,CA,smoke_pair|smoke_001|CA|5|340,5,,,,0
synthetic,smoke_pair,smoke_pair,test,smoke_pair,smoke_001,34.000,340,CB,smoke_pair|smoke_001|CB|5|340,5,,,,0
synthetic,smoke_pair,smoke_pair,test,smoke_pair,smoke_001,34.000,340,CA,smoke_pair|smoke_001|CA|6|340,6,,,,0
synthetic,smoke_pair,smoke_pair,test,smoke_pair,smoke_001,34.000,340,CB,smoke_pair|smoke_001|CB|6|340,6,,,,0
synthetic,smoke_pair,smoke_pair,test,smoke_pair,smoke_001,34.000,340,CA,smoke_pair|smoke_001|CA|7|340,7,,,,0
synthetic,smoke_pair,smoke_pair,test,smoke_pair,smoke_001,34.000,340,CB,smoke_pair|smoke_001|CB|7|340,7,,,,0
synthetic,smoke_pair,smoke_pair,test,smoke_pair,smoke_001,34.000,340,CA,smoke_pair|smoke_001|CA|8|340,8,,,,0
synthetic,smoke_pair,smoke_pair,test,smoke_pair,smoke_001,34.000,340,CB,smoke_pair|smoke_001|CB|8|340,8,,,,0
synthetic,smoke_pair,smoke_pair,test,smoke_pair,smoke_001,34.100,341,CA,smoke_pair|smoke_001|CA|1|341,1,,,,0
synthetic,smoke_pair,smoke_pair,test,smoke_pair,smoke_001,34.100,341,CB,smoke_pair|smoke_001|CB|1|341,1,,,,0
synthetic,smoke_pair,smoke_pair,test,smoke_pair,smoke_001,34.100,341,CA,smoke_pair|smoke_001|CA|2|341,2,,,,0
synthetic,smoke_pair,smoke_pair,test,smoke_pair,smoke_001,34.100,341,CB,smoke_pair|smoke_001|CB|2|341,2,,,,0
synthetic,smoke_pair,smoke_pair,test,smoke_pair,smoke_001,34.100,341,CA,smoke_pair|smoke_001|CA|3|341,3,,,,0
synthetic,smoke_pair,smoke_pair,test,smoke_pair,smoke_001,34.100,341,CB,smoke_pair|smoke_001|CB|3|341,3,,,,0
synthetic,smoke_pair,smoke_pair,test,smoke_pair,smoke_001,34.100,341,CA,smoke_pair|smoke_001|CA|4|341,4,,,,0
synthetic,smoke_pair,smoke_pair,test,smoke_pair,smoke_001,34.100,341,CB,smoke_pair|smoke_001|CB|4|341,4,,,,0
synthetic,smoke_pair,smoke_pair,test,smoke_pair,smoke_001,34.100,341,CA,smoke_pair|smoke_001|CA|5|341,5,,,,0
synthetic,smoke_pair,smoke_pair,test,smoke_pair,smoke_001,34.100,341,CB,smoke_pair|smoke_001|CB|5|341,5,,,,0
synthetic,smoke_pair,smoke_pair,test,smoke_pair,smoke_001,34.100,341,CA,smoke_pair|smoke_001|CA|6|341,6,,,,0
synthetic,smoke_pair,smoke_pair,test,smoke_pair,smoke_001,34.100,341,CB,smoke_pair|smoke_001|CB|6|341,6,,,,0
synthetic,smoke_pair,smoke_pair,test,smoke_pair,smoke_001,34.100,341,CA,smoke_pair|smoke_001|CA|7|341,7,,,,0
synthetic,smoke_pair,smoke_pair,test,smoke_pair,smoke_001,34.100,341,CB,smoke_pair|smoke_001|CB|7|341,7,,,,0
synthetic,smoke_pair,smoke_pair,test,smoke_pair,smoke_001,34.100,341,CA,smoke_pair|smoke_001|CA|8|341,8,,,,0
synthetic,smoke_pair,smoke_pair,test,smoke_pair,smoke_001,34.100,341,CB,smoke_pair|smoke_001|CB|8|341,8,,,,0
synthetic,smoke_pair,smoke_pair,test,smoke_pair,smoke_001,34.200,342,CA,smoke_pair|smoke_001|CA|1|342,1,,,,0
synthetic,smoke_pair,smoke_pair,test,smoke_pair,smoke_001,34.200,342,CB,smoke_pair|smoke_001|CB|1|342,1,,,,0
synthetic,smoke_pair,smoke_pair,test,smoke_pair,smoke_001,34.200,342,CA,smoke_pair|smoke_001|CA|2|342,2,,,,0
synthetic,smoke_pair,smoke_pair,test,smoke_pair,smoke_001,34.200,342,CB,smoke_pair|smoke_001|CB|2|342,2,,,,0
synthetic,smoke_pair,smoke_pair,test,smoke_pair,smoke_001,34.200,342,CA,smoke_pair|smoke_001|CA|3|342,3,,,,0
synthetic,smoke_pair,smoke_pair,test,smoke_pair,smoke_001,34.200,342,CB,smoke_pair|smoke_001|CB|3|342,3,,,,0
synthetic,smoke_pair,smoke_pair,test,smoke_pair,smoke_001,34.200,342,CA,smoke_pair|smoke_001|CA|4|342,4,,,,0
synthetic,smoke_pair,smoke_pair,test,smoke_pair,smoke_001,34.200,342,CB,smoke_pair|smoke_001|CB|4|342,4,,,,0
synthetic,smoke_pair,smoke_pair,test,smoke_pair,smoke_001,34.200,342,CA,smoke_pair|smoke_001|CA|5|342,5,,,,0
synthetic,smoke_pair,smoke_pair,test,smoke_pair,smoke_001,34.200,342,CB,smoke_pair|smoke_001|CB|5|342,5,,,,0
synthetic,smoke_pair,smoke_pair,test,smoke_pair,smoke_001,34.200,342,CA,smoke_pair|smoke_001|CA|6|342,6,,,,0
synthetic,smoke_pair,smoke_pair,test,smoke_pair,smoke_001,34.200,342,CB,smoke_pair|smoke_001|CB|6|342,6,,,,0
synthetic,smoke_pair,smoke_pair,test,smoke_pair,smoke_001,34.200,342,CA,smoke_pair|smoke_001|CA|7|342,7,,,,0
synthetic,smoke_pair,smoke_pair,test,smoke_pair,smoke_001,34.200,342,CB,smoke_pair|smoke_001|CB|7|342,7,,,,0
synthetic,smoke_pair,smoke_pair,test,smoke_pair,smoke_001,34.200,342,CA,smoke_pair|smoke_001|CA|8|342,8,,,,0
synthetic,smoke_pair,smoke_pair,test,smoke_pair,smoke_001,34.200,342,CB,smoke_pair|smoke_001|CB|8|342,8,,,,0
synthetic,smoke_pair,smoke_pair,test,smoke_pair,smoke_001,34.300,343,CA,smoke_pair|smoke_001|CA|1|343,1,,,,0
synthetic,smoke_pair,smoke_pair,test,smoke_pair,smoke_001,34.300,343,CB,smoke_pair|smoke_001|CB|1|343,1,,,,0
synthetic,smoke_pair,smoke_pair,test,smoke_pair,smoke_001,34.300,343,CA,smoke_pair|smoke_001|CA|2|343,2,,,,0
synthetic,smoke_pair,smoke_pair,test,smoke_pair,smoke_001,34.300,343,CB,smoke_pair|smoke_001|CB|2|343,2,,,,0
synthetic,smoke_pair,smoke_pair,test,smoke_pair,smoke_001,34.300,343,CA,smoke_pair|smoke_001|CA|3|343,3,,,,0
synthetic,smoke_pair,smoke_pair,test,smoke_pair,smoke_001,34.300,343,CB,smoke_pair|smoke_001|CB|3|343,3,,,,0
synthetic,smoke_pair,smoke_pair,test,smoke_pair,smoke_001,34.300,343,CA,smoke_pair|smoke_001|CA|4|343,4,,,,0
synthetic,smoke_pair,smoke_pair,test,smoke_pair,smoke_001,34.300,343,CB,smoke_pair|smoke_001|CB|4|343,4,,,,0
synthetic,smoke_pair,smoke_pair,test,smoke_pair,smoke_001,34.300,343,CA,smoke_pair|smoke_001|CA|5|343,5,,,,0
synthetic,smoke_pair,smoke_pair,test,smoke_pair,smoke_001,34.300,343,CB,smoke_pair|smoke_001|CB|5|343,5,,,,0
synthetic,smoke_pair,smoke_pair,test,smoke_pair,smoke_001,34.300,343,CA,smoke_pair|smoke_001|CA|6|343,6,,,,0
synthetic,smoke_pair,smoke_pair,test,smoke_pair,smoke_001,34.300,343,CB,smoke_pair|smoke_001|CB|6|343,6,,,,0
synthetic,smoke_pair,smoke_pair,test,smoke_pair,smoke_001,34.300,343,CA,smoke_pair|smoke_001|CA|7|343,7,,,,0
synthetic,smoke_pair,smoke_pair,test,smoke_pair,smoke_001,34.300,343,CB,smoke_pair|smoke_001|CB|7|343,7,,,,0
synthetic,smoke_pair,smoke_pair,test,smoke_pair,smoke_001,34.300,343,CA,smoke_pair|smoke_001|CA|8|343,8,,,,0
synthetic,smoke_pair,smoke_pair,test,smoke_pair,smoke_001,34.300,343,CB,smoke_pair|smoke_001|CB|8|343,8,,,,0
synthetic,smoke_pair,smoke_pair,test,smoke_pair,smoke_001,34.400,344,CA,smoke_pair|smoke_001|CA|1|344,1,,,,0
synthetic,smoke_pair,smoke_pair,test,smoke_pair,smoke_001,34.400,344,CB,smoke_pair|smoke_001|CB|1|344,1,,,,0
synthetic,smoke_pair,smoke_pair,test,smoke_pair,smoke_001,34.400,344,CA,smoke_pair|smoke_001|CA|2|344,2,,,,0
synthetic,smoke_pair,smoke_pair,test,smoke_pair,smoke_001,34.400,344,CB,smoke_pair|smoke_001|CB|2|344,2,,,,0
synthetic,smoke_pair,smoke_pair,test,smoke_pair,smoke_001,34.400,344,CA,smoke_pair|smoke_001|CA|3|344,3,,,,0
synthetic,smoke_pair,smoke_pair,test,smoke_pair,smoke_001,34.400,344,CB,smoke_pair|smoke_001|CB|3|344,3,,,,0
synthetic,smoke_pair,smoke_pair,test,smoke_pair,smoke_001,34.400,344,CA,smoke_pair|smoke_001|CA|4|344,4,,,,0
synthetic,smoke_pair,smoke_pair,test,smoke_pair,smoke_001,34.400,344,CB,smoke_pair|smoke_001|CB|4|344,4,,,,0
synthetic,smoke_pair,smoke_pair,test,smoke_pair,smoke_001,34.400,344,CA,smoke_pair|smoke_001|CA|5|344,5,,,,0
synthetic,smoke_pair,smoke_pair,test,smoke_pair,smoke_001,34.400,344,CB,smoke_pair|smoke_001|CB|5|344,5,,,,0
synthetic,smoke_pair,smoke_pair,test,smoke_pair,smoke_001,34.400,344,CA,smoke_pair|smoke_001|CA|6|344,6,,,,0
synthetic,smoke_pair,smoke_pair,test,smoke_pair,smoke_001,34.400,344,CB,smoke_pair|smoke_001|CB|6|344,6,,,,0
synthetic,smoke_pair,smoke_pair,test,smoke_pair,smoke_001,34.400,344,CA,smoke_pair|smoke_001|CA|7|344,7,,,,0
synthetic,smoke_pair,smoke_pair,test,smoke_pair,smoke_001,34.400,344,CB,smoke_pair|smoke_001|CB|7|344,7,,,,0
synthetic,smoke_pair,smoke_pair,test,smoke_pair,smoke_001,34.400,344,CA,smoke_pair|smoke_001|CA|8|344,8,,,,0
synthetic,smoke_pair,smoke_pair,test,smoke_pair,smoke_001,34.400,344,CB,smoke_pair|smoke_001|CB|8|344,8,,,,0
synthetic,smoke_pair,smoke_pair,test,smoke_pair,smoke_001,34.500,345,CA,smoke_pair|smoke_001|CA|1|345,1,,,,0
synthetic,smoke_pair,smoke_pair,test,smoke_pair,smoke_001,34.500,345,CB,smoke_pair|smoke_001|CB|1|345,1,,,,0
synthetic,smoke_pair,smoke_pair,test,smoke_pair,smoke_001,34.500,345,CA,smoke_pair|smoke_001|CA|2|345,2,,,,0
synthetic,smoke_pair,smoke_pair,test,smoke_pair,smoke_001,34.500,345,CB,smoke_pair|smoke_001|CB|2|345,2,,,,0
synthetic,smoke_pair,smoke_pair,test,smoke_pair,smoke_001,34.500,345,CA,smoke_pair|smoke_001|CA|3|345,3,,,,0
synthetic,smoke_pair,smoke_pair,test,smoke_pair,smoke_001,34.500,345,CB,smoke_pair|smoke_001|CB|3|345,3,,,,0
synthetic,smoke_pair,smoke_pair,test,smoke_pair,smoke_001,34.500,345,CA,smoke_pair|smoke_001|CA|4|345,4,,,,0
synthetic,smoke_pair,smoke_pair,test,smoke_pair,smoke_001,34.500,345,CB,smoke_pair|smoke_001|CB|4|345,4,,,,0
synthetic,smoke_pair,smoke_pair,test,smoke_pair,smoke_001,34.500,345,CA,smoke_pair|smoke_001|CA|5|345,5,,,,0
synthetic,smoke_pair,smoke_pair,test,smoke_pair,smoke_001,34.500,345,CB,smoke_pair|smoke_001|CB|5|345,5,,,,0
synthetic,smoke_pair,smoke_pair,test,smoke_pair,smoke_001,34.500,345,CA,smoke_pair|smoke_001|CA|6|345,6,,,,0
synthetic,smoke_pair,smoke_pair,test,smoke_pair,smoke_001,34.500,345,CB,smoke_pair|smoke_001|CB|6|345,6,,,,0
synthetic,smoke_pair,smoke_pair,test,smoke_pair,smoke_001,34.500,345,CA,smoke_pair|smoke_001|CA|7|345,7,,,,0
synthetic,smoke_pair,smoke_pair,test,smoke_pair,smoke_001,34.500,345,CB,smoke_pair|smoke_001|CB|7|345,7,,,,0
synthetic,smoke_pair,smoke_pair,test,smoke_pair,smoke_001,34.500,345,CA,smoke_pair|smoke_001|CA|8|345,8,,,,0
synthetic,smoke_pair,smoke_pair,test,smoke_pair,smoke_001,34.500,345,CB,smoke_pair|smoke_001|CB|8|345,8,,,,0
synthetic,smoke_pair,smoke_pair,test,smoke_pair,smoke_001,34.600,346,CA,smoke_pair|smoke_001|CA|1|346,1,,,,0
synthetic,smoke_pair,smoke_pair,test,smoke_pair,smoke_001,34.600,346,CB,smoke_pair|smoke_001|CB|1|346,1,,,,0
synthetic,smoke_pair,smoke_pair,test,smoke_pair,smoke_001,34.600,346,CA,smoke_pair|smoke_001|CA|2|346,2,,,,0
synthetic,smoke_pair,smoke_pair,test,smoke_pair,smoke_001,34.600,346,CB,smoke_pair|smoke_001|CB|2|346,2,,,,0
synthetic,smoke_pair,smoke_pair,test,smoke_pair,smoke_001,34.600,346,CA,smoke_pair|smoke_001|CA|3|346,3,,,,0
synthetic,smoke_pair,smoke_pair,test,smoke_pair,smoke_001,34.600,346,CB,smoke_pair|smoke_001|CB|3|346,3,,,,0
synthetic,smoke_pair,smoke_pair,test,smoke_pair,smoke_001,34.600,346,CA,smoke_pair|smoke_001|CA|4|346,4,,,,0
synthetic,smoke_pair,smoke_pair,test,smoke_pair,smoke_001,34.600,346,CB,smoke_pair|smoke_001|CB|4|346,4,,,,0
synthetic,smoke_pair,smoke_pair,test,smoke_pair,smoke_001,34.600,346,CA,smoke_pair|smoke_001|CA|5|346,5,,,,0
synthetic,smoke_pair,smoke_pair,test,smoke_pair,smoke_001,34.600,346,CB,smoke_pair|smoke_001|CB|5|346,5,,,,0
synthetic,smoke_pair,smoke_pair,test,smoke_pair,smoke_001,34.600,346,CA,smoke_pair|smoke_001|CA|6|346,6,,,,0
synthetic,smoke_pair,smoke_pair,test,smoke_pair,smoke_001,34.600,346,CB,smoke_pair|smoke_001|CB|6|346,6,,,,0
synthetic,smoke_pair,smoke_pair,test,smoke_pair,smoke_001,34.600,346,CA,smoke_pair|smoke_001|CA|7|346,7,,,,0
synthetic,smoke_pair,smoke_pair,test,smoke_pair,smoke_001,34.600,346,CB,smoke_pair|smoke_001|CB|7|346,7,,,,0
synthetic,smoke_pair,smoke_pair,test,smoke_pair,smoke_001,34.600,346,CA,smoke_pair|smoke_001|CA|8|346,8,,,,0
synthetic,smoke_pair,smoke_pair,test,smoke_pair,smoke_001,34.600,346,CB,smoke_pair|smoke_001|CB|8|346,8,,,,0
synthetic,smoke_pair,smoke_pair,test,smoke_pair,smoke_001,34.700,347,CA,smoke_pair|smoke_001|CA|1|347,1,,,,0
synthetic,smoke_pair,smoke_pair,test,smoke_pair,smoke_001,34.700,347,CB,smoke_pair|smoke_001|CB|1|347,1,,,,0
synthetic,smoke_pair,smoke_pair,test,smoke_pair,smoke_001,34.700,347,CA,smoke_pair|smoke_001|CA|2|347,2,,,,0
synthetic,smoke_pair,smoke_pair,test,smoke_pair,smoke_001,34.700,347,CB,smoke_pair|smoke_001|CB|2|347,2,,,,0
synthetic,smoke_pair,smoke_pair,test,smoke_pair,smoke_001,34.700,347,CA,smoke_pair|smoke_001|CA|3|347,3,,,,0
synthetic,smoke_pair,smoke_pair,test,smoke_pair,smoke_001,34.700,347,CB,smoke_pair|smoke_001|CB|3|347,3,,,,0
synthetic,smoke_pair,smoke_pair,test,smoke_pair,smoke_001,34.700,347,CA,smoke_pair|smoke_001|CA|4|347,4,,,,0
synthetic,smoke_pair,smoke_pair,test,smoke_pair,smoke_001,34.700,347,CB,smoke_pair|smoke_001|CB|4|347,4,,,,0
synthetic,smoke_pair,smoke_pair,test,smoke_pair,smoke_001,34.700,347,CA,smoke_pair|smoke_001|CA|5|347,5,,,,0
synthetic,smoke_pair,smoke_pair,test,smoke_pair,smoke_001,34.700,347,CB,smoke_pair|smoke_001|CB|5|347,5,,,,0
synthetic,smoke_pair,smoke_pair,test,smoke_pair,smoke_001,34.700,347,CA,smoke_pair|smoke_001|CA|6|347,6,,,,0
synthetic,smoke_pair,smoke_pair,test,smoke_pair,smoke_001,34.700,347,CB,smoke_pair|smoke_001|CB|6|347,6,,,,0
synthetic,smoke_pair,smoke_pair,test,smoke_pair,smoke_001,34.700,347,CA,smoke_pair|smoke_001|CA|7|347,7,,,,0
synthetic,smoke_pair,smoke_pair,test,smoke_pair,smoke_001,34.700,347,CB,smoke_pair|smoke_001|CB|7|347,7,,,,0
synthetic,smoke_pair,smoke_pair,test,smoke_pair,smoke_001,34.700,347,CA,smoke_pair|smoke_001|CA|8|347,8,,,,0
synthetic,smoke_pair,smoke_pair,test,smoke_pair,smoke_001,34.700,347,CB,smoke_pair|smoke_001|CB|8|347,8,,,,0
synthetic,smoke_pair,smoke_pair,test,smoke_pair,smoke_001,34.800,348,CA,smoke_pair|smoke_001|CA|1|348,1,,,,0
synthetic,smoke_pair,smoke_pair,test,smoke_pair,smoke_001,34.800,348,CB,smoke_pair|smoke_001|CB|1|348,1,,,,0
synthetic,smoke_pair,smoke_pair,test,smoke_pair,smoke_001,34.800,348,CA,smoke_pair|smoke_001|CA|2|348,2,,,,0
synthetic,smoke_pair,smoke_pair,test,smoke_pair,smoke_001,34.800,348,CB,smoke_pair|smoke_001|CB|2|348,2,,,,0
synthetic,smoke_pair,smoke_pair,test,smoke_pair,smoke_001,34.800,348,CA,smoke_pair|smoke_001|CA|3|348,3,,,,0
synthetic,smoke_pair,smoke_pair,test,smoke_pair,smoke_001,34.800,348,CB,smoke_pair|smoke_001|CB|3|348,3,,,,0
synthetic,smoke_pair,smoke_pair,test,smoke_pair,smoke_001,34.800,348,CA,smoke_pair|smoke_001|CA|4|348,4,,,,0
synthetic,smoke_pair,smoke_pair,test,smoke_pair,smoke_001,34.800,348,CB,smoke_pair|smoke_001|CB|4|348,4,,,,0
synthetic,smoke_pair,smoke_pair,test,smoke_pair,smoke_001,34.800,348,CA,smoke_pair|smoke_001|CA|5|348,5,,,,0
synthetic,smoke_pair,smoke_pair,test,smoke_pair,smoke_001,34.800,348,CB,smoke_pair|smoke_001|CB|5|348,5,,,,0
synthetic,smoke_pair,smoke_pair,test,smoke_pair,smoke_001,34.800,348,CA,smoke_pair|smoke_001|CA|6|348,6,,,,0
synthetic,smoke_pair,smoke_pair,test,smoke_pair,smoke_001,34.800,348,CB,smoke_pair|smoke_001|CB|6|348,6,,,,0
synthetic,smoke_pair,smoke_pair,test,smoke_pair,smoke_001,34.800,348,CA,smoke_pair|smoke_001|CA|7|348,7,,,,0
synthetic,smoke_pair,smoke_pair,test,smoke_pair,smoke_001,34.800,348,CB,smoke_pair|smoke_001|CB|7|348,7,,,,0
synthetic,smoke_pair,smoke_pair,test,smoke_pair,smoke_001,34.800,348,CA,smoke_pair|smoke_001|CA|8|348,8,,,,0
synthetic,smoke_pair,smoke_pair,test,smoke_pair,smoke_001,34.800,348,CB,smoke_pair|smoke_001|CB|8|348,8,,,,0
synthetic,smoke_pair,smoke_pair,test,smoke_pair,smoke_001,34.900,349,CA,smoke_pair|smoke_001|CA|1|349,1,,,,0
synthetic,smoke_pair,smoke_pair,test,smoke_pair,smoke_001,34.900,349,CB,smoke_pair|smoke_001|CB|1|349,1,,,,0
synthetic,smoke_pair,smoke_pair,test,smoke_pair,smoke_001,34.900,349,CA,smoke_pair|smoke_001|CA|2|349,2,,,,0
synthetic,smoke_pair,smoke_pair,test,smoke_pair,smoke_001,34.900,349,CB,smoke_pair|smoke_001|CB|2|349,2,,,,0
synthetic,smoke_pair,smoke_pair,test,smoke_pair,smoke_001,34.900,349,CA,smoke_pair|smoke_001|CA|3|349,3,,,,0
synthetic,smoke_pair,smoke_pair,test,smoke_pair,smoke_001,34.900,349,CB,smoke_pair|smoke_001|CB|3|349,3,,,,0
synthetic,smoke_pair,smoke_pair,test,smoke_pair,smoke_001,34.900,349,CA,smoke_pair|smoke_001|CA|4|349,4,,,,0
synthetic,smoke_pair,smoke_pair,test,smoke_pair,smoke_001,34.900,349,CB,smoke_pair|smoke_001|CB|4|349,4,,,,0
synthetic,smoke_pair,smoke_pair,test,smoke_pair,smoke_001,34.900,349,CA,smoke_pair|smoke_001|CA|5|349,5,,,,0
synthetic,smoke_pair,smoke_pair,test,smoke_pair,smoke_001,34.900,349,CB,smoke_pair|smoke_001|CB|5|349,5,,,,0
synthetic,smoke_pair,smoke_pair,test,smoke_pair,smoke_001,34.900,349,CA,smoke_pair|smoke_001|CA|6|349,6,,,,0
synthetic,smoke_pair,smoke_pair,test,smoke_pair,smoke_001,34.900,349,CB,smoke_pair|smoke_001|CB|6|349,6,,,,0
synthetic,smoke_pair,smoke_pair,test,smoke_pair,smoke_001,34.900,349,CA,smoke_pair|smoke_001|CA|7|349,7,,,,0
synthetic,smoke_pair,smoke_pair,test,smoke_pair,smoke_001,34.900,349,CB,smoke_pair|smoke_001|CB|7|349,7,,,,0
synthetic,smoke_pair,smoke_pair,test,smoke_pair,smoke_001,34.900,349,CA,smoke_pair|smoke_001|CA|8|349,8,,,,0
synthetic,smoke_pair,smoke_pair,test,smoke_pair,smoke_001,34.900,349,CB,smoke_pair|smoke_001|CB|8|349,8,,,,0
synthetic,smoke_pair,smoke_pair,test,smoke_pair,smoke_001,35.000,350,CA,smoke_pair|smoke_001|CA|1|350,1,,,,0
synthetic,smoke_pair,smoke_pair,test,smoke_pair,smoke_001,35.000,350,CB,smoke_pair|smoke_001|CB|1|350,1,,,,0
synthetic,smoke_pair,smoke_pair,test,smoke_pair,smoke_001,35.000,350,CA,smoke_pair|smoke_001|CA|2|350,2,,,,0
synthetic,smoke_pair,smoke_pair,test,smoke_pair,smoke_001,35.000,350,CB,smoke_pair|smoke_001|CB|2|350,2,,,,0
synthetic,smoke_pair,smoke_pair,test,smoke_pair,smoke_001,35.000,350,CA,smoke_pair|smoke_001|CA|3|350,3,,,,0
synthetic,smoke_pair,smoke_pair,test,smoke_pair,smoke_001,35.000,350,CB,smoke_pair|smoke_001|CB|3|350,3,,,,0
synthetic,smoke_pair,smoke_pair,test,smoke_pair,smoke_001,35.000,350,CA,smoke_pair|smoke_001|CA|4|350,4,,,,0
synthetic,smoke_pair,smoke_pair,test,smoke_pair,smoke_001,35.000,350,CB,smoke_pair|smoke_001|CB|4|350,4,,,,0
synthetic,smoke_pair,smoke_pair,test,smoke_pair,smoke_001,35.000,350,CA,smoke_pair|smoke_001|CA|5|350,5,,,,0
synthetic,smoke_pair,smoke_pair,test,smoke_pair,smoke_001,35.000,350,CB,smoke_pair|smoke_001|CB|5|350,5,,,,0
synthetic,smoke_pair,smoke_pair,test,smoke_pair,smoke_001,35.000,350,CA,smoke_pair|smoke_001|CA|6|350,6,,,,0
synthetic,smoke_pair,smoke_pair,test,smoke_pair,smoke_001,35.000,350,CB,smoke_pair|smoke_001|CB|6|350,6,,,,0
synthetic,smoke_pair,smoke_pair,test,smoke_pair,smoke_001,35.000,350,CA,smoke_pair|smoke_001|CA|7|350,7,,,,0
synthetic,smoke_pair,smoke_pair,test,smoke_pair,smoke_001,35.000,350,CB,smoke_pair|smoke_001|CB|7|350,7,,,,0
synthetic,smoke_pair,smoke_pair,test,smoke_pair,smoke_001,35.000,350,CA,smoke_pair|smoke_001|CA|8|350,8,,,,0
synthetic,smoke_pair,smoke_pair,test,smoke_pair,smoke_001,35.000,350,CB,smoke_pair|smoke_001|CB|8|350,8,,,,0
synthetic,smoke_pair,smoke_pair,test,smoke_pair,smoke_001,35.100,351,CA,smoke_pair|smoke_001|CA|1|351,1,,,,0
synthetic,smoke_pair,smoke_pair,test,smoke_pair,smoke_001,35.100,351,CB,smoke_pair|smoke_001|CB|1|351,1,,,,0
synthetic,smoke_pair,smoke_pair,test,smoke_pair,smoke_001,35.100,351,CA,smoke_pair|smoke_001|CA|2|351,2,,,,0
synthetic,smoke_pair,smoke_pair,test,smoke_pair,smoke_001,35.100,351,CB,smoke_pair|smoke_001|CB|2|351,2,,,,0
synthetic,smoke_pair,smoke_pair,test,smoke_pair,smoke_001,35.100,351,CA,smoke_pair|smoke_001|CA|3|351,3,,,,0
synthetic,smoke_pair,smoke_pair,test,smoke_pair,smoke_001,35.100,351,CB,smoke_pair|smoke_001|CB|3|351,3,,,,0
synthetic,smoke_pair,smoke_pair,test,smoke_pair,smoke_001,35.100,351,CA,smoke_pair|smoke_001|CA|4|351,4,,,,0
synthetic,smoke_pair,smoke_pair,test,smoke_pair,smoke_001,35.100,351,CB,smoke_pair|smoke_001|CB|4|351,4,,,,0
synthetic,smoke_pair,smoke_pair,test,smoke_pair,smoke_001,35.100,351,CA,smoke_pair|smoke_001|CA|5|351,5,,,,0
synthetic,smoke_pair,smoke_pair,test,smoke_pair,smoke_001,35.100,351,CB,smoke_pair|smoke_001|CB|5|351,5,,,,0
synthetic,smoke_pair,smoke_pair,test,smoke_pair,smoke_001,35.100,351,CA,smoke_pair|smoke_001|CA|6|351,6,,,,0
synthetic,smoke_pair,smoke_pair,test,smoke_pair,smoke_001,35.100,351,CB,smoke_pair|smoke_001|CB|6|351,6,,,,0
synthetic,smoke_pair,smoke_pair,test,smoke_pair,smoke_001,35.100,351,CA,smoke_pair|smoke_001|CA|7|351,7,,,,0
synthetic,smoke_pair,smoke_pair,test,smoke_pair,smoke_001,35.100,351,CB,smoke_pair|smoke_001|CB|7|351,7,,,,0
synthetic,smoke_pair,smoke_pair,test,smoke_pair,smoke_001,35.100,351,CA,smoke_pair|smoke_001|CA|8|351,8,,,,0
synthetic,smoke_pair,smoke_pair,test,smoke_pair,smoke_001,35.100,351,CB,smoke_pair|smoke_001|CB|8|351,8,,,,0
synthetic,smoke_pair,smoke_pair,test,smoke_pair,smoke_001,35.200,352,CA,smoke_pair|smoke_001|CA|1|352,1,,,,0
synthetic,smoke_pair,smoke_pair,test,smoke_pair,smoke_001,35.200,352,CB,smoke_pair|smoke_001|CB|1|352,1,,,,0
synthetic,smoke_pair,smoke_pair,test,smoke_pair,smoke_001,35.200,352,CA,smoke_pair|smoke_001|CA|2|352,2,,,,0
synthetic,smoke_pair,smoke_pair,test,smoke_pair,smoke_001,35.200,352,CB,smoke_pair|smoke_001|CB|2|352,2,,,,0
synthetic,smoke_pair,smoke_pair,test,smoke_pair,smoke_001,35.200,352,CA,smoke_pair|smoke_001|CA|3|352,3,,,,0
synthetic,smoke_pair,smoke_pair,test,smoke_pair,smoke_001,35.200,352,CB,smoke_pair|smoke_001|CB|3|352,3,,,,0
synthetic,smoke_pair,smoke_pair,test,smoke_pair,smoke_001,35.200,352,CA,smoke_pair|smoke_001|CA|4|352,4,,,,0
synthetic,smoke_pair,smoke_pair,test,smoke_pair,smoke_001,35.200,352,CB,smoke_pair|smoke_001|CB|4|352,4,,,,0
synthetic,smoke_pair,smoke_pair,test,smoke_pair,smoke_001,35.200,352,CA,smoke_pair|smoke_001|CA|5|352,5,,,,0
synthetic,smoke_pair,smoke_pair,test,smoke_pair,smoke_001,35.200,352,CB,smoke_pair|smoke_001|CB|5|352,5,,,,0
synthetic,smoke_pair,smoke_pair,test,smoke_pair,smoke_001,35.200,352,CA,smoke_pair|smoke_001|CA|6|352,6,,,,0
synthetic,smoke_pair,smoke_pair,test,smoke_pair,smoke_001,35.200,352,CB,smoke_pair|smoke_001|CB|6|352,6,,,,0
synthetic,smoke_pair,smoke_pair,test,smoke_pair,smoke_001,35.200,352,CA,smoke_pair|smoke_001|CA|7|352,7,,,,0
synthetic,smoke_pair,smoke_pair,test,smoke_pair,smoke_001,35.200,352,CB,smoke_pair|smoke_001|CB|7|352,7,,,,0
synthetic,smoke_pair,smoke_pair,test,smoke_pair,smoke_001,35.200,352,CA,smoke_pair|smoke_001|CA|8|352,8,,,,0
synthetic,smoke_pair,smoke_pair,test,smoke_pair,smoke_001,35.200,352,CB,smoke_pair|smoke_001|CB|8|352,8,,,,0
synthetic,smoke_pair,smoke_pair,test,smoke_pair,smoke_001,35.300,353,CA,smoke_pair|smoke_001|CA|1|353,1,,,,0
synthetic,smoke_pair,smoke_pair,test,smoke_pair,smoke_001,35.300,353,CB,smoke_pair|smoke_001|CB|1|353,1,,,,0
synthetic,smoke_pair,smoke_pair,test,smoke_pair,smoke_001,35.300,353,CA,smoke_pair|smoke_001|CA|2|353,2,,,,0
synthetic,smoke_pair,smoke_pair,test,smoke_pair,smoke_001,35.300,353,CB,smoke_pair|smoke_001|CB|2|353,2,,,,0
synthetic,smoke_pair,smoke_pair,test,smoke_pair,smoke_001,35.300,353,CA,smoke_pair|smoke_001|CA|3|353,3,,,,0
synthetic,smoke_pair,smoke_pair,test,smoke_pair,smoke_001,35.300,353,CB,smoke_pair|smoke_001|CB|3|353,3,,,,0
synthetic,smoke_pair,smoke_pair,test,smoke_pair,smoke_001,35.300,353,CA,smoke_pair|smoke_001|CA|4|353,4,,,,0
synthetic,smoke_pair,smoke_pair,test,smoke_pair,smoke_001,35.300,353,CB,smoke_pair|smoke_001|CB|4|353,4,,,,0
synthetic,smoke_pair,smoke_pair,test,smoke_pair,smoke_001,35.300,353,CA,smoke_pair|smoke_001|CA|5|353,5,,,,0
synthetic,smoke_pair,smoke_pair,test,smoke_pair,smoke_001,35.300,353,CB,smoke_pair|smoke_001|CB|5|353,5,,,,0
synthetic,smoke_pair,smoke_pair,test,smoke_pair,smoke_001,35.300,353,CA,smoke_pair|smoke_001|CA|6|353,6,,,,0
synthetic,smoke_pair,smoke_pair,test,smoke_pair,smoke_001,35.300,353,CB,smoke_pair|smoke_001|CB|6|353,6,,,,0
synthetic,smoke_pair,smoke_pair,test,smoke_pair,smoke_001,35.300,353,CA,smoke_pair|smoke_001|CA|7|353,7,,,,0
synthetic,smoke_pair,smoke_pair,test,smoke_pair,smoke_001,35.300,353,CB,smoke_pair|smoke_001|CB|7|353,7,,,,0
synthetic,smoke_pair,smoke_pair,test,smoke_pair,smoke_001,35.300,353,CA,smoke_pair|smoke_001|CA|8|353,8,,,,0
synthetic,smoke_pair,smoke_pair,test,smoke_pair,smoke_001,35.300,353,CB,smoke_pair|smoke_001|CB|8|353,8,,,,0
synthetic,smoke_pair,smoke_pair,test,smoke_pair,smoke_001,35.400,354,CA,smoke_pair|smoke_001|CA|1|354,1,,,,0
synthetic,smoke_pair,smoke_pair,test,smoke_pair,smoke_001,35.400,354,CB,smoke_pair|smoke_001|CB|1|354,1,,,,0
synthetic,smoke_pair,smoke_pair,test,smoke_pair,smoke_001,35.400,354,CA,smoke_pair|smoke_001|CA|2|354,2,,,,0
synthetic,smoke_pair,smoke_pair,test,smoke_pair,smoke_001,35.400,354,CB,smoke_pair|smoke_001|CB|2|354,2,,,,0
synthetic,smoke_pair,smoke_pair,test,smoke_pair,smoke_001,35.400,354,CA,smoke_pair|smoke_001|CA|3|354,3,,,,0
synthetic,smoke_pair,smoke_pair,test,smoke_pair,smoke_001,35.400,354,CB,smoke_pair|smoke_001|CB|3|354,3,,,,0
synthetic,smoke_pair,smoke_pair,test,smoke_pair,smoke_001,35.400,354,CA,smoke_pair|smoke_001|CA|4|354,4,,,,0
synthetic,smoke_pair,smoke_pair,test,smoke_pair,smoke_001,35.400,354,CB,smoke_pair|smoke_001|CB|4|354,4,,,,0
synthetic,smoke_pair,smoke_pair,test,smoke_pair,smoke_001,35.400,354,CA,smoke_pair|smoke_001|CA|5|354,5,,,,0
synthetic,smoke_pair,smoke_pair,test,smoke_pair,smoke_001,35.400,354,CB,smoke_pair|smoke_001|CB|5|354,5,,,,0
synthetic,smoke_pair,smoke_pair,test,smoke_pair,smoke_001,35.400,354,CA,smoke_pair|smoke_001|CA|6|354,6,,,,0
synthetic,smoke_pair,smoke_pair,test,smoke_pair,smoke_001,35.400,354,CB,smoke_pair|smoke_001|CB|6|354,6,,,,0
synthetic,smoke_pair,smoke_pair,test,smoke_pair,smoke_001,35.400,354,CA,smoke_pair|smoke_001|CA|7|354,7,,,,0
synthetic,smoke_pair,smoke_pair,test,smoke_pair,smoke_001,35.400,354,CB,smoke_pair|smoke_001|CB|7|354,7,,,,0
synthetic,smoke_pair,smoke_pair,test,smoke_pair,smoke_001,35.400,354,CA,smoke_pair|smoke_001|CA|8|354,8,,,,0
synthetic,smoke_pair,smoke_pair,test,smoke_pair,smoke_001,35.400,354,CB,smoke_pair|smoke_001|CB|8|354,8,,,,0
synthetic,smoke_pair,smoke_pair,test,smoke_pair,smoke_001,35.500,355,CA,smoke_pair|smoke_001|CA|1|355,1,,,,0
synthetic,smoke_pair,smoke_pair,test,smoke_pair,smoke_001,35.500,355,CB,smoke_pair|smoke_001|CB|1|355,1,,,,0
synthetic,smoke_pair,smoke_pair,test,smoke_pair,smoke_001,35.500,355,CA,smoke_pair|smoke_001|CA|2|355,2,,,,0
synthetic,smoke_pair,smoke_pair,test,smoke_pair,smoke_001,35.500,355,CB,smoke_pair|smoke_001|CB|2|355,2,,,,0
synthetic,smoke_pair,smoke_pair,test,smoke_pair,smoke_001,35.500,355,CA,smoke_pair|smoke_001|CA|3|355,3,,,,0
synthetic,smoke_pair,smoke_pair,test,smoke_pair,smoke_001,35.500,355,CB,smoke_pair|smoke_001|CB|3|355,3,,,,0
synthetic,smoke_pair,smoke_pair,test,smoke_pair,smoke_001,35.500,355,CA,smoke_pair|smoke_001|CA|4|355,4,,,,0
synthetic,smoke_pair,smoke_pair,test,smoke_pair,smoke_001,35.500,355,CB,smoke_pair|smoke_001|CB|4|355,4,,,,0
synthetic,smoke_pair,smoke_pair,test,smoke_pair,smoke_001,35.500,355,CA,smoke_pair|smoke_001|CA|5|355,5,,,,0
synthetic,smoke_pair,smoke_pair,test,smoke_pair,smoke_001,35.500,355,CB,smoke_pair|smoke_001|CB|5|355,5,,,,0
synthetic,smoke_pair,smoke_pair,test,smoke_pair,smoke_001,35.500,355,CA,smoke_pair|smoke_001|CA|6|355,6,,,,0
synthetic,smoke_pair,smoke_pair,test,smoke_pair,smoke_001,35.500,355,CB,smoke_pair|smoke_001|CB|6|355,6,,,,0
synthetic,smoke_pair,smoke_pair,test,smoke_pair,smoke_001,35.500,355,CA,smoke_pair|smoke_001|CA|7|355,7,,,,0
synthetic,smoke_pair,smoke_pair,test,smoke_pair,smoke_001,35.500,355,CB,smoke_pair|smoke_001|CB|7|355,7,,,,0
synthetic,smoke_pair,smoke_pair,test,smoke_pair,smoke_001,35.500,355,CA,smoke_pair|smoke_001|CA|8|355,8,,,,0
synthetic,smoke_pair,smoke_pair,test,smoke_pair,smoke_001,35.500,355,CB,smoke_pair|smoke_001|CB|8|355,8,,,,0
synthetic,smoke_pair,smoke_pair,test,smoke_pair,smoke_001,35.600,356,CA,smoke_pair|smoke_001|CA|1|356,1,,,,0
synthetic,smoke_pair,smoke_pair,test,smoke_pair,smoke_001,35.600,356,CB,smoke_pair|smoke_001|CB|1|356,1,,,,0
synthetic,smoke_pair,smoke_pair,test,smoke_pair,smoke_001,35.600,356,CA,smoke_pair|smoke_001|CA|2|356,2,,,,0
synthetic,smoke_pair,smoke_pair,test,smoke_pair,smoke_001,35.600,356,CB,smoke_pair|smoke_001|CB|2|356,2,,,,0
synthetic,smoke_pair,smoke_pair,test,smoke_pair,smoke_001,35.600,356,CA,smoke_pair|smoke_001|CA|3|356,3,,,,0
synthetic,smoke_pair,smoke_pair,test,smoke_pair,smoke_001,35.600,356,CB,smoke_pair|smoke_001|CB|3|356,3,,,,0
synthetic,smoke_pair,smoke_pair,test,smoke_pair,smoke_001,35.600,356,CA,smoke_pair|smoke_001|CA|4|356,4,,,,0
synthetic,smoke_pair,smoke_pair,test,smoke_pair,smoke_001,35.600,356,CB,smoke_pair|smoke_001|CB|4|356,4,,,,0
synthetic,smoke_pair,smoke_pair,test,smoke_pair,smoke_001,35.600,356,CA,smoke_pair|smoke_001|CA|5|356,5,,,,0
synthetic,smoke_pair,smoke_pair,test,smoke_pair,smoke_001,35.600,356,CB,smoke_pair|smoke_001|CB|5|356,5,,,,0
synthetic,smoke_pair,smoke_pair,test,smoke_pair,smoke_001,35.600,356,CA,smoke_pair|smoke_001|CA|6|356,6,,,,0
synthetic,smoke_pair,smoke_pair,test,smoke_pair,smoke_001,35.600,356,CB,smoke_pair|smoke_001|CB|6|356,6,,,,0
synthetic,smoke_pair,smoke_pair,test,smoke_pair,smoke_001,35.600,356,CA,smoke_pair|smoke_001|CA|7|356,7,,,,0
synthetic,smoke_pair,smoke_pair,test,smoke_pair,smoke_001,35.600,356,CB,smoke_pair|smoke_001|CB|7|356,7,,,,0
synthetic,smoke_pair,smoke_pair,test,smoke_pair,smoke_001,35.600,356,CA,smoke_pair|smoke_001|CA|8|356,8,,,,0
synthetic,smoke_pair,smoke_pair,test,smoke_pair,smoke_001,35.600,356,CB,smoke_pair|smoke_001|CB|8|356,8,,,,0
synthetic,smoke_pair,smoke_pair,test,smoke_pair,smoke_001,35.700,357,CA,smoke_pair|smoke_001|CA|1|357,1,,,,0
synthetic,smoke_pair,smoke_pair,test,smoke_pair,smoke_001,35.700,357,CB,smoke_pair|smoke_001|CB|1|357,1,,,,0
synthetic,smoke_pair,smoke_pair,test,smoke_pair,smoke_001,35.700,357,CA,smoke_pair|smoke_001|CA|2|357,2,,,,0
synthetic,smoke_pair,smoke_pair,test,smoke_pair,smoke_001,35.700,357,CB,smoke_pair|smoke_001|CB|2|357,2,,,,0
synthetic,smoke_pair,smoke_pair,test,smoke_pair,smoke_001,35.700,357,CA,smoke_pair|smoke_001|CA|3|357,3,,,,0
synthetic,smoke_pair,smoke_pair,test,smoke_pair,smoke_001,35.700,357,CB,smoke_pair|smoke_001|CB|3|357,3,,,,0
synthetic,smoke_pair,smoke_pair,test,smoke_pair,smoke_001,35.700,357,CA,smoke_pair|smoke_001|CA|4|357,4,,,,0
synthetic,smoke_pair,smoke_pair,test,smoke_pair,smoke_001,35.700,357,CB,smoke_pair|smoke_001|CB|4|357,4,,,,0
synthetic,smoke_pair,smoke_pair,test,smoke_pair,smoke_001,35.700,357,CA,smoke_pair|smoke_001|CA|5|357,5,,,,0
synthetic,smoke_pair,smoke_pair,test,smoke_pair,smoke_001,35.700,357,CB,smoke_pair|smoke_001|CB|5|357,5,,,,0
synthetic,smoke_pair,smoke_pair,test,smoke_pair,smoke_001,35.700,357,CA,smoke_pair|smoke_001|CA|6|357,6,,,,0
synthetic,smoke_pair,smoke_pair,test,smoke_pair,smoke_001,35.700,357,CB,smoke_pair|smoke_001|CB|6|357,6,,,,0
synthetic,smoke_pair,smoke_pair,test,smoke_pair,smoke_001,35.700,357,CA,smoke_pair|smoke_001|CA|7|357,7,,,,0
synthetic,smoke_pair,smoke_pair,test,smoke_pair,smoke_001,35.700,357,CB,smoke_pair|smoke_001|CB|7|357,7,,,,0
synthetic,smoke_pair,smoke_pair,test,smoke_pair,smoke_001,35.700,357,CA,smoke_pair|smoke_001|CA|8|357,8,,,,0
synthetic,smoke_pair,smoke_pair,test,smoke_pair,smoke_001,35.700,357,CB,smoke_pair|smoke_001|CB|8|357,8,,,,0
synthetic,smoke_pair,smoke_pair,test,smoke_pair,smoke_001,35.800,358,CA,smoke_pair|smoke_001|CA|1|358,1,,,,0
synthetic,smoke_pair,smoke_pair,test,smoke_pair,smoke_001,35.800,358,CB,smoke_pair|smoke_001|CB|1|358,1,,,,0
synthetic,smoke_pair,smoke_pair,test,smoke_pair,smoke_001,35.800,358,CA,smoke_pair|smoke_001|CA|2|358,2,,,,0
synthetic,smoke_pair,smoke_pair,test,smoke_pair,smoke_001,35.800,358,CB,smoke_pair|smoke_001|CB|2|358,2,,,,0
synthetic,smoke_pair,smoke_pair,test,smoke_pair,smoke_001,35.800,358,CA,smoke_pair|smoke_001|CA|3|358,3,,,,0
synthetic,smoke_pair,smoke_pair,test,smoke_pair,smoke_001,35.800,358,CB,smoke_pair|smoke_001|CB|3|358,3,,,,0
synthetic,smoke_pair,smoke_pair,test,smoke_pair,smoke_001,35.800,358,CA,smoke_pair|smoke_001|CA|4|358,4,,,,0
synthetic,smoke_pair,smoke_pair,test,smoke_pair,smoke_001,35.800,358,CB,smoke_pair|smoke_001|CB|4|358,4,,,,0
synthetic,smoke_pair,smoke_pair,test,smoke_pair,smoke_001,35.800,358,CA,smoke_pair|smoke_001|CA|5|358,5,,,,0
synthetic,smoke_pair,smoke_pair,test,smoke_pair,smoke_001,35.800,358,CB,smoke_pair|smoke_001|CB|5|358,5,,,,0
synthetic,smoke_pair,smoke_pair,test,smoke_pair,smoke_001,35.800,358,CA,smoke_pair|smoke_001|CA|6|358,6,,,,0
synthetic,smoke_pair,smoke_pair,test,smoke_pair,smoke_001,35.800,358,CB,smoke_pair|smoke_001|CB|6|358,6,,,,0
synthetic,smoke_pair,smoke_pair,test,smoke_pair,smoke_001,35.800,358,CA,smoke_pair|smoke_001|CA|7|358,7,,,,0
synthetic,smoke_pair,smoke_pair,test,smoke_pair,smoke_001,35.800,358,CB,smoke_pair|smoke_001|CB|7|358,7,,,,0
synthetic,smoke_pair,smoke_pair,test,smoke_pair,smoke_001,35.800,358,CA,smoke_pair|smoke_001|CA|8|358,8,,,,0
synthetic,smoke_pair,smoke_pair,test,smoke_pair,smoke_001,35.800,358,CB,smoke_pair|smoke_001|CB|8|358,8,,,,0
synthetic,smoke_pair,smoke_pair,test,smoke_pair,smoke_001,35.900,359,CA,smoke_pair|smoke_001|CA|1|359,1,,,,0
synthetic,smoke_pair,smoke_pair,test,smoke_pair,smoke_001,35.900,359,CB,smoke_pair|smoke_001|CB|1|359,1,,,,0
synthetic,smoke_pair,smoke_pair,test,smoke_pair,smoke_001,35.900,359,CA,smoke_pair|smoke_001|CA|2|359,2,,,,0
synthetic,smoke_pair,smoke_pair,test,smoke_pair,smoke_001,35.900,359,CB,smoke_pair|smoke_001|CB|2|359,2,,,,0
synthetic,smoke_pair,smoke_pair,test,smoke_pair,smoke_001,35.900,359,CA,smoke_pair|smoke_001|CA|3|359,3,,,,0
synthetic,smoke_pair,smoke_pair,test,smoke_pair,smoke_001,35.900,359,CB,smoke_pair|smoke_001|CB|3|359,3,,,,0
synthetic,smoke_pair,smoke_pair,test,smoke_pair,smoke_001,35.900,359,CA,smoke_pair|smoke_001|CA|4|359,4,,,,0
synthetic,smoke_pair,smoke_pair,test,smoke_pair,smoke_001,35.900,359,CB,smoke_pair|smoke_001|CB|4|359,4,,,,0
synthetic,smoke_pair,smoke_pair,test,smoke_pair,smoke_001,35.900,359,CA,smoke_pair|smoke_001|CA|5|359,5,,,,0
synthetic,smoke_pair,smoke_pair,test,smoke_pair,smoke_001,35.900,359,CB,smoke_pair|smoke_001|CB|5|359,5,,,,0
synthetic,smoke_pair,smoke_pair,test,smoke_pair,smoke_001,35.900,359,CA,smoke_pair|smoke_001|CA|6|359,6,,,,0
synthetic,smoke_pair,smoke_pair,test,smoke_pair,smoke_001,35.900,359,CB,smoke_pair|smoke_001|CB|6|359,6,,,,0
synthetic,smoke_pair,smoke_pair,test,smoke_pair,smoke_001,35.900,359,CA,smoke_pair|smoke_001|CA|7|359,7,,,,0
synthetic,smoke_pair,smoke_pair,test,smoke_pair,smoke_001,35.900,359,CB,smoke_pair|smoke_001|CB|7|359,7,,,,0
synthetic,smoke_pair,smoke_pair,test,smoke_pair,smoke_001,35.900,359,CA,smoke_pair|smoke_001|CA|8|359,8,,,,0
synthetic,smoke_pair,smoke_pair,test,smoke_pair,smoke_001,35.900,359,CB,smoke_pair|smoke_001|CB|8|359,8,,,,0
synthetic,smoke_pair,smoke_pair,test,smoke_pair,smoke_001,36.000,360,CA,smoke_pair|smoke_001|CA|1|360,1,,,,0
synthetic,smoke_pair,smoke_pair,test,smoke_pair,smoke_001,36.000,360,CB,smoke_pair|smoke_001|CB|1|360,1,,,,0
synthetic,smoke_pair,smoke_pair,test,smoke_pair,smoke_001,36.000,360,CA,smoke_pair|smoke_001|CA|2|360,2,,,,0
synthetic,smoke_pair,smoke_pair,test,smoke_pair,smoke_001,36.000,360,CB,smoke_pair|smoke_001|CB|2|360,2,,,,0
synthetic,smoke_pair,smoke_pair,test,smoke_pair,smoke_001,36.000,360,CA,smoke_pair|smoke_001|CA|3|360,3,,,,0
synthetic,smoke_pair,smoke_pair,test,smoke_pair,smoke_001,36.000,360,CB,smoke_pair|smoke_001|CB|3|360,3,,,,0
synthetic,smoke_pair,smoke_pair,test,smoke_pair,smoke_001,36.000,360,CA,smoke_pair|smoke_001|CA|4|360,4,,,,0
synthetic,smoke_pair,smoke_pair,test,smoke_pair,smoke_001,36.000,360,CB,smoke_pair|smoke_001|CB|4|360,4,,,,0
synthetic,smoke_pair,smoke_pair,test,smoke_pair,smoke_001,36.000,360,CA,smoke_pair|smoke_001|CA|5|360,5,,,,0
synthetic,smoke_pair,smoke_pair,test,smoke_pair,smoke_001,36.000,360,CB,smoke_pair|smoke_001|CB|5|360,5,,,,0
synthetic,smoke_pair,smoke_pair,test,smoke_pair,smoke_001,36.000,360,CA,smoke_pair|smoke_001|CA|6|360,6,,,,0
synthetic,smoke_pair,smoke_pair,test,smoke_pair,smoke_001,36.000,360,CB,smoke_pair|smoke_001|CB|6|360,6,,,,0
synthetic,smoke_pair,smoke_pair,test,smoke_pair,smoke_001,36.000,360,CA,smoke_pair|smoke_001|CA|7|360,7,,,,0
synthetic,smoke_pair,smoke_pair,test,smoke_pair,smoke_001,36.000,360,CB,smoke_pair|smoke_001|CB|7|360,7,,,,0
synthetic,smoke_pair,smoke_pair,test,smoke_pair,smoke_001,36.000,360,CA,smoke_pair|smoke_001|CA|8|360,8,,,,0
synthetic,smoke_pair,smoke_pair,test,smoke_pair,smoke_001,36.000,360,CB,smoke_pair|smoke_001|CB|8|360,8,,,,0
synthetic,smoke_pair,smoke_pair,test,smoke_pair,smoke_001,36.100,361,CA,smoke_pair|smoke_001|CA|1|361,1,,,,0
synthetic,smoke_pair,smoke_pair,test,smoke_pair,smoke_001,36.100,361,CB,smoke_pair|smoke_001|CB|1|361,1,,,,0
synthetic,smoke_pair,smoke_pair,test,smoke_pair,smoke_001,36.100,361,CA,smoke_pair|smoke_001|CA|2|361,2,,,,0
synthetic,smoke_pair,smoke_pair,test,smoke_pair,smoke_001,36.100,361,CB,smoke_pair|smoke_001|CB|2|361,2,,,,0
synthetic,smoke_pair,smoke_pair,test,smoke_pair,smoke_001,36.100,361,CA,smoke_pair|smoke_001|CA|3|361,3,,,,0
synthetic,smoke_pair,smoke_pair,test,smoke_pair,smoke_001,36.100,361,CB,smoke_pair|smoke_001|CB|3|361,3,,,,0
synthetic,smoke_pair,smoke_pair,test,smoke_pair,smoke_001,36.100,361,CA,smoke_pair|smoke_001|CA|4|361,4,,,,0
synthetic,smoke_pair,smoke_pair,test,smoke_pair,smoke_001,36.100,361,CB,smoke_pair|smoke_001|CB|4|361,4,,,,0
synthetic,smoke_pair,smoke_pair,test,smoke_pair,smoke_001,36.100,361,CA,smoke_pair|smoke_001|CA|5|361,5,,,,0
synthetic,smoke_pair,smoke_pair,test,smoke_pair,smoke_001,36.100,361,CB,smoke_pair|smoke_001|CB|5|361,5,,,,0
synthetic,smoke_pair,smoke_pair,test,smoke_pair,smoke_001,36.100,361,CA,smoke_pair|smoke_001|CA|6|361,6,,,,0
synthetic,smoke_pair,smoke_pair,test,smoke_pair,smoke_001,36.100,361,CB,smoke_pair|smoke_001|CB|6|361,6,,,,0
synthetic,smoke_pair,smoke_pair,test,smoke_pair,smoke_001,36.100,361,CA,smoke_pair|smoke_001|CA|7|361,7,,,,0
synthetic,smoke_pair,smoke_pair,test,smoke_pair,smoke_001,36.100,361,CB,smoke_pair|smoke_001|CB|7|361,7,,,,0
synthetic,smoke_pair,smoke_pair,test,smoke_pair,smoke_001,36.100,361,CA,smoke_pair|smoke_001|CA|8|361,8,,,,0
synthetic,smoke_pair,smoke_pair,test,smoke_pair,smoke_001,36.100,361,CB,smoke_pair|smoke_001|CB|8|361,8,,,,0
synthetic,smoke_pair,smoke_pair,test,smoke_pair,smoke_001,36.200,362,CA,smoke_pair|smoke_001|CA|1|362,1,,,,0
synthetic,smoke_pair,smoke_pair,test,smoke_pair,smoke_001,36.200,362,CB,smoke_pair|smoke_001|CB|1|362,1,,,,0
synthetic,smoke_pair,smoke_pair,test,smoke_pair,smoke_001,36.200,362,CA,smoke_pair|smoke_001|CA|2|362,2,,,,0
synthetic,smoke_pair,smoke_pair,test,smoke_pair,smoke_001,36.200,362,CB,smoke_pair|smoke_001|CB|2|362,2,,,,0
synthetic,smoke_pair,smoke_pair,test,smoke_pair,smoke_001,36.200,362,CA,smoke_pair|smoke_001|CA|3|362,3,,,,0
synthetic,smoke_pair,smoke_pair,test,smoke_pair,smoke_001,36.200,362,CB,smoke_pair|smoke_001|CB|3|362,3,,,,0
synthetic,smoke_pair,smoke_pair,test,smoke_pair,smoke_001,36.200,362,CA,smoke_pair|smoke_001|CA|4|362,4,,,,0
synthetic,smoke_pair,smoke_pair,test,smoke_pair,smoke_001,36.200,362,CB,smoke_pair|smoke_001|CB|4|362,4,,,,0
synthetic,smoke_pair,smoke_pair,test,smoke_pair,smoke_001,36.200,362,CA,smoke_pair|smoke_001|CA|5|362,5,,,,0
synthetic,smoke_pair,smoke_pair,test,smoke_pair,smoke_001,36.200,362,CB,smoke_pair|smoke_001|CB|5|362,5,,,,0
synthetic,smoke_pair,smoke_pair,test,smoke_pair,smoke_001,36.200,362,CA,smoke_pair|smoke_001|CA|6|362,6,,,,0
synthetic,smoke_pair,smoke_pair,test,smoke_pair,smoke_001,36.200,362,CB,smoke_pair|smoke_001|CB|6|362,6,,,,0
synthetic,smoke_pair,smoke_pair,test,smoke_pair,smoke_001,36.200,362,CA,smoke_pair|smoke_001|CA|7|362,7,,,,0
synthetic,smoke_pair,smoke_pair,test,smoke_pair,smoke_001,36.200,362,CB,smoke_pair|smoke_001|CB|7|362,7,,,,0
synthetic,smoke_pair,smoke_pair,test,smoke_pair,smoke_001,36.200,362,CA,smoke_pair|smoke_001|CA|8|362,8,,,,0
synthetic,smoke_pair,smoke_pair,test,smoke_pair,smoke_001,36.200,362,CB,smoke_pair|smoke_001|CB|8|362,8,,,,0
synthetic,smoke_pair,smoke_pair,test,smoke_pair,smoke_001,36.300,363,CA,smoke_pair|smoke_001|CA|1|363,1,,,,0
synthetic,smoke_pair,smoke_pair,test,smoke_pair,smoke_001,36.300,363,CB,smoke_pair|smoke_001|CB|1|363,1,,,,0
synthetic,smoke_pair,smoke_pair,test,smoke_pair,smoke_001,36.300,363,CA,smoke_pair|smoke_001|CA|2|363,2,,,,0
synthetic,smoke_pair,smoke_pair,test,smoke_pair,smoke_001,36.300,363,CB,smoke_pair|smoke_001|CB|2|363,2,,,,0
synthetic,smoke_pair,smoke_pair,test,smoke_pair,smoke_001,36.300,363,CA,smoke_pair|smoke_001|CA|3|363,3,,,,0
synthetic,smoke_pair,smoke_pair,test,smoke_pair,smoke_001,36.300,363,CB,smoke_pair|smoke_001|CB|3|363,3,,,,0
synthetic,smoke_pair,smoke_pair,test,smoke_pair,smoke_001,36.300,363,CA,smoke_pair|smoke_001|CA|4|363,4,,,,0
synthetic,smoke_pair,smoke_pair,test,smoke_pair,smoke_001,36.300,363,CB,smoke_pair|smoke_001|CB|4|363,4,,,,0
synthetic,smoke_pair,smoke_pair,test,smoke_pair,smoke_001,36.300,363,CA,smoke_pair|smoke_001|CA|5|363,5,,,,0
synthetic,smoke_pair,smoke_pair,test,smoke_pair,smoke_001,36.300,363,CB,smoke_pair|smoke_001|CB|5|363,5,,,,0
synthetic,smoke_pair,smoke_pair,test,smoke_pair,smoke_001,36.300,363,CA,smoke_pair|smoke_001|CA|6|363,6,,,,0
synthetic,smoke_pair,smoke_pair,test,smoke_pair,smoke_001,36.300,363,CB,smoke_pair|smoke_001|CB|6|363,6,,,,0
synthetic,smoke_pair,smoke_pair,test,smoke_pair,smoke_001,36.300,363,CA,smoke_pair|smoke_001|CA|7|363,7,,,,0
synthetic,smoke_pair,smoke_pair,test,smoke_pair,smoke_001,36.300,363,CB,smoke_pair|smoke_001|CB|7|363,7,,,,0
synthetic,smoke_pair,smoke_pair,test,smoke_pair,smoke_001,36.300,363,CA,smoke_pair|smoke_001|CA|8|363,8,,,,0
synthetic,smoke_pair,smoke_pair,test,smoke_pair,smoke_001,36.300,363,CB,smoke_pair|smoke_001|CB|8|363,8,,,,0
synthetic,smoke_pair,smoke_pair,test,smoke_pair,smoke_001,36.400,364,CA,smoke_pair|smoke_001|CA|1|364,1,,,,0
synthetic,smoke_pair,smoke_pair,test,smoke_pair,smoke_001,36.400,364,CB,smoke_pair|smoke_001|CB|1|364,1,,,,0
synthetic,smoke_pair,smoke_pair,test,smoke_pair,smoke_001,36.400,364,CA,smoke_pair|smoke_001|CA|2|364,2,,,,0
synthetic,smoke_pair,smoke_pair,test,smoke_pair,smoke_001,36.400,364,CB,smoke_pair|smoke_001|CB|2|364,2,,,,0
synthetic,smoke_pair,smoke_pair,test,smoke_pair,smoke_001,36.400,364,CA,smoke_pair|smoke_001|CA|3|364,3,,,,0
synthetic,smoke_pair,smoke_pair,test,smoke_pair,smoke_001,36.400,364,CB,smoke_pair|smoke_001|CB|3|364,3,,,,0
synthetic,smoke_pair,smoke_pair,test,smoke_pair,smoke_001,36.400,364,CA,smoke_pair|smoke_001|CA|4|364,4,,,,0
synthetic,smoke_pair,smoke_pair,test,smoke_pair,smoke_001,36.400,364,CB,smoke_pair|smoke_001|CB|4|364,4,,,,0
synthetic,smoke_pair,smoke_pair,test,smoke_pair,smoke_001,36.400,364,CA,smoke_pair|smoke_001|CA|5|364,5,,,,0
synthetic,smoke_pair,smoke_pair,test,smoke_pair,smoke_001,36.400,364,CB,smoke_pair|smoke_001|CB|5|364,5,,,,0
synthetic,smoke_pair,smoke_pair,test,smoke_pair,smoke_001,36.400,364,CA,smoke_pair|smoke_001|CA|6|364,6,,,,0
synthetic,smoke_pair,smoke_pair,test,smoke_pair,smoke_001,36.400,364,CB,smoke_pair|smoke_001|CB|6|364,6,,,,0
synthetic,smoke_pair,smoke_pair,test,smoke_pair,smoke_001,36.400,364,CA,smoke_pair|smoke_001|CA|7|364,7,,,,0
synthetic,smoke_pair,smoke_pair,test,smoke_pair,smoke_001,36.400,364,CB,smoke_pair|smoke_001|CB|7|364,7,,,,0
synthetic,smoke_pair,smoke_pair,test,smoke_pair,smoke_001,36.400,364,CA,smoke_pair|smoke_001|CA|8|364,8,,,,0
synthetic,smoke_pair,smoke_pair,test,smoke_pair,smoke_001,36.400,364,CB,smoke_pair|smoke_001|CB|8|364,8,,,,0
synthetic,smoke_pair,smoke_pair,test,smoke_pair,smoke_001,36.500,365,CA,smoke_pair|smoke_001|CA|1|365,1,,,,0
synthetic,smoke_pair,smoke_pair,test,smoke_pair,smoke_001,36.500,365,CB,smoke_pair|smoke_001|CB|1|365,1,,,,0
synthetic,smoke_pair,smoke_pair,test,smoke_pair,smoke_001,36.500,365,CA,smoke_pair|smoke_001|CA|2|365,2,,,,0
synthetic,smoke_pair,smoke_pair,test,smoke_pair,smoke_001,36.500,365,CB,smoke_pair|smoke_001|CB|2|365,2,,,,0
synthetic,smoke_pair,smoke_pair,test,smoke_pair,smoke_001,36.500,365,CA,smoke_pair|smoke_001|CA|3|365,3,,,,0
synthetic,smoke_pair,smoke_pair,test,smoke_pair,smoke_001,36.500,365,CB,smoke_pair|smoke_001|CB|3|365,3,,,,0
synthetic,smoke_pair,smoke_pair,test,smoke_pair,smoke_001,36.500,365,CA,smoke_pair|smoke_001|CA|4|365,4,,,,0
synthetic,smoke_pair,smoke_pair,test,smoke_pair,smoke_001,36.500,365,CB,smoke_pair|smoke_001|CB|4|365,4,,,,0
synthetic,smoke_pair,smoke_pair,test,smoke_pair,smoke_001,36.500,365,CA,smoke_pair|smoke_001|CA|5|365,5,,,,0
synthetic,smoke_pair,smoke_pair,test,smoke_pair,smoke_001,36.500,365,CB,smoke_pair|smoke_001|CB|5|365,5,,,,0
synthetic,smoke_pair,smoke_pair,test,smoke_pair,smoke_001,36.500,365,CA,smoke_pair|smoke_001|CA|6|365,6,,,,0
synthetic,smoke_pair,smoke_pair,test,smoke_pair,smoke_001,36.500,365,CB,smoke_pair|smoke_001|CB|6|365,6,,,,0
synthetic,smoke_pair,smoke_pair,test,smoke_pair,smoke_001,36.500,365,CA,smoke_pair|smoke_001|CA|7|365,7,,,,0
synthetic,smoke_pair,smoke_pair,test,smoke_pair,smoke_001,36.500,365,CB,smoke_pair|smoke_001|CB|7|365,7,,,,0
synthetic,smoke_pair,smoke_pair,test,smoke_pair,smoke_001,36.500,365,CA,smoke_pair|smoke_001|CA|8|365,8,,,,0
synthetic,smoke_pair,smoke_pair,test,smoke_pair,smoke_001,36.500,365,CB,smoke_pair|smoke_001|CB|8|365,8,,,,0
synthetic,smoke_pair,smoke_pair,test,smoke_pair,smoke_001,36.600,366,CA,smoke_pair|smoke_001|CA|1|366,1,,,,0
synthetic,smoke_pair,smoke_pair,test,smoke_pair,smoke_001,36.600,366,CB,smoke_pair|smoke_001|CB|1|366,1,,,,0
synthetic,smoke_pair,smoke_pair,test,smoke_pair,smoke_001,36.600,366,CA,smoke_pair|smoke_001|CA|2|366,2,,,,0
synthetic,smoke_pair,smoke_pair,test,smoke_pair,smoke_001,36.600,366,CB,smoke_pair|smoke_001|CB|2|366,2,,,,0
synthetic,smoke_pair,smoke_pair,test,smoke_pair,smoke_001,36.600,366,CA,smoke_pair|smoke_001|CA|3|366,3,,,,0
synthetic,smoke_pair,smoke_pair,test,smoke_pair,smoke_001,36.600,366,CB,smoke_pair|smoke_001|CB|3|366,3,,,,0
synthetic,smoke_pair,smoke_pair,test,smoke_pair,smoke_001,36.600,366,CA,smoke_pair|smoke_001|CA|4|366,4,,,,0
synthetic,smoke_pair,smoke_pair,test,smoke_pair,smoke_001,36.600,366,CB,smoke_pair|smoke_001|CB|4|366,4,,,,0
synthetic,smoke_pair,smoke_pair,test,smoke_pair,smoke_001,36.600,366,CA,smoke_pair|smoke_001|CA|5|366,5,,,,0
synthetic,smoke_pair,smoke_pair,test,smoke_pair,smoke_001,36.600,366,CB,smoke_pair|smoke_001|CB|5|366,5,,,,0
synthetic,smoke_pair,smoke_pair,test,smoke_pair,smoke_001,36.600,366,CA,smoke_pair|smoke_001|CA|6|366,6,,,,0
synthetic,smoke_pair,smoke_pair,test,smoke_pair,smoke_001,36.600,366,CB,smoke_pair|smoke_001|CB|6|366,6,,,,0
synthetic,smoke_pair,smoke_pair,test,smoke_pair,smoke_001,36.600,366,CA,smoke_pair|smoke_001|CA|7|366,7,,,,0
synthetic,smoke_pair,smoke_pair,test,smoke_pair,smoke_001,36.600,366,CB,smoke_pair|smoke_001|CB|7|366,7,,,,0
synthetic,smoke_pair,smoke_pair,test,smoke_pair,smoke_001,36.600,366,CA,smoke_pair|smoke_001|CA|8|366,8,,,,0
synthetic,smoke_pair,smoke_pair,test,smoke_pair,smoke_001,36.600,366,CB,smoke_pair|smoke_001|CB|8|366,8,,,,0
synthetic,smoke_pair,smoke_pair,test,smoke_pair,smoke_001,36.700,367,CA,smoke_pair|smoke_001|CA|1|367,1,,,,0
synthetic,smoke_pair,smoke_pair,test,smoke_pair,smoke_001,36.700,367,CB,smoke_pair|smoke_001|CB|1|367,1,,,,0
synthetic,smoke_pair,smoke_pair,test,smoke_pair,smoke_001,36.700,367,CA,smoke_pair|smoke_001|CA|2|367,2,,,,0
synthetic,smoke_pair,smoke_pair,test,smoke_pair,smoke_001,36.700,367,CB,smoke_pair|smoke_001|CB|2|367,2,,,,0
synthetic,smoke_pair,smoke_pair,test,smoke_pair,smoke_001,36.700,367,CA,smoke_pair|smoke_001|CA|3|367,3,,,,0
synthetic,smoke_pair,smoke_pair,test,smoke_pair,smoke_001,36.700,367,CB,smoke_pair|smoke_001|CB|3|367,3,,,,0
synthetic,smoke_pair,smoke_pair,test,smoke_pair,smoke_001,36.700,367,CA,smoke_pair|smoke_001|CA|4|367,4,,,,0
synthetic,smoke_pair,smoke_pair,test,smoke_pair,smoke_001,36.700,367,CB,smoke_pair|smoke_001|CB|4|367,4,,,,0
synthetic,smoke_pair,smoke_pair,test,smoke_pair,smoke_001,36.700,367,CA,smoke_pair|smoke_001|CA|5|367,5,,,,0
synthetic,smoke_pair,smoke_pair,test,smoke_pair,smoke_001,36.700,367,CB,smoke_pair|smoke_001|CB|5|367,5,,,,0
synthetic,smoke_pair,smoke_pair,test,smoke_pair,smoke_001,36.700,367,CA,smoke_pair|smoke_001|CA|6|367,6,,,,0
synthetic,smoke_pair,smoke_pair,test,smoke_pair,smoke_001,36.700,367,CB,smoke_pair|smoke_001|CB|6|367,6,,,,0
synthetic,smoke_pair,smoke_pair,test,smoke_pair,smoke_001,36.700,367,CA,smoke_pair|smoke_001|CA|7|367,7,,,,0
synthetic,smoke_pair,smoke_pair,test,smoke_pair,smoke_001,36.700,367,CB,smoke_pair|smoke_001|CB|7|367,7,,,,0
synthetic,smoke_pair,smoke_pair,test,smoke_pair,smoke_001,36.700,367,CA,smoke_pair|smoke_001|CA|8|367,8,,,,0
synthetic,smoke_pair,smoke_pair,test,smoke_pair,smoke_001,36.700,367,CB,smoke_pair|smoke_001|CB|8|367,8,,,,0
synthetic,smoke_pair,smoke_pair,test,smoke_pair,smoke_001,36.800,368,CA,smoke_pair|smoke_001|CA|1|368,1,,,,0
synthetic,smoke_pair,smoke_pair,test,smoke_pair,smoke_001,36.800,368,CB,smoke_pair|smoke_001|CB|1|368,1,,,,0
synthetic,smoke_pair,smoke_pair,test,smoke_pair,smoke_001,36.800,368,CA,smoke_pair|smoke_001|CA|2|368,2,,,,0
synthetic,smoke_pair,smoke_pair,test,smoke_pair,smoke_001,36.800,368,CB,smoke_pair|smoke_001|CB|2|368,2,,,,0
synthetic,smoke_pair,smoke_pair,test,smoke_pair,smoke_001,36.800,368,CA,smoke_pair|smoke_001|CA|3|368,3,,,,0
synthetic,smoke_pair,smoke_pair,test,smoke_pair,smoke_001,36.800,368,CB,smoke_pair|smoke_001|CB|3|368,3,,,,0
synthetic,smoke_pair,smoke_pair,test,smoke_pair,smoke_001,36.800,368,CA,smoke_pair|smoke_001|CA|4|368,4,,,,0
synthetic,smoke_pair,smoke_pair,test,smoke_pair,smoke_001,36.800,368,CB,smoke_pair|smoke_001|CB|4|368,4,,,,0
synthetic,smoke_pair,smoke_pair,test,smoke_pair,smoke_001,36.800,368,CA,smoke_pair|smoke_001|CA|5|368,5,,,,0
synthetic,smoke_pair,smoke_pair,test,smoke_pair,smoke_001,36.800,368,CB,smoke_pair|smoke_001|CB|5|368,5,,,,0
synthetic,smoke_pair,smoke_pair,test,smoke_pair,smoke_001,36.800,368,CA,smoke_pair|smoke_001|CA|6|368,6,,,,0
synthetic,smoke_pair,smoke_pair,test,smoke_pair,smoke_001,36.800,368,CB,smoke_pair|smoke_001|CB|6|368,6,,,,0
synthetic,smoke_pair,smoke_pair,test,smoke_pair,smoke_001,36.800,368,CA,smoke_pair|smoke_001|CA|7|368,7,,,,0
synthetic,smoke_pair,smoke_pair,test,smoke_pair,smoke_001,36.800,368,CB,smoke_pair|smoke_001|CB|7|368,7,,,,0
synthetic,smoke_pair,smoke_pair,test,smoke_pair,smoke_001,36.800,368,CA,smoke_pair|smoke_001|CA|8|368,8,,,,0
synthetic,smoke_pair,smoke_pair,test,smoke_pair,smoke_001,36.800,368,CB,smoke_pair|smoke_001|CB|8|368,8,,,,0
synthetic,smoke_pair,smoke_pair,test,smoke_pair,smoke_001,36.900,369,CA,smoke_pair|smoke_001|CA|1|369,1,,,,0
synthetic,smoke_pair,smoke_pair,test,smoke_pair,smoke_001,36.900,369,CB,smoke_pair|smoke_001|CB|1|369,1,,,,0
synthetic,smoke_pair,smoke_pair,test,smoke_pair,smoke_001,36.900,369,CA,smoke_pair|smoke_001|CA|2|369,2,,,,0
synthetic,smoke_pair,smoke_pair,test,smoke_pair,smoke_001,36.900,369,CB,smoke_pair|smoke_001|CB|2|369,2,,,,0
synthetic,smoke_pair,smoke_pair,test,smoke_pair,smoke_001,36.900,369,CA,smoke_pair|smoke_001|CA|3|369,3,,,,0
synthetic,smoke_pair,smoke_pair,test,smoke_pair,smoke_001,36.900,369,CB,smoke_pair|smoke_001|CB|3|369,3,,,,0
synthetic,smoke_pair,smoke_pair,test,smoke_pair,smoke_001,36.900,369,CA,smoke_pair|smoke_001|CA|4|369,4,,,,0
synthetic,smoke_pair,smoke_pair,test,smoke_pair,smoke_001,36.900,369,CB,smoke_pair|smoke_001|CB|4|369,4,,,,0
synthetic,smoke_pair,smoke_pair,test,smoke_pair,smoke_001,36.900,369,CA,smoke_pair|smoke_001|CA|5|369,5,,,,0
synthetic,smoke_pair,smoke_pair,test,smoke_pair,smoke_001,36.900,369,CB,smoke_pair|smoke_001|CB|5|369,5,,,,0
synthetic,smoke_pair,smoke_pair,test,smoke_pair,smoke_001,36.900,369,CA,smoke_pair|smoke_001|CA|6|369,6,,,,0
synthetic,smoke_pair,smoke_pair,test,smoke_pair,smoke_001,36.900,369,CB,smoke_pair|smoke_001|CB|6|369,6,,,,0
synthetic,smoke_pair,smoke_pair,test,smoke_pair,smoke_001,36.900,369,CA,smoke_pair|smoke_001|CA|7|369,7,,,,0
synthetic,smoke_pair,smoke_pair,test,smoke_pair,smoke_001,36.900,369,CB,smoke_pair|smoke_001|CB|7|369,7,,,,0
synthetic,smoke_pair,smoke_pair,test,smoke_pair,smoke_001,36.900,369,CA,smoke_pair|smoke_001|CA|8|369,8,,,,0
synthetic,smoke_pair,smoke_pair,test,smoke_pair,smoke_001,36.900,369,CB,smoke_pair|smoke_001|CB|8|369,8,,,,0
synthetic,smoke_pair,smoke_pair,test,smoke_pair,smoke_001,37.000,370,CA,smoke_pair|smoke_001|CA|1|370,1,,,,0
synthetic,smoke_pair,smoke_pair,test,smoke_pair,smoke_001,37.000,370,CB,smoke_pair|smoke_001|CB|1|370,1,,,,0
synthetic,smoke_pair,smoke_pair,test,smoke_pair,smoke_001,37.000,370,CA,smoke_pair|smoke_001|CA|2|370,2,,,,0
synthetic,smoke_pair,smoke_pair,test,smoke_pair,smoke_001,37.000,370,CB,smoke_pair|smoke_001|CB|2|370,2,,,,0
synthetic,smoke_pair,smoke_pair,test,smoke_pair,smoke_001,37.000,370,CA,smoke_pair|smoke_001|CA|3|370,3,,,,0
synthetic,smoke_pair,smoke_pair,test,smoke_pair,smoke_001,37.000,370,CB,smoke_pair|smoke_001|CB|3|370,3,,,,0
synthetic,smoke_pair,smoke_pair,test,smoke_pair,smoke_001,37.000,370,CA,smoke_pair|smoke_001|CA|4|370,4,,,,0
synthetic,smoke_pair,smoke_pair,test,smoke_pair,smoke_001,37.000,370,CB,smoke_pair|smoke_001|CB|4|370,4,,,,0
synthetic,smoke_pair,smoke_pair,test,smoke_pair,smoke_001,37.000,370,CA,smoke_pair|smoke_001|CA|5|370,5,,,,0
synthetic,smoke_pair,smoke_pair,test,smoke_pair,smoke_001,37.000,370,CB,smoke_pair|smoke_001|CB|5|370,5,,,,0
synthetic,smoke_pair,smoke_pair,test,smoke_pair,smoke_001,37.000,370,CA,smoke_pair|smoke_001|CA|6|370,6,,,,0
synthetic,smoke_pair,smoke_pair,test,smoke_pair,smoke_001,37.000,370,CB,smoke_pair|smoke_001|CB|6|370,6,,,,0
synthetic,smoke_pair,smoke_pair,test,smoke_pair,smoke_001,37.000,370,CA,smoke_pair|smoke_001|CA|7|370,7,,,,0
synthetic,smoke_pair,smoke_pair,test,smoke_pair,smoke_001,37.000,370,CB,smoke_pair|smoke_001|CB|7|370,7,,,,0
synthetic,smoke_pair,smoke_pair,test,smoke_pair,smoke_001,37.000,370,CA,smoke_pair|smoke_001|CA|8|370,8,,,,0
synthetic,smoke_pair,smoke_pair,test,smoke_pair,smoke_001,37.000,370,CB,smoke_pair|smoke_001|CB|8|370,8,,,,0
synthetic,smoke_pair,smoke_pair,test,smoke_pair,smoke_001,37.100,371,CA,smoke_pair|smoke_001|CA|1|371,1,,,,0
synthetic,smoke_pair,smoke_pair,test,smoke_pair,smoke_001,37.100,371,CB,smoke_pair|smoke_001|CB|1|371,1,,,,0
synthetic,smoke_pair,smoke_pair,test,smoke_pair,smoke_001,37.100,371,CA,smoke_pair|smoke_001|CA|2|371,2,,,,0
synthetic,smoke_pair,smoke_pair,test,smoke_pair,smoke_001,37.100,371,CB,smoke_pair|smoke_001|CB|2|371,2,,,,0
synthetic,smoke_pair,smoke_pair,test,smoke_pair,smoke_001,37.100,371,CA,smoke_pair|smoke_001|CA|3|371,3,,,,0
synthetic,smoke_pair,smoke_pair,test,smoke_pair,smoke_001,37.100,371,CB,smoke_pair|smoke_001|CB|3|371,3,,,,0
synthetic,smoke_pair,smoke_pair,test,smoke_pair,smoke_001,37.100,371,CA,smoke_pair|smoke_001|CA|4|371,4,,,,0
synthetic,smoke_pair,smoke_pair,test,smoke_pair,smoke_001,37.100,371,CB,smoke_pair|smoke_001|CB|4|371,4,,,,0
synthetic,smoke_pair,smoke_pair,test,smoke_pair,smoke_001,37.100,371,CA,smoke_pair|smoke_001|CA|5|371,5,,,,0
synthetic,smoke_pair,smoke_pair,test,smoke_pair,smoke_001,37.100,371,CB,smoke_pair|smoke_001|CB|5|371,5,,,,0
synthetic,smoke_pair,smoke_pair,test,smoke_pair,smoke_001,37.100,371,CA,smoke_pair|smoke_001|CA|6|371,6,,,,0
synthetic,smoke_pair,smoke_pair,test,smoke_pair,smoke_001,37.100,371,CB,smoke_pair|smoke_001|CB|6|371,6,,,,0
synthetic,smoke_pair,smoke_pair,test,smoke_pair,smoke_001,37.100,371,CA,smoke_pair|smoke_001|CA|7|371,7,,,,0
synthetic,smoke_pair,smoke_pair,test,smoke_pair,smoke_001,37.100,371,CB,smoke_pair|smoke_001|CB|7|371,7,,,,0
synthetic,smoke_pair,smoke_pair,test,smoke_pair,smoke_001,37.100,371,CA,smoke_pair|smoke_001|CA|8|371,8,,,,0
synthetic,smoke_pair,smoke_pair,test,smoke_pair,smoke_001,37.100,371,CB,smoke_pair|smoke_001|CB|8|371,8,,,,0
synthetic,smoke_pair,smoke_pair,test,smoke_pair,smoke_001,37.200,372,CA,smoke_pair|smoke_001|CA|1|372,1,,,,0
synthetic,smoke_pair,smoke_pair,test,smoke_pair,smoke_001,37.200,372,CB,smoke_pair|smoke_001|CB|1|372,1,,,,0
synthetic,smoke_pair,smoke_pair,test,smoke_pair,smoke_001,37.200,372,CA,smoke_pair|smoke_001|CA|2|372,2,,,,0
synthetic,smoke_pair,smoke_pair,test,smoke_pair,smoke_001,37.200,372,CB,smoke_pair|smoke_001|CB|2|372,2,,,,0
synthetic,smoke_pair,smoke_pair,test,smoke_pair,smoke_001,37.200,372,CA,smoke_pair|smoke_001|CA|3|372,3,,,,0
synthetic,smoke_pair,smoke_pair,test,smoke_pair,smoke_001,37.200,372,CB,smoke_pair|smoke_001|CB|3|372,3,,,,0
synthetic,smoke_pair,smoke_pair,test,smoke_pair,smoke_001,37.200,372,CA,smoke_pair|smoke_001|CA|4|372,4,,,,0
synthetic,smoke_pair,smoke_pair,test,smoke_pair,smoke_001,37.200,372,CB,smoke_pair|smoke_001|CB|4|372,4,,,,0
synthetic,smoke_pair,smoke_pair,test,smoke_pair,smoke_001,37.200,372,CA,smoke_pair|smoke_001|CA|5|372,5,,,,0
synthetic,smoke_pair,smoke_pair,test,smoke_pair,smoke_001,37.200,372,CB,smoke_pair|smoke_001|CB|5|372,5,,,,0
synthetic,smoke_pair,smoke_pair,test,smoke_pair,smoke_001,37.200,372,CA,smoke_pair|smoke_001|CA|6|372,6,,,,0
synthetic,smoke_pair,smoke_pair,test,smoke_pair,smoke_001,37.200,372,CB,smoke_pair|smoke_001|CB|6|372,6,,,,0
synthetic,smoke_pair,smoke_pair,test,smoke_pair,smoke_001,37.200,372,CA,smoke_pair|smoke_001|CA|7|372,7,,,,0
synthetic,smoke_pair,smoke_pair,test,smoke_pair,smoke_001,37.200,372,CB,smoke_pair|smoke_001|CB|7|372,7,,,,0
synthetic,smoke_pair,smoke_pair,test,smoke_pair,smoke_001,37.200,372,CA,smoke_pair|smoke_001|CA|8|372,8,,,,0
synthetic,smoke_pair,smoke_pair,test,smoke_pair,smoke_001,37.200,372,CB,smoke_pair|smoke_001|CB|8|372,8,,,,0
synthetic,smoke_pair,smoke_pair,test,smoke_pair,smoke_001,37.300,373,CA,smoke_pair|smoke_001|CA|1|373,1,,,,0
synthetic,smoke_pair,smoke_pair,test,smoke_pair,smoke_001,37.300,373,CB,smoke_pair|smoke_001|CB|1|373,1,,,,0
synthetic,smoke_pair,smoke_pair,test,smoke_pair,smoke_001,37.300,373,CA,smoke_pair|smoke_001|CA|2|373,2,,,,0
synthetic,smoke_pair,smoke_pair,test,smoke_pair,smoke_001,37.300,373,CB,smoke_pair|smoke_001|CB|2|373,2,,,,0
synthetic,smoke_pair,smoke_pair,test,smoke_pair,smoke_001,37.300,373,CA,smoke_pair|smoke_001|CA|3|373,3,,,,0
synthetic,smoke_pair,smoke_pair,test,smoke_pair,smoke_001,37.300,373,CB,smoke_pair|smoke_001|CB|3|373,3,,,,0
synthetic,smoke_pair,smoke_pair,test,smoke_pair,smoke_001,37.300,373,CA,smoke_pair|smoke_001|CA|4|373,4,,,,0
synthetic,smoke_pair,smoke_pair,test,smoke_pair,smoke_001,37.300,373,CB,smoke_pair|smoke_001|CB|4|373,4,,,,0
synthetic,smoke_pair,smoke_pair,test,smoke_pair,smoke_001,37.300,373,CA,smoke_pair|smoke_001|CA|5|373,5,,,,0
synthetic,smoke_pair,smoke_pair,test,smoke_pair,smoke_001,37.300,373,CB,smoke_pair|smoke_001|CB|5|373,5,,,,0
synthetic,smoke_pair,smoke_pair,test,smoke_pair,smoke_001,37.300,373,CA,smoke_pair|smoke_001|CA|6|373,6,,,,0
synthetic,smoke_pair,smoke_pair,test,smoke_pair,smoke_001,37.300,373,CB,smoke_pair|smoke_001|CB|6|373,6,,,,0
synthetic,smoke_pair,smoke_pair,test,smoke_pair,smoke_001,37.300,373,CA,smoke_pair|smoke_001|CA|7|373,7,,,,0
synthetic,smoke_pair,smoke_pair,test,smoke_pair,smoke_001,37.300,373,CB,smoke_pair|smoke_001|CB|7|373,7,,,,0
synthetic,smoke_pair,smoke_pair,test,smoke_pair,smoke_001,37.300,373,CA,smoke_pair|smoke_001|CA|8|373,8,,,,0
synthetic,smoke_pair,smoke_pair,test,smoke_pair,smoke_001,37.300,373,CB,smoke_pair|smoke_001|CB|8|373,8,,,,0
synthetic,smoke_pair,smoke_pair,test,smoke_pair,smoke_001,37.400,374,CA,smoke_pair|smoke_001|CA|1|374,1,,,,0
synthetic,smoke_pair,smoke_pair,test,smoke_pair,smoke_001,37.400,374,CB,smoke_pair|smoke_001|CB|1|374,1,,,,0
synthetic,smoke_pair,smoke_pair,test,smoke_pair,smoke_001,37.400,374,CA,smoke_pair|smoke_001|CA|2|374,2,,,,0
synthetic,smoke_pair,smoke_pair,test,smoke_pair,smoke_001,37.400,374,CB,smoke_pair|smoke_001|CB|2|374,2,,,,0
synthetic,smoke_pair,smoke_pair,test,smoke_pair,smoke_001,37.400,374,CA,smoke_pair|smoke_001|CA|3|374,3,,,,0
synthetic,smoke_pair,smoke_pair,test,smoke_pair,smoke_001,37.400,374,CB,smoke_pair|smoke_001|CB|3|374,3,,,,0
synthetic,smoke_pair,smoke_pair,test,smoke_pair,smoke_001,37.400,374,CA,smoke_pair|smoke_001|CA|4|374,4,,,,0
synthetic,smoke_pair,smoke_pair,test,smoke_pair,smoke_001,37.400,374,CB,smoke_pair|smoke_001|CB|4|374,4,,,,0
synthetic,smoke_pair,smoke_pair,test,smoke_pair,smoke_001,37.400,374,CA,smoke_pair|smoke_001|CA|5|374,5,,,,0
synthetic,smoke_pair,smoke_pair,test,smoke_pair,smoke_001,37.400,374,CB,smoke_pair|smoke_001|CB|5|374,5,,,,0
synthetic,smoke_pair,smoke_pair,test,smoke_pair,smoke_001,37.400,374,CA,smoke_pair|smoke_001|CA|6|374,6,,,,0
synthetic,smoke_pair,smoke_pair,test,smoke_pair,smoke_001,37.400,374,CB,smoke_pair|smoke_001|CB|6|374,6,,,,0
synthetic,smoke_pair,smoke_pair,test,smoke_pair,smoke_001,37.400,374,CA,smoke_pair|smoke_001|CA|7|374,7,,,,0
synthetic,smoke_pair,smoke_pair,test,smoke_pair,smoke_001,37.400,374,CB,smoke_pair|smoke_001|CB|7|374,7,,,,0
synthetic,smoke_pair,smoke_pair,test,smoke_pair,smoke_001,37.400,374,CA,smoke_pair|smoke_001|CA|8|374,8,,,,0
synthetic,smoke_pair,smoke_pair,test,smoke_pair,smoke_001,37.400,374,CB,smoke_pair|smoke_001|CB|8|374,8,,,,0
synthetic,smoke_pair,smoke_pair,test,smoke_pair,smoke_001,37.500,375,CA,smoke_pair|smoke_001|CA|1|375,1,,,,0
synthetic,smoke_pair,smoke_pair,test,smoke_pair,smoke_001,37.500,375,CB,smoke_pair|smoke_001|CB|1|375,1,,,,0
synthetic,smoke_pair,smoke_pair,test,smoke_pair,smoke_001,37.500,375,CA,smoke_pair|smoke_001|CA|2|375,2,,,,0
synthetic,smoke_pair,smoke_pair,test,smoke_pair,smoke_001,37.500,375,CB,smoke_pair|smoke_001|CB|2|375,2,,,,0
synthetic,smoke_pair,smoke_pair,test,smoke_pair,smoke_001,37.500,375,CA,smoke_pair|smoke_001|CA|3|375,3,,,,0
synthetic,smoke_pair,smoke_pair,test,smoke_pair,smoke_001,37.500,375,CB,smoke_pair|smoke_001|CB|3|375,3,,,,0
synthetic,smoke_pair,smoke_pair,test,smoke_pair,smoke_001,37.500,375,CA,smoke_pair|smoke_001|CA|4|375,4,,,,0
synthetic,smoke_pair,smoke_pair,test,smoke_pair,smoke_001,37.500,375,CB,smoke_pair|smoke_001|CB|4|375,4,,,,0
synthetic,smoke_pair,smoke_pair,test,smoke_pair,smoke_001,37.500,375,CA,smoke_pair|smoke_001|CA|5|375,5,,,,0
synthetic,smoke_pair,smoke_pair,test,smoke_pair,smoke_001,37.500,375,CB,smoke_pair|smoke_001|CB|5|375,5,,,,0
synthetic,smoke_pair,smoke_pair,test,smoke_pair,smoke_001,37.500,375,CA,smoke_pair|smoke_001|CA|6|375,6,,,,0
synthetic,smoke_pair,smoke_pair,test,smoke_pair,smoke_001,37.500,375,CB,smoke_pair|smoke_001|CB|6|375,6,,,,0
synthetic,smoke_pair,smoke_pair,test,smoke_pair,smoke_001,37.500,375,CA,smoke_pair|smoke_001|CA|7|375,7,,,,0
synthetic,smoke_pair,smoke_pair,test,smoke_pair,smoke_001,37.500,375,CB,smoke_pair|smoke_001|CB|7|375,7,,,,0
synthetic,smoke_pair,smoke_pair,test,smoke_pair,smoke_001,37.500,375,CA,smoke_pair|smoke_001|CA|8|375,8,,,,0
synthetic,smoke_pair,smoke_pair,test,smoke_pair,smoke_001,37.500,375,CB,smoke_pair|smoke_001|CB|8|375,8,,,,0
synthetic,smoke_pair,smoke_pair,test,smoke_pair,smoke_001,37.600,376,CA,smoke_pair|smoke_001|CA|1|376,1,,,,0
synthetic,smoke_pair,smoke_pair,test,smoke_pair,smoke_001,37.600,376,CB,smoke_pair|smoke_001|CB|1|376,1,,,,0
synthetic,smoke_pair,smoke_pair,test,smoke_pair,smoke_001,37.600,376,CA,smoke_pair|smoke_001|CA|2|376,2,,,,0
synthetic,smoke_pair,smoke_pair,test,smoke_pair,smoke_001,37.600,376,CB,smoke_pair|smoke_001|CB|2|376,2,,,,0
synthetic,smoke_pair,smoke_pair,test,smoke_pair,smoke_001,37.600,376,CA,smoke_pair|smoke_001|CA|3|376,3,,,,0
synthetic,smoke_pair,smoke_pair,test,smoke_pair,smoke_001,37.600,376,CB,smoke_pair|smoke_001|CB|3|376,3,,,,0
synthetic,smoke_pair,smoke_pair,test,smoke_pair,smoke_001,37.600,376,CA,smoke_pair|smoke_001|CA|4|376,4,,,,0
synthetic,smoke_pair,smoke_pair,test,smoke_pair,smoke_001,37.600,376,CB,smoke_pair|smoke_001|CB|4|376,4,,,,0
synthetic,smoke_pair,smoke_pair,test,smoke_pair,smoke_001,37.600,376,CA,smoke_pair|smoke_001|CA|5|376,5,,,,0
synthetic,smoke_pair,smoke_pair,test,smoke_pair,smoke_001,37.600,376,CB,smoke_pair|smoke_001|CB|5|376,5,,,,0
synthetic,smoke_pair,smoke_pair,test,smoke_pair,smoke_001,37.600,376,CA,smoke_pair|smoke_001|CA|6|376,6,,,,0
synthetic,smoke_pair,smoke_pair,test,smoke_pair,smoke_001,37.600,376,CB,smoke_pair|smoke_001|CB|6|376,6,,,,0
synthetic,smoke_pair,smoke_pair,test,smoke_pair,smoke_001,37.600,376,CA,smoke_pair|smoke_001|CA|7|376,7,,,,0
synthetic,smoke_pair,smoke_pair,test,smoke_pair,smoke_001,37.600,376,CB,smoke_pair|smoke_001|CB|7|376,7,,,,0
synthetic,smoke_pair,smoke_pair,test,smoke_pair,smoke_001,37.600,376,CA,smoke_pair|smoke_001|CA|8|376,8,,,,0
synthetic,smoke_pair,smoke_pair,test,smoke_pair,smoke_001,37.600,376,CB,smoke_pair|smoke_001|CB|8|376,8,,,,0
synthetic,smoke_pair,smoke_pair,test,smoke_pair,smoke_001,37.700,377,CA,smoke_pair|smoke_001|CA|1|377,1,,,,0
synthetic,smoke_pair,smoke_pair,test,smoke_pair,smoke_001,37.700,377,CB,smoke_pair|smoke_001|CB|1|377,1,,,,0
synthetic,smoke_pair,smoke_pair,test,smoke_pair,smoke_001,37.700,377,CA,smoke_pair|smoke_001|CA|2|377,2,,,,0
synthetic,smoke_pair,smoke_pair,test,smoke_pair,smoke_001,37.700,377,CB,smoke_pair|smoke_001|CB|2|377,2,,,,0
synthetic,smoke_pair,smoke_pair,test,smoke_pair,smoke_001,37.700,377,CA,smoke_pair|smoke_001|CA|3|377,3,,,,0
synthetic,smoke_pair,smoke_pair,test,smoke_pair,smoke_001,37.700,377,CB,smoke_pair|smoke_001|CB|3|377,3,,,,0
synthetic,smoke_pair,smoke_pair,test,smoke_pair,smoke_001,37.700,377,CA,smoke_pair|smoke_001|CA|4|377,4,,,,0
synthetic,smoke_pair,smoke_pair,test,smoke_pair,smoke_001,37.700,377,CB,smoke_pair|smoke_001|CB|4|377,4,,,,0
synthetic,smoke_pair,smoke_pair,test,smoke_pair,smoke_001,37.700,377,CA,smoke_pair|smoke_001|CA|5|377,5,,,,0
synthetic,smoke_pair,smoke_pair,test,smoke_pair,smoke_001,37.700,377,CB,smoke_pair|smoke_001|CB|5|377,5,,,,0
synthetic,smoke_pair,smoke_pair,test,smoke_pair,smoke_001,37.700,377,CA,smoke_pair|smoke_001|CA|6|377,6,,,,0
synthetic,smoke_pair,smoke_pair,test,smoke_pair,smoke_001,37.700,377,CB,smoke_pair|smoke_001|CB|6|377,6,,,,0
synthetic,smoke_pair,smoke_pair,test,smoke_pair,smoke_001,37.700,377,CA,smoke_pair|smoke_001|CA|7|377,7,,,,0
synthetic,smoke_pair,smoke_pair,test,smoke_pair,smoke_001,37.700,377,CB,smoke_pair|smoke_001|CB|7|377,7,,,,0
synthetic,smoke_pair,smoke_pair,test,smoke_pair,smoke_001,37.700,377,CA,smoke_pair|smoke_001|CA|8|377,8,,,,0
synthetic,smoke_pair,smoke_pair,test,smoke_pair,smoke_001,37.700,377,CB,smoke_pair|smoke_001|CB|8|377,8,,,,0
synthetic,smoke_pair,smoke_pair,test,smoke_pair,smoke_001,37.800,378,CA,smoke_pair|smoke_001|CA|1|378,1,,,,0
synthetic,smoke_pair,smoke_pair,test,smoke_pair,smoke_001,37.800,378,CB,smoke_pair|smoke_001|CB|1|378,1,,,,0
synthetic,smoke_pair,smoke_pair,test,smoke_pair,smoke_001,37.800,378,CA,smoke_pair|smoke_001|CA|2|378,2,,,,0
synthetic,smoke_pair,smoke_pair,test,smoke_pair,smoke_001,37.800,378,CB,smoke_pair|smoke_001|CB|2|378,2,,,,0
synthetic,smoke_pair,smoke_pair,test,smoke_pair,smoke_001,37.800,378,CA,smoke_pair|smoke_001|CA|3|378,3,,,,0
synthetic,smoke_pair,smoke_pair,test,smoke_pair,smoke_001,37.800,378,CB,smoke_pair|smoke_001|CB|3|378,3,,,,0
synthetic,smoke_pair,smoke_pair,test,smoke_pair,smoke_001,37.800,378,CA,smoke_pair|smoke_001|CA|4|378,4,,,,0
synthetic,smoke_pair,smoke_pair,test,smoke_pair,smoke_001,37.800,378,CB,smoke_pair|smoke_001|CB|4|378,4,,,,0
synthetic,smoke_pair,smoke_pair,test,smoke_pair,smoke_001,37.800,378,CA,smoke_pair|smoke_001|CA|5|378,5,,,,0
synthetic,smoke_pair,smoke_pair,test,smoke_pair,smoke_001,37.800,378,CB,smoke_pair|smoke_001|CB|5|378,5,,,,0
synthetic,smoke_pair,smoke_pair,test,smoke_pair,smoke_001,37.800,378,CA,smoke_pair|smoke_001|CA|6|378,6,,,,0
synthetic,smoke_pair,smoke_pair,test,smoke_pair,smoke_001,37.800,378,CB,smoke_pair|smoke_001|CB|6|378,6,,,,0
synthetic,smoke_pair,smoke_pair,test,smoke_pair,smoke_001,37.800,378,CA,smoke_pair|smoke_001|CA|7|378,7,,,,0
synthetic,smoke_pair,smoke_pair,test,smoke_pair,smoke_001,37.800,378,CB,smoke_pair|smoke_001|CB|7|378,7,,,,0
synthetic,smoke_pair,smoke_pair,test,smoke_pair,smoke_001,37.800,378,CA,smoke_pair|smoke_001|CA|8|378,8,,,,0
synthetic,smoke_pair,smoke_pair,test,smoke_pair,smoke_001,37.800,378,CB,smoke_pair|smoke_001|CB|8|378,8,,,,0
synthetic,smoke_pair,smoke_pair,test,smoke_pair,smoke_001,37.900,379,CA,smoke_pair|smoke_001|CA|1|379,1,,,,0
synthetic,smoke_pair,smoke_pair,test,smoke_pair,smoke_001,37.900,379,CB,smoke_pair|smoke_001|CB|1|379,1,,,,0
synthetic,smoke_pair,smoke_pair,test,smoke_pair,smoke_001,37.900,379,CA,smoke_pair|smoke_001|CA|2|379,2,,,,0
synthetic,smoke_pair,smoke_pair,test,smoke_pair,smoke_001,37.900,379,CB,smoke_pair|smoke_001|CB|2|379,2,,,,0
synthetic,smoke_pair,smoke_pair,test,smoke_pair,smoke_001,37.900,379,CA,smoke_pair|smoke_001|CA|3|379,3,,,,0
synthetic,smoke_pair,smoke_pair,test,smoke_pair,smoke_001,37.900,379,CB,smoke_pair|smoke_001|CB|3|379,3,,,,0
synthetic,smoke_pair,smoke_pair,test,smoke_pair,smoke_001,37.900,379,CA,smoke_pair|smoke_001|CA|4|379,4,,,,0
synthetic,smoke_pair,smoke_pair,test,smoke_pair,smoke_001,37.900,379,CB,smoke_pair|smoke_001|CB|4|379,4,,,,0
synthetic,smoke_pair,smoke_pair,test,smoke_pair,smoke_001,37.900,379,CA,smoke_pair|smoke_001|CA|5|379,5,,,,0
synthetic,smoke_pair,smoke_pair,test,smoke_pair,smoke_001,37.900,379,CB,smoke_pair|smoke_001|CB|5|379,5,,,,0
synthetic,smoke_pair,smoke_pair,test,smoke_pair,smoke_001,37.900,379,CA,smoke_pair|smoke_001|CA|6|379,6,,,,0
synthetic,smoke_pair,smoke_pair,test,smoke_pair,smoke_001,37.900,379,CB,smoke_pair|smoke_001|CB|6|379,6,,,,0
synthetic,smoke_pair,smoke_pair,test,smoke_pair,smoke_001,37.900,379,CA,smoke_pair|smoke_001|CA|7|379,7,,,,0
synthetic,smoke_pair,smoke_pair,test,smoke_pair,smoke_001,37.900,379,CB,smoke_pair|smoke_001|CB|7|379,7,,,,0
synthetic,smoke_pair,smoke_pair,test,smoke_pair,smoke_001,37.900,379,CA,smoke_pair|smoke_001|CA|8|379,8,,,,0
synthetic,smoke_pair,smoke_pair,test,smoke_pair,smoke_001,37.900,379,CB,smoke_pair|smoke_001|CB|8|379,8,,,,0
synthetic,smoke_pair,smoke_pair,test,smoke_pair,smoke_001,38.000,380,CA,smoke_pair|smoke_001|CA|1|380,1,,,,0
synthetic,smoke_pair,smoke_pair,test,smoke_pair,smoke_001,38.000,380,CB,smoke_pair|smoke_001|CB|1|380,1,,,,0
synthetic,smoke_pair,smoke_pair,test,smoke_pair,smoke_001,38.000,380,CA,smoke_pair|smoke_001|CA|2|380,2,,,,0
synthetic,smoke_pair,smoke_pair,test,smoke_pair,smoke_001,38.000,380,CB,smoke_pair|smoke_001|CB|2|380,2,,,,0
synthetic,smoke_pair,smoke_pair,test,smoke_pair,smoke_001,38.000,380,CA,smoke_pair|smoke_001|CA|3|380,3,,,,0
synthetic,smoke_pair,smoke_pair,test,smoke_pair,smoke_001,38.000,380,CB,smoke_pair|smoke_001|CB|3|380,3,,,,0
synthetic,smoke_pair,smoke_pair,test,smoke_pair,smoke_001,38.000,380,CA,smoke_pair|smoke_001|CA|4|380,4,,,,0
synthetic,smoke_pair,smoke_pair,test,smoke_pair,smoke_001,38.000,380,CB,smoke_pair|smoke_001|CB|4|380,4,,,,0
synthetic,smoke_pair,smoke_pair,test,smoke_pair,smoke_001,38.000,380,CA,smoke_pair|smoke_001|CA|5|380,5,,,,0
synthetic,smoke_pair,smoke_pair,test,smoke_pair,smoke_001,38.000,380,CB,smoke_pair|smoke_001|CB|5|380,5,,,,0
synthetic,smoke_pair,smoke_pair,test,smoke_pair,smoke_001,38.000,380,CA,smoke_pair|smoke_001|CA|6|380,6,,,,0
synthetic,smoke_pair,smoke_pair,test,smoke_pair,smoke_001,38.000,380,CB,smoke_pair|smoke_001|CB|6|380,6,,,,0
synthetic,smoke_pair,smoke_pair,test,smoke_pair,smoke_001,38.000,380,CA,smoke_pair|smoke_001|CA|7|380,7,,,,0
synthetic,smoke_pair,smoke_pair,test,smoke_pair,smoke_001,38.000,380,CB,smoke_pair|smoke_001|CB|7|380,7,,,,0
synthetic,smoke_pair,smoke_pair,test,smoke_pair,smoke_001,38.000,380,CA,smoke_pair|smoke_001|CA|8|380,8,,,,0
synthetic,smoke_pair,smoke_pair,test,smoke_pair,smoke_001,38.000,380,CB,smoke_pair|smoke_001|CB|8|380,8,,,,0
synthetic,smoke_pair,smoke_pair,test,smoke_pair,smoke_001,38.100,381,CA,smoke_pair|smoke_001|CA|1|381,1,,,,0
synthetic,smoke_pair,smoke_pair,test,smoke_pair,smoke_001,38.100,381,CB,smoke_pair|smoke_001|CB|1|381,1,,,,0
synthetic,smoke_pair,smoke_pair,test,smoke_pair,smoke_001,38.100,381,CA,smoke_pair|smoke_001|CA|2|381,2,,,,0
synthetic,smoke_pair,smoke_pair,test,smoke_pair,smoke_001,38.100,381,CB,smoke_pair|smoke_001|CB|2|381,2,,,,0
synthetic,smoke_pair,smoke_pair,test,smoke_pair,smoke_001,38.100,381,CA,smoke_pair|smoke_001|CA|3|381,3,,,,0
synthetic,smoke_pair,smoke_pair,test,smoke_pair,smoke_001,38.100,381,CB,smoke_pair|smoke_001|CB|3|381,3,,,,0
synthetic,smoke_pair,smoke_pair,test,smoke_pair,smoke_001,38.100,381,CA,smoke_pair|smoke_001|CA|4|381,4,,,,0
synthetic,smoke_pair,smoke_pair,test,smoke_pair,smoke_001,38.100,381,CB,smoke_pair|smoke_001|CB|4|381,4,,,,0
synthetic,smoke_pair,smoke_pair,test,smoke_pair,smoke_001,38.100,381,CA,smoke_pair|smoke_001|CA|5|381,5,,,,0
synthetic,smoke_pair,smoke_pair,test,smoke_pair,smoke_001,38.100,381,CB,smoke_pair|smoke_001|CB|5|381,5,,,,0
synthetic,smoke_pair,smoke_pair,test,smoke_pair,smoke_001,38.100,381,CA,smoke_pair|smoke_001|CA|6|381,6,,,,0
synthetic,smoke_pair,smoke_pair,test,smoke_pair,smoke_001,38.100,381,CB,smoke_pair|smoke_001|CB|6|381,6,,,,0
synthetic,smoke_pair,smoke_pair,test,smoke_pair,smoke_001,38.100,381,CA,smoke_pair|smoke_001|CA|7|381,7,,,,0
synthetic,smoke_pair,smoke_pair,test,smoke_pair,smoke_001,38.100,381,CB,smoke_pair|smoke_001|CB|7|381,7,,,,0
synthetic,smoke_pair,smoke_pair,test,smoke_pair,smoke_001,38.100,381,CA,smoke_pair|smoke_001|CA|8|381,8,,,,0
synthetic,smoke_pair,smoke_pair,test,smoke_pair,smoke_001,38.100,381,CB,smoke_pair|smoke_001|CB|8|381,8,,,,0
synthetic,smoke_pair,smoke_pair,test,smoke_pair,smoke_001,38.200,382,CA,smoke_pair|smoke_001|CA|1|382,1,,,,0
synthetic,smoke_pair,smoke_pair,test,smoke_pair,smoke_001,38.200,382,CB,smoke_pair|smoke_001|CB|1|382,1,,,,0
synthetic,smoke_pair,smoke_pair,test,smoke_pair,smoke_001,38.200,382,CA,smoke_pair|smoke_001|CA|2|382,2,,,,0
synthetic,smoke_pair,smoke_pair,test,smoke_pair,smoke_001,38.200,382,CB,smoke_pair|smoke_001|CB|2|382,2,,,,0
synthetic,smoke_pair,smoke_pair,test,smoke_pair,smoke_001,38.200,382,CA,smoke_pair|smoke_001|CA|3|382,3,,,,0
synthetic,smoke_pair,smoke_pair,test,smoke_pair,smoke_001,38.200,382,CB,smoke_pair|smoke_001|CB|3|382,3,,,,0
synthetic,smoke_pair,smoke_pair,test,smoke_pair,smoke_001,38.200,382,CA,smoke_pair|smoke_001|CA|4|382,4,,,,0
synthetic,smoke_pair,smoke_pair,test,smoke_pair,smoke_001,38.200,382,CB,smoke_pair|smoke_001|CB|4|382,4,,,,0
synthetic,smoke_pair,smoke_pair,test,smoke_pair,smoke_001,38.200,382,CA,smoke_pair|smoke_001|CA|5|382,5,,,,0
synthetic,smoke_pair,smoke_pair,test,smoke_pair,smoke_001,38.200,382,CB,smoke_pair|smoke_001|CB|5|382,5,,,,0
synthetic,smoke_pair,smoke_pair,test,smoke_pair,smoke_001,38.200,382,CA,smoke_pair|smoke_001|CA|6|382,6,,,,0
synthetic,smoke_pair,smoke_pair,test,smoke_pair,smoke_001,38.200,382,CB,smoke_pair|smoke_001|CB|6|382,6,,,,0
synthetic,smoke_pair,smoke_pair,test,smoke_pair,smoke_001,38.200,382,CA,smoke_pair|smoke_001|CA|7|382,7,,,,0
synthetic,smoke_pair,smoke_pair,test,smoke_pair,smoke_001,38.200,382,CB,smoke_pair|smoke_001|CB|7|382,7,,,,0
synthetic,smoke_pair,smoke_pair,test,smoke_pair,smoke_001,38.200,382,CA,smoke_pair|smoke_001|CA|8|382,8,,,,0
synthetic,smoke_pair,smoke_pair,test,smoke_pair,smoke_001,38.200,382,CB,smoke_pair|smoke_001|CB|8|382,8,,,,0
synthetic,smoke_pair,smoke_pair,test,smoke_pair,smoke_001,38.300,383,CA,smoke_pair|smoke_001|CA|1|383,1,,,,0
synthetic,smoke_pair,smoke_pair,test,smoke_pair,smoke_001,38.300,383,CB,smoke_pair|smoke_001|CB|1|383,1,,,,0
synthetic,smoke_pair,smoke_pair,test,smoke_pair,smoke_001,38.300,383,CA,smoke_pair|smoke_001|CA|2|383,2,,,,0
synthetic,smoke_pair,smoke_pair,test,smoke_pair,smoke_001,38.300,383,CB,smoke_pair|smoke_001|CB|2|383,2,,,,0
synthetic,smoke_pair,smoke_pair,test,smoke_pair,smoke_001,38.300,383,CA,smoke_pair|smoke_001|CA|3|383,3,,,,0
synthetic,smoke_pair,smoke_pair,test,smoke_pair,smoke_001,38.300,383,CB,smoke_pair|smoke_001|CB|3|383,3,,,,0
synthetic,smoke_pair,smoke_pair,test,smoke_pair,smoke_001,38.300,383,CA,smoke_pair|smoke_001|CA|4|383,4,,,,0
synthetic,smoke_pair,smoke_pair,test,smoke_pair,smoke_001,38.300,383,CB,smoke_pair|smoke_001|CB|4|383,4,,,,0
synthetic,smoke_pair,smoke_pair,test,smoke_pair,smoke_001,38.300,383,CA,smoke_pair|smoke_001|CA|5|383,5,,,,0
synthetic,smoke_pair,smoke_pair,test,smoke_pair,smoke_001,38.300,383,CB,smoke_pair|smoke_001|CB|5|383,5,,,,0
synthetic,smoke_pair,smoke_pair,test,smoke_pair,smoke_001,38.300,383,CA,smoke_pair|smoke_001|CA|6|383,6,,,,0
synthetic,smoke_pair,smoke_pair,test,smoke_pair,smoke_001,38.300,383,CB,smoke_pair|smoke_001|CB|6|383,6,,,,0
synthetic,smoke_pair,smoke_pair,test,smoke_pair,smoke_001,38.300,383,CA,smoke_pair|smoke_001|CA|7|383,7,,,,0
synthetic,smoke_pair,smoke_pair,test,smoke_pair,smoke_001,38.300,383,CB,smoke_pair|smoke_001|CB|7|383,7,,,,0
synthetic,smoke_pair,smoke_pair,test,smoke_pair,smoke_001,38.300,383,CA,smoke_pair|smoke_001|CA|8|383,8,,,,0
synthetic,smoke_pair,smoke_pair,test,smoke_pair,smoke_001,38.300,383,CB,smoke_pair|smoke_001|CB|8|383,8,,,,0
synthetic,smoke_pair,smoke_pair,test,smoke_pair,smoke_001,38.400,384,CA,smoke_pair|smoke_001|CA|1|384,1,,,,0
synthetic,smoke_pair,smoke_pair,test,smoke_pair,smoke_001,38.400,384,CB,smoke_pair|smoke_001|CB|1|384,1,,,,0
synthetic,smoke_pair,smoke_pair,test,smoke_pair,smoke_001,38.400,384,CA,smoke_pair|smoke_001|CA|2|384,2,,,,0
synthetic,smoke_pair,smoke_pair,test,smoke_pair,smoke_001,38.400,384,CB,smoke_pair|smoke_001|CB|2|384,2,,,,0
synthetic,smoke_pair,smoke_pair,test,smoke_pair,smoke_001,38.400,384,CA,smoke_pair|smoke_001|CA|3|384,3,,,,0
synthetic,smoke_pair,smoke_pair,test,smoke_pair,smoke_001,38.400,384,CB,smoke_pair|smoke_001|CB|3|384,3,,,,0
synthetic,smoke_pair,smoke_pair,test,smoke_pair,smoke_001,38.400,384,CA,smoke_pair|smoke_001|CA|4|384,4,,,,0
synthetic,smoke_pair,smoke_pair,test,smoke_pair,smoke_001,38.400,384,CB,smoke_pair|smoke_001|CB|4|384,4,,,,0
synthetic,smoke_pair,smoke_pair,test,smoke_pair,smoke_001,38.400,384,CA,smoke_pair|smoke_001|CA|5|384,5,,,,0
synthetic,smoke_pair,smoke_pair,test,smoke_pair,smoke_001,38.400,384,CB,smoke_pair|smoke_001|CB|5|384,5,,,,0
synthetic,smoke_pair,smoke_pair,test,smoke_pair,smoke_001,38.400,384,CA,smoke_pair|smoke_001|CA|6|384,6,,,,0
synthetic,smoke_pair,smoke_pair,test,smoke_pair,smoke_001,38.400,384,CB,smoke_pair|smoke_001|CB|6|384,6,,,,0
synthetic,smoke_pair,smoke_pair,test,smoke_pair,smoke_001,38.400,384,CA,smoke_pair|smoke_001|CA|7|384,7,,,,0
synthetic,smoke_pair,smoke_pair,test,smoke_pair,smoke_001,38.400,384,CB,smoke_pair|smoke_001|CB|7|384,7,,,,0
synthetic,smoke_pair,smoke_pair,test,smoke_pair,smoke_001,38.400,384,CA,smoke_pair|smoke_001|CA|8|384,8,,,,0
synthetic,smoke_pair,smoke_pair,test,smoke_pair,smoke_001,38.400,384,CB,smoke_pair|smoke_001|CB|8|384,8,,,,0
synthetic,smoke_pair,smoke_pair,test,smoke_pair,smoke_001,38.500,385,CA,smoke_pair|smoke_001|CA|1|385,1,,,,0
synthetic,smoke_pair,smoke_pair,test,smoke_pair,smoke_001,38.500,385,CB,smoke_pair|smoke_001|CB|1|385,1,,,,0
synthetic,smoke_pair,smoke_pair,test,smoke_pair,smoke_001,38.500,385,CA,smoke_pair|smoke_001|CA|2|385,2,,,,0
synthetic,smoke_pair,smoke_pair,test,smoke_pair,smoke_001,38.500,385,CB,smoke_pair|smoke_001|CB|2|385,2,,,,0
synthetic,smoke_pair,smoke_pair,test,smoke_pair,smoke_001,38.500,385,CA,smoke_pair|smoke_001|CA|3|385,3,,,,0
synthetic,smoke_pair,smoke_pair,test,smoke_pair,smoke_001,38.500,385,CB,smoke_pair|smoke_001|CB|3|385,3,,,,0
synthetic,smoke_pair,smoke_pair,test,smoke_pair,smoke_001,38.500,385,CA,smoke_pair|smoke_001|CA|4|385,4,,,,0
synthetic,smoke_pair,smoke_pair,test,smoke_pair,smoke_001,38.500,385,CB,smoke_pair|smoke_001|CB|4|385,4,,,,0
synthetic,smoke_pair,smoke_pair,test,smoke_pair,smoke_001,38.500,385,CA,smoke_pair|smoke_001|CA|5|385,5,,,,0
synthetic,smoke_pair,smoke_pair,test,smoke_pair,smoke_001,38.500,385,CB,smoke_pair|smoke_001|CB|5|385,5,,,,0
synthetic,smoke_pair,smoke_pair,test,smoke_pair,smoke_001,38.500,385,CA,smoke_pair|smoke_001|CA|6|385,6,,,,0
synthetic,smoke_pair,smoke_pair,test,smoke_pair,smoke_001,38.500,385,CB,smoke_pair|smoke_001|CB|6|385,6,,,,0
synthetic,smoke_pair,smoke_pair,test,smoke_pair,smoke_001,38.500,385,CA,smoke_pair|smoke_001|CA|7|385,7,,,,0
synthetic,smoke_pair,smoke_pair,test,smoke_pair,smoke_001,38.500,385,CB,smoke_pair|smoke_001|CB|7|385,7,,,,0
synthetic,smoke_pair,smoke_pair,test,smoke_pair,smoke_001,38.500,385,CA,smoke_pair|smoke_001|CA|8|385,8,,,,0
synthetic,smoke_pair,smoke_pair,test,smoke_pair,smoke_001,38.500,385,CB,smoke_pair|smoke_001|CB|8|385,8,,,,0
synthetic,smoke_pair,smoke_pair,test,smoke_pair,smoke_001,38.600,386,CA,smoke_pair|smoke_001|CA|1|386,1,,,,0
synthetic,smoke_pair,smoke_pair,test,smoke_pair,smoke_001,38.600,386,CB,smoke_pair|smoke_001|CB|1|386,1,,,,0
synthetic,smoke_pair,smoke_pair,test,smoke_pair,smoke_001,38.600,386,CA,smoke_pair|smoke_001|CA|2|386,2,,,,0
synthetic,smoke_pair,smoke_pair,test,smoke_pair,smoke_001,38.600,386,CB,smoke_pair|smoke_001|CB|2|386,2,,,,0
synthetic,smoke_pair,smoke_pair,test,smoke_pair,smoke_001,38.600,386,CA,smoke_pair|smoke_001|CA|3|386,3,,,,0
synthetic,smoke_pair,smoke_pair,test,smoke_pair,smoke_001,38.600,386,CB,smoke_pair|smoke_001|CB|3|386,3,,,,0
synthetic,smoke_pair,smoke_pair,test,smoke_pair,smoke_001,38.600,386,CA,smoke_pair|smoke_001|CA|4|386,4,,,,0
synthetic,smoke_pair,smoke_pair,test,smoke_pair,smoke_001,38.600,386,CB,smoke_pair|smoke_001|CB|4|386,4,,,,0
synthetic,smoke_pair,smoke_pair,test,smoke_pair,smoke_001,38.600,386,CA,smoke_pair|smoke_001|CA|5|386,5,,,,0
synthetic,smoke_pair,smoke_pair,test,smoke_pair,smoke_001,38.600,386,CB,smoke_pair|smoke_001|CB|5|386,5,,,,0
synthetic,smoke_pair,smoke_pair,test,smoke_pair,smoke_001,38.600,386,CA,smoke_pair|smoke_001|CA|6|386,6,,,,0
synthetic,smoke_pair,smoke_pair,test,smoke_pair,smoke_001,38.600,386,CB,smoke_pair|smoke_001|CB|6|386,6,,,,0
synthetic,smoke_pair,smoke_pair,test,smoke_pair,smoke_001,38.600,386,CA,smoke_pair|smoke_001|CA|7|386,7,,,,0
synthetic,smoke_pair,smoke_pair,test,smoke_pair,smoke_001,38.600,386,CB,smoke_pair|smoke_001|CB|7|386,7,,,,0
synthetic,smoke_pair,smoke_pair,test,smoke_pair,smoke_001,38.600,386,CA,smoke_pair|smoke_001|CA|8|386,8,,,,0
synthetic,smoke_pair,smoke_pair,test,smoke_pair,smoke_001,38.600,386,CB,smoke_pair|smoke_001|CB|8|386,8,,,,0
synthetic,smoke_pair,smoke_pair,test,smoke_pair,smoke_001,38.700,387,CA,smoke_pair|smoke_001|CA|1|387,1,,,,0
synthetic,smoke_pair,smoke_pair,test,smoke_pair,smoke_001,38.700,387,CB,smoke_pair|smoke_001|CB|1|387,1,,,,0
synthetic,smoke_pair,smoke_pair,test,smoke_pair,smoke_001,38.700,387,CA,smoke_pair|smoke_001|CA|2|387,2,,,,0
synthetic,smoke_pair,smoke_pair,test,smoke_pair,smoke_001,38.700,387,CB,smoke_pair|smoke_001|CB|2|387,2,,,,0
synthetic,smoke_pair,smoke_pair,test,smoke_pair,smoke_001,38.700,387,CA,smoke_pair|smoke_001|CA|3|387,3,,,,0
synthetic,smoke_pair,smoke_pair,test,smoke_pair,smoke_001,38.700,387,CB,smoke_pair|smoke_001|CB|3|387,3,,,,0
synthetic,smoke_pair,smoke_pair,test,smoke_pair,smoke_001,38.700,387,CA,smoke_pair|smoke_001|CA|4|387,4,,,,0
synthetic,smoke_pair,smoke_pair,test,smoke_pair,smoke_001,38.700,387,CB,smoke_pair|smoke_001|CB|4|387,4,,,,0
synthetic,smoke_pair,smoke_pair,test,smoke_pair,smoke_001,38.700,387,CA,smoke_pair|smoke_001|CA|5|387,5,,,,0
synthetic,smoke_pair,smoke_pair,test,smoke_pair,smoke_001,38.700,387,CB,smoke_pair|smoke_001|CB|5|387,5,,,,0
synthetic,smoke_pair,smoke_pair,test,smoke_pair,smoke_001,38.700,387,CA,smoke_pair|smoke_001|CA|6|387,6,,,,0
synthetic,smoke_pair,smoke_pair,test,smoke_pair,smoke_001,38.700,387,CB,smoke_pair|smoke_001|CB|6|387,6,,,,0
synthetic,smoke_pair,smoke_pair,test,smoke_pair,smoke_001,38.700,387,CA,smoke_pair|smoke_001|CA|7|387,7,,,,0
synthetic,smoke_pair,smoke_pair,test,smoke_pair,smoke_001,38.700,387,CB,smoke_pair|smoke_001|CB|7|387,7,,,,0
synthetic,smoke_pair,smoke_pair,test,smoke_pair,smoke_001,38.700,387,CA,smoke_pair|smoke_001|CA|8|387,8,,,,0
synthetic,smoke_pair,smoke_pair,test,smoke_pair,smoke_001,38.700,387,CB,smoke_pair|smoke_001|CB|8|387,8,,,,0
synthetic,smoke_pair,smoke_pair,test,smoke_pair,smoke_001,38.800,388,CA,smoke_pair|smoke_001|CA|1|388,1,,,,0
synthetic,smoke_pair,smoke_pair,test,smoke_pair,smoke_001,38.800,388,CB,smoke_pair|smoke_001|CB|1|388,1,,,,0
synthetic,smoke_pair,smoke_pair,test,smoke_pair,smoke_001,38.800,388,CA,smoke_pair|smoke_001|CA|2|388,2,,,,0
synthetic,smoke_pair,smoke_pair,test,smoke_pair,smoke_001,38.800,388,CB,smoke_pair|smoke_001|CB|2|388,2,,,,0
synthetic,smoke_pair,smoke_pair,test,smoke_pair,smoke_001,38.800,388,CA,smoke_pair|smoke_001|CA|3|388,3,,,,0
synthetic,smoke_pair,smoke_pair,test,smoke_pair,smoke_001,38.800,388,CB,smoke_pair|smoke_001|CB|3|388,3,,,,0
synthetic,smoke_pair,smoke_pair,test,smoke_pair,smoke_001,38.800,388,CA,smoke_pair|smoke_001|CA|4|388,4,,,,0
synthetic,smoke_pair,smoke_pair,test,smoke_pair,smoke_001,38.800,388,CB,smoke_pair|smoke_001|CB|4|388,4,,,,0
synthetic,smoke_pair,smoke_pair,test,smoke_pair,smoke_001,38.800,388,CA,smoke_pair|smoke_001|CA|5|388,5,,,,0
synthetic,smoke_pair,smoke_pair,test,smoke_pair,smoke_001,38.800,388,CB,smoke_pair|smoke_001|CB|5|388,5,,,,0
synthetic,smoke_pair,smoke_pair,test,smoke_pair,smoke_001,38.800,388,CA,smoke_pair|smoke_001|CA|6|388,6,,,,0
synthetic,smoke_pair,smoke_pair,test,smoke_pair,smoke_001,38.800,388,CB,smoke_pair|smoke_001|CB|6|388,6,,,,0
synthetic,smoke_pair,smoke_pair,test,smoke_pair,smoke_001,38.800,388,CA,smoke_pair|smoke_001|CA|7|388,7,,,,0
synthetic,smoke_pair,smoke_pair,test,smoke_pair,smoke_001,38.800,388,CB,smoke_pair|smoke_001|CB|7|388,7,,,,0
synthetic,smoke_pair,smoke_pair,test,smoke_pair,smoke_001,38.800,388,CA,smoke_pair|smoke_001|CA|8|388,8,,,,0
synthetic,smoke_pair,smoke_pair,test,smoke_pair,smoke_001,38.800,388,CB,smoke_pair|smoke_001|CB|8|388,8,,,,0
synthetic,smoke_pair,smoke_pair,test,smoke_pair,smoke_001,38.900,389,CA,smoke_pair|smoke_001|CA|1|389,1,,,,0
synthetic,smoke_pair,smoke_pair,test,smoke_pair,smoke_001,38.900,389,CB,smoke_pair|smoke_001|CB|1|389,1,,,,0
synthetic,smoke_pair,smoke_pair,test,smoke_pair,smoke_001,38.900,389,CA,smoke_pair|smoke_001|CA|2|389,2,,,,0
synthetic,smoke_pair,smoke_pair,test,smoke_pair,smoke_001,38.900,389,CB,smoke_pair|smoke_001|CB|2|389,2,,,,0
synthetic,smoke_pair,smoke_pair,test,smoke_pair,smoke_001,38.900,389,CA,smoke_pair|smoke_001|CA|3|389,3,,,,0
synthetic,smoke_pair,smoke_pair,test,smoke_pair,smoke_001,38.900,389,CB,smoke_pair|smoke_001|CB|3|389,3,,,,0
synthetic,smoke_pair,smoke_pair,test,smoke_pair,smoke_001,38.900,389,CA,smoke_pair|smoke_001|CA|4|389,4,,,,0
synthetic,smoke_pair,smoke_pair,test,smoke_pair,smoke_001,38.900,389,CB,smoke_pair|smoke_001|CB|4|389,4,,,,0
synthetic,smoke_pair,smoke_pair,test,smoke_pair,smoke_001,38.900,389,CA,smoke_pair|smoke_001|CA|5|389,5,,,,0
synthetic,smoke_pair,smoke_pair,test,smoke_pair,smoke_001,38.900,389,CB,smoke_pair|smoke_001|CB|5|389,5,,,,0
synthetic,smoke_pair,smoke_pair,test,smoke_pair,smoke_001,38.900,389,CA,smoke_pair|smoke_001|CA|6|389,6,,,,0
synthetic,smoke_pair,smoke_pair,test,smoke_pair,smoke_001,38.900,389,CB,smoke_pair|smoke_001|CB|6|389,6,,,,0
synthetic,smoke_pair,smoke_pair,test,smoke_pair,smoke_001,38.900,389,CA,smoke_pair|smoke_001|CA|7|389,7,,,,0
synthetic,smoke_pair,smoke_pair,test,smoke_pair,smoke_001,38.900,389,CB,smoke_pair|smoke_001|CB|7|389,7,,,,0
synthetic,smoke_pair,smoke_pair,test,smoke_pair,smoke_001,38.900,389,CA,smoke_pair|smoke_001|CA|8|389,8,,,,0
synthetic,smoke_pair,smoke_pair,test,smoke_pair,smoke_001,38.900,389,CB,smoke_pair|smoke_001|CB|8|389,8,,,,0
synthetic,smoke_pair,smoke_pair,test,smoke_pair,smoke_001,39.000,390,CA,smoke_pair|smoke_001|CA|1|390,1,,,,0
synthetic,smoke_pair,smoke_pair,test,smoke_pair,smoke_001,39.000,390,CB,smoke_pair|smoke_001|CB|1|390,1,,,,0
synthetic,smoke_pair,smoke_pair,test,smoke_pair,smoke_001,39.000,390,CA,smoke_pair|smoke_001|CA|2|390,2,,,,0
synthetic,smoke_pair,smoke_pair,test,smoke_pair,smoke_001,39.000,390,CB,smoke_pair|smoke_001|CB|2|390,2,,,,0
synthetic,smoke_pair,smoke_pair,test,smoke_pair,smoke_001,39.000,390,CA,smoke_pair|smoke_001|CA|3|390,3,,,,0
synthetic,smoke_pair,smoke_pair,test,smoke_pair,smoke_001,39.000,390,CB,smoke_pair|smoke_001|CB|3|390,3,,,,0
synthetic,smoke_pair,smoke_pair,test,smoke_pair,smoke_001,39.000,390,CA,smoke_pair|smoke_001|CA|4|390,4,,,,0
synthetic,smoke_pair,smoke_pair,test,smoke_pair,smoke_001,39.000,390,CB,smoke_pair|smoke_001|CB|4|390,4,,,,0
synthetic,smoke_pair,smoke_pair,test,smoke_pair,smoke_001,39.000,390,CA,smoke_pair|smoke_001|CA|5|390,5,,,,0
synthetic,smoke_pair,smoke_pair,test,smoke_pair,smoke_001,39.000,390,CB,smoke_pair|smoke_001|CB|5|390,5,,,,0
synthetic,smoke_pair,smoke_pair,test,smoke_pair,smoke_001,39.000,390,CA,smoke_pair|smoke_001|CA|6|390,6,,,,0
synthetic,smoke_pair,smoke_pair,test,smoke_pair,smoke_001,39.000,390,CB,smoke_pair|smoke_001|CB|6|390,6,,,,0
synthetic,smoke_pair,smoke_pair,test,smoke_pair,smoke_001,39.000,390,CA,smoke_pair|smoke_001|CA|7|390,7,,,,0
synthetic,smoke_pair,smoke_pair,test,smoke_pair,smoke_001,39.000,390,CB,smoke_pair|smoke_001|CB|7|390,7,,,,0
synthetic,smoke_pair,smoke_pair,test,smoke_pair,smoke_001,39.000,390,CA,smoke_pair|smoke_001|CA|8|390,8,,,,0
synthetic,smoke_pair,smoke_pair,test,smoke_pair,smoke_001,39.000,390,CB,smoke_pair|smoke_001|CB|8|390,8,,,,0
synthetic,smoke_pair,smoke_pair,test,smoke_pair,smoke_001,39.100,391,CA,smoke_pair|smoke_001|CA|1|391,1,,,,0
synthetic,smoke_pair,smoke_pair,test,smoke_pair,smoke_001,39.100,391,CB,smoke_pair|smoke_001|CB|1|391,1,,,,0
synthetic,smoke_pair,smoke_pair,test,smoke_pair,smoke_001,39.100,391,CA,smoke_pair|smoke_001|CA|2|391,2,,,,0
synthetic,smoke_pair,smoke_pair,test,smoke_pair,smoke_001,39.100,391,CB,smoke_pair|smoke_001|CB|2|391,2,,,,0
synthetic,smoke_pair,smoke_pair,test,smoke_pair,smoke_001,39.100,391,CA,smoke_pair|smoke_001|CA|3|391,3,,,,0
synthetic,smoke_pair,smoke_pair,test,smoke_pair,smoke_001,39.100,391,CB,smoke_pair|smoke_001|CB|3|391,3,,,,0
synthetic,smoke_pair,smoke_pair,test,smoke_pair,smoke_001,39.100,391,CA,smoke_pair|smoke_001|CA|4|391,4,,,,0
synthetic,smoke_pair,smoke_pair,test,smoke_pair,smoke_001,39.100,391,CB,smoke_pair|smoke_001|CB|4|391,4,,,,0
synthetic,smoke_pair,smoke_pair,test,smoke_pair,smoke_001,39.100,391,CA,smoke_pair|smoke_001|CA|5|391,5,,,,0
synthetic,smoke_pair,smoke_pair,test,smoke_pair,smoke_001,39.100,391,CB,smoke_pair|smoke_001|CB|5|391,5,,,,0
synthetic,smoke_pair,smoke_pair,test,smoke_pair,smoke_001,39.100,391,CA,smoke_pair|smoke_001|CA|6|391,6,,,,0
synthetic,smoke_pair,smoke_pair,test,smoke_pair,smoke_001,39.100,391,CB,smoke_pair|smoke_001|CB|6|391,6,,,,0
synthetic,smoke_pair,smoke_pair,test,smoke_pair,smoke_001,39.100,391,CA,smoke_pair|smoke_001|CA|7|391,7,,,,0
synthetic,smoke_pair,smoke_pair,test,smoke_pair,smoke_001,39.100,391,CB,smoke_pair|smoke_001|CB|7|391,7,,,,0
synthetic,smoke_pair,smoke_pair,test,smoke_pair,smoke_001,39.100,391,CA,smoke_pair|smoke_001|CA|8|391,8,,,,0
synthetic,smoke_pair,smoke_pair,test,smoke_pair,smoke_001,39.100,391,CB,smoke_pair|smoke_001|CB|8|391,8,,,,0
synthetic,smoke_pair,smoke_pair,test,smoke_pair,smoke_001,39.200,392,CA,smoke_pair|smoke_001|CA|1|392,1,,,,0
synthetic,smoke_pair,smoke_pair,test,smoke_pair,smoke_001,39.200,392,CB,smoke_pair|smoke_001|CB|1|392,1,,,,0
synthetic,smoke_pair,smoke_pair,test,smoke_pair,smoke_001,39.200,392,CA,smoke_pair|smoke_001|CA|2|392,2,,,,0
synthetic,smoke_pair,smoke_pair,test,smoke_pair,smoke_001,39.200,392,CB,smoke_pair|smoke_001|CB|2|392,2,,,,0
synthetic,smoke_pair,smoke_pair,test,smoke_pair,smoke_001,39.200,392,CA,smoke_pair|smoke_001|CA|3|392,3,,,,0
synthetic,smoke_pair,smoke_pair,test,smoke_pair,smoke_001,39.200,392,CB,smoke_pair|smoke_001|CB|3|392,3,,,,0
synthetic,smoke_pair,smoke_pair,test,smoke_pair,smoke_001,39.200,392,CA,smoke_pair|smoke_001|CA|4|392,4,,,,0
synthetic,smoke_pair,smoke_pair,test,smoke_pair,smoke_001,39.200,392,CB,smoke_pair|smoke_001|CB|4|392,4,,,,0
synthetic,smoke_pair,smoke_pair,test,smoke_pair,smoke_001,39.200,392,CA,smoke_pair|smoke_001|CA|5|392,5,,,,0
synthetic,smoke_pair,smoke_pair,test,smoke_pair,smoke_001,39.200,392,CB,smoke_pair|smoke_001|CB|5|392,5,,,,0
synthetic,smoke_pair,smoke_pair,test,smoke_pair,smoke_001,39.200,392,CA,smoke_pair|smoke_001|CA|6|392,6,,,,0
synthetic,smoke_pair,smoke_pair,test,smoke_pair,smoke_001,39.200,392,CB,smoke_pair|smoke_001|CB|6|392,6,,,,0
synthetic,smoke_pair,smoke_pair,test,smoke_pair,smoke_001,39.200,392,CA,smoke_pair|smoke_001|CA|7|392,7,,,,0
synthetic,smoke_pair,smoke_pair,test,smoke_pair,smoke_001,39.200,392,CB,smoke_pair|smoke_001|CB|7|392,7,,,,0
synthetic,smoke_pair,smoke_pair,test,smoke_pair,smoke_001,39.200,392,CA,smoke_pair|smoke_001|CA|8|392,8,,,,0
synthetic,smoke_pair,smoke_pair,test,smoke_pair,smoke_001,39.200,392,CB,smoke_pair|smoke_001|CB|8|392,8,,,,0
synthetic,smoke_pair,smoke_pair,test,smoke_pair,smoke_001,39.300,393,CA,smoke_pair|smoke_001|CA|1|393,1,,,,0
synthetic,smoke_pair,smoke_pair,test,smoke_pair,smoke_001,39.300,393,CB,smoke_pair|smoke_001|CB|1|393,1,,,,0
synthetic,smoke_pair,smoke_pair,test,smoke_pair,smoke_001,39.300,393,CA,smoke_pair|smoke_001|CA|2|393,2,,,,0
synthetic,smoke_pair,smoke_pair,test,smoke_pair,smoke_001,39.300,393,CB,smoke_pair|smoke_001|CB|2|393,2,,,,0
synthetic,smoke_pair,smoke_pair,test,smoke_pair,smoke_001,39.300,393,CA,smoke_pair|smoke_001|CA|3|393,3,,,,0
synthetic,smoke_pair,smoke_pair,test,smoke_pair,smoke_001,39.300,393,CB,smoke_pair|smoke_001|CB|3|393,3,,,,0
synthetic,smoke_pair,smoke_pair,test,smoke_pair,smoke_001,39.300,393,CA,smoke_pair|smoke_001|CA|4|393,4,,,,0
synthetic,smoke_pair,smoke_pair,test,smoke_pair,smoke_001,39.300,393,CB,smoke_pair|smoke_001|CB|4|393,4,,,,0
synthetic,smoke_pair,smoke_pair,test,smoke_pair,smoke_001,39.300,393,CA,smoke_pair|smoke_001|CA|5|393,5,,,,0
synthetic,smoke_pair,smoke_pair,test,smoke_pair,smoke_001,39.300,393,CB,smoke_pair|smoke_001|CB|5|393,5,,,,0
synthetic,smoke_pair,smoke_pair,test,smoke_pair,smoke_001,39.300,393,CA,smoke_pair|smoke_001|CA|6|393,6,,,,0
synthetic,smoke_pair,smoke_pair,test,smoke_pair,smoke_001,39.300,393,CB,smoke_pair|smoke_001|CB|6|393,6,,,,0
synthetic,smoke_pair,smoke_pair,test,smoke_pair,smoke_001,39.300,393,CA,smoke_pair|smoke_001|CA|7|393,7,,,,0
synthetic,smoke_pair,smoke_pair,test,smoke_pair,smoke_001,39.300,393,CB,smoke_pair|smoke_001|CB|7|393,7,,,,0
synthetic,smoke_pair,smoke_pair,test,smoke_pair,smoke_001,39.300,393,CA,smoke_pair|smoke_001|CA|8|393,8,,,,0
synthetic,smoke_pair,smoke_pair,test,smoke_pair,smoke_001,39.300,393,CB,smoke_pair|smoke_001|CB|8|393,8,,,,0
synthetic,smoke_pair,smoke_pair,test,smoke_pair,smoke_001,39.400,394,CA,smoke_pair|smoke_001|CA|1|394,1,,,,0
synthetic,smoke_pair,smoke_pair,test,smoke_pair,smoke_001,39.400,394,CB,smoke_pair|smoke_001|CB|1|394,1,,,,0
synthetic,smoke_pair,smoke_pair,test,smoke_pair,smoke_001,39.400,394,CA,smoke_pair|smoke_001|CA|2|394,2,,,,0
synthetic,smoke_pair,smoke_pair,test,smoke_pair,smoke_001,39.400,394,CB,smoke_pair|smoke_001|CB|2|394,2,,,,0
synthetic,smoke_pair,smoke_pair,test,smoke_pair,smoke_001,39.400,394,CA,smoke_pair|smoke_001|CA|3|394,3,,,,0
synthetic,smoke_pair,smoke_pair,test,smoke_pair,smoke_001,39.400,394,CB,smoke_pair|smoke_001|CB|3|394,3,,,,0
synthetic,smoke_pair,smoke_pair,test,smoke_pair,smoke_001,39.400,394,CA,smoke_pair|smoke_001|CA|4|394,4,,,,0
synthetic,smoke_pair,smoke_pair,test,smoke_pair,smoke_001,39.400,394,CB,smoke_pair|smoke_001|CB|4|394,4,,,,0
synthetic,smoke_pair,smoke_pair,test,smoke_pair,smoke_001,39.400,394,CA,smoke_pair|smoke_001|CA|5|394,5,,,,0
synthetic,smoke_pair,smoke_pair,test,smoke_pair,smoke_001,39.400,394,CB,smoke_pair|smoke_001|CB|5|394,5,,,,0
synthetic,smoke_pair,smoke_pair,test,smoke_pair,smoke_001,39.400,394,CA,smoke_pair|smoke_001|CA|6|394,6,,,,0
synthetic,smoke_pair,smoke_pair,test,smoke_pair,smoke_001,39.400,394,CB,smoke_pair|smoke_001|CB|6|394,6,,,,0
synthetic,smoke_pair,smoke_pair,test,smoke_pair,smoke_001,39.400,394,CA,smoke_pair|smoke_001|CA|7|394,7,,,,0
synthetic,smoke_pair,smoke_pair,test,smoke_pair,smoke_001,39.400,394,CB,smoke_pair|smoke_001|CB|7|394,7,,,,0
synthetic,smoke_pair,smoke_pair,test,smoke_pair,smoke_001,39.400,394,CA,smoke_pair|smoke_001|CA|8|394,8,,,,0
synthetic,smoke_pair,smoke_pair,test,smoke_pair,smoke_001,39.400,394,CB,smoke_pair|smoke_001|CB|8|394,8,,,,0
synthetic,smoke_pair,smoke_pair,test,smoke_pair,smoke_001,39.500,395,CA,smoke_pair|smoke_001|CA|1|395,1,,,,0
synthetic,smoke_pair,smoke_pair,test,smoke_pair,smoke_001,39.500,395,CB,smoke_pair|smoke_001|CB|1|395,1,,,,0
synthetic,smoke_pair,smoke_pair,test,smoke_pair,smoke_001,39.500,395,CA,smoke_pair|smoke_001|CA|2|395,2,,,,0
synthetic,smoke_pair,smoke_pair,test,smoke_pair,smoke_001,39.500,395,CB,smoke_pair|smoke_001|CB|2|395,2,,,,0
synthetic,smoke_pair,smoke_pair,test,smoke_pair,smoke_001,39.500,395,CA,smoke_pair|smoke_001|CA|3|395,3,,,,0
synthetic,smoke_pair,smoke_pair,test,smoke_pair,smoke_001,39.500,395,CB,smoke_pair|smoke_001|CB|3|395,3,,,,0
synthetic,smoke_pair,smoke_pair,test,smoke_pair,smoke_001,39.500,395,CA,smoke_pair|smoke_001|CA|4|395,4,,,,0
synthetic,smoke_pair,smoke_pair,test,smoke_pair,smoke_001,39.500,395,CB,smoke_pair|smoke_001|CB|4|395,4,,,,0
synthetic,smoke_pair,smoke_pair,test,smoke_pair,smoke_001,39.500,395,CA,smoke_pair|smoke_001|CA|5|395,5,,,,0
synthetic,smoke_pair,smoke_pair,test,smoke_pair,smoke_001,39.500,395,CB,smoke_pair|smoke_001|CB|5|395,5,,,,0
synthetic,smoke_pair,smoke_pair,test,smoke_pair,smoke_001,39.500,395,CA,smoke_pair|smoke_001|CA|6|395,6,,,,0
synthetic,smoke_pair,smoke_pair,test,smoke_pair,smoke_001,39.500,395,CB,smoke_pair|smoke_001|CB|6|395,6,,,,0
synthetic,smoke_pair,smoke_pair,test,smoke_pair,smoke_001,39.500,395,CA,smoke_pair|smoke_001|CA|7|395,7,,,,0
synthetic,smoke_pair,smoke_pair,test,smoke_pair,smoke_001,39.500,395,CB,smoke_pair|smoke_001|CB|7|395,7,,,,0
synthetic,smoke_pair,smoke_pair,test,smoke_pair,smoke_001,39.500,395,CA,smoke_pair|smoke_001|CA|8|395,8,,,,0
synthetic,smoke_pair,smoke_pair,test,smoke_pair,smoke_001,39.500,395,CB,smoke_pair|smoke_001|CB|8|395,8,,,,0
synthetic,smoke_pair,smoke_pair,test,smoke_pair,smoke_001,39.600,396,CA,smoke_pair|smoke_001|CA|1|396,1,,,,0
synthetic,smoke_pair,smoke_pair,test,smoke_pair,smoke_001,39.600,396,CB,smoke_pair|smoke_001|CB|1|396,1,,,,0
synthetic,smoke_pair,smoke_pair,test,smoke_pair,smoke_001,39.600,396,CA,smoke_pair|smoke_001|CA|2|396,2,,,,0
synthetic,smoke_pair,smoke_pair,test,smoke_pair,smoke_001,39.600,396,CB,smoke_pair|smoke_001|CB|2|396,2,,,,0
synthetic,smoke_pair,smoke_pair,test,smoke_pair,smoke_001,39.600,396,CA,smoke_pair|smoke_001|CA|3|396,3,,,,0
synthetic,smoke_pair,smoke_pair,test,smoke_pair,smoke_001,39.600,396,CB,smoke_pair|smoke_001|CB|3|396,3,,,,0
synthetic,smoke_pair,smoke_pair,test,smoke_pair,smoke_001,39.600,396,CA,smoke_pair|smoke_001|CA|4|396,4,,,,0
synthetic,smoke_pair,smoke_pair,test,smoke_pair,smoke_001,39.600,396,CB,smoke_pair|smoke_001|CB|4|396,4,,,,0
synthetic,smoke_pair,smoke_pair,test,smoke_pair,smoke_001,39.600,396,CA,smoke_pair|smoke_001|CA|5|396,5,,,,0
synthetic,smoke_pair,smoke_pair,test,smoke_pair,smoke_001,39.600,396,CB,smoke_pair|smoke_001|CB|5|396,5,,,,0
synthetic,smoke_pair,smoke_pair,test,smoke_pair,smoke_001,39.600,396,CA,smoke_pair|smoke_001|CA|6|396,6,,,,0
synthetic,smoke_pair,smoke_pair,test,smoke_pair,smoke_001,39.600,396,CB,smoke_pair|smoke_001|CB|6|396,6,,,,0
synthetic,smoke_pair,smoke_pair,test,smoke_pair,smoke_001,39.600,396,CA,smoke_pair|smoke_001|CA|7|396,7,,,,0
synthetic,smoke_pair,smoke_pair,test,smoke_pair,smoke_001,39.600,396,CB,smoke_pair|smoke_001|CB|7|396,7,,,,0
synthetic,smoke_pair,smoke_pair,test,smoke_pair,smoke_001,39.600,396,CA,smoke_pair|smoke_001|CA|8|396,8,,,,0
synthetic,smoke_pair,smoke_pair,test,smoke_pair,smoke_001,39.600,396,CB,smoke_pair|smoke_001|CB|8|396,8,,,,0
synthetic,smoke_pair,smoke_pair,test,smoke_pair,smoke_001,39.700,397,CA,smoke_pair|smoke_001|CA|1|397,1,,,,0
synthetic,smoke_pair,smoke_pair,test,smoke_pair,smoke_001,39.700,397,CB,smoke_pair|smoke_001|CB|1|397,1,,,,0
synthetic,smoke_pair,smoke_pair,test,smoke_pair,smoke_001,39.700,397,CA,smoke_pair|smoke_001|CA|2|397,2,,,,0
synthetic,smoke_pair,smoke_pair,test,smoke_pair,smoke_001,39.700,397,CB,smoke_pair|smoke_001|CB|2|397,2,,,,0
synthetic,smoke_pair,smoke_pair,test,smoke_pair,smoke_001,39.700,397,CA,smoke_pair|smoke_001|CA|3|397,3,,,,0
synthetic,smoke_pair,smoke_pair,test,smoke_pair,smoke_001,39.700,397,CB,smoke_pair|smoke_001|CB|3|397,3,,,,0
synthetic,smoke_pair,smoke_pair,test,smoke_pair,smoke_001,39.700,397,CA,smoke_pair|smoke_001|CA|4|397,4,,,,0
synthetic,smoke_pair,smoke_pair,test,smoke_pair,smoke_001,39.700,397,CB,smoke_pair|smoke_001|CB|4|397,4,,,,0
synthetic,smoke_pair,smoke_pair,test,smoke_pair,smoke_001,39.700,397,CA,smoke_pair|smoke_001|CA|5|397,5,,,,0
synthetic,smoke_pair,smoke_pair,test,smoke_pair,smoke_001,39.700,397,CB,smoke_pair|smoke_001|CB|5|397,5,,,,0
synthetic,smoke_pair,smoke_pair,test,smoke_pair,smoke_001,39.700,397,CA,smoke_pair|smoke_001|CA|6|397,6,,,,0
synthetic,smoke_pair,smoke_pair,test,smoke_pair,smoke_001,39.700,397,CB,smoke_pair|smoke_001|CB|6|397,6,,,,0
synthetic,smoke_pair,smoke_pair,test,smoke_pair,smoke_001,39.700,397,CA,smoke_pair|smoke_001|CA|7|397,7,,,,0
synthetic,smoke_pair,smoke_pair,test,smoke_pair,smoke_001,39.700,397,CB,smoke_pair|smoke_001|CB|7|397,7,,,,0
synthetic,smoke_pair,smoke_pair,test,smoke_pair,smoke_001,39.700,397,CA,smoke_pair|smoke_001|CA|8|397,8,,,,0
synthetic,smoke_pair,smoke_pair,test,smoke_pair,smoke_001,39.700,397,CB,smoke_pair|smoke_001|CB|8|397,8,,,,0
synthetic,smoke_pair,smoke_pair,test,smoke_pair,smoke_001,39.800,398,CA,smoke_pair|smoke_001|CA|1|398,1,,,,0
synthetic,smoke_pair,smoke_pair,test,smoke_pair,smoke_001,39.800,398,CB,smoke_pair|smoke_001|CB|1|398,1,,,,0
synthetic,smoke_pair,smoke_pair,test,smoke_pair,smoke_001,39.800,398,CA,smoke_pair|smoke_001|CA|2|398,2,,,,0
synthetic,smoke_pair,smoke_pair,test,smoke_pair,smoke_001,39.800,398,CB,smoke_pair|smoke_001|CB|2|398,2,,,,0
synthetic,smoke_pair,smoke_pair,test,smoke_pair,smoke_001,39.800,398,CA,smoke_pair|smoke_001|CA|3|398,3,,,,0
synthetic,smoke_pair,smoke_pair,test,smoke_pair,smoke_001,39.800,398,CB,smoke_pair|smoke_001|CB|3|398,3,,,,0
synthetic,smoke_pair,smoke_pair,test,smoke_pair,smoke_001,39.800,398,CA,smoke_pair|smoke_001|CA|4|398,4,,,,0
synthetic,smoke_pair,smoke_pair,test,smoke_pair,smoke_001,39.800,398,CB,smoke_pair|smoke_001|CB|4|398,4,,,,0
synthetic,smoke_pair,smoke_pair,test,smoke_pair,smoke_001,39.800,398,CA,smoke_pair|smoke_001|CA|5|398,5,,,,0
synthetic,smoke_pair,smoke_pair,test,smoke_pair,smoke_001,39.800,398,CB,smoke_pair|smoke_001|CB|5|398,5,,,,0
synthetic,smoke_pair,smoke_pair,test,smoke_pair,smoke_001,39.800,398,CA,smoke_pair|smoke_001|CA|6|398,6,,,,0
synthetic,smoke_pair,smoke_pair,test,smoke_pair,smoke_001,39.800,398,CB,smoke_pair|smoke_001|CB|6|398,6,,,,0
synthetic,smoke_pair,smoke_pair,test,smoke_pair,smoke_001,39.800,398,CA,smoke_pair|smoke_001|CA|7|398,7,,,,0
synthetic,smoke_pair,smoke_pair,test,smoke_pair,smoke_001,39.800,398,CB,smoke_pair|smoke_001|CB|7|398,7,,,,0
synthetic,smoke_pair,smoke_pair,test,smoke_pair,smoke_001,39.800,398,CA,smoke_pair|smoke_001|CA|8|398,8,,,,0
synthetic,smoke_pair,smoke_pair,test,smoke_pair,smoke_001,39.800,398,CB,smoke_pair|smoke_001|CB|8|398,8,,,,0
synthetic,smoke_pair,smoke_pair,test,smoke_pair,smoke_001,39.900,399,CA,smoke_pair|smoke_001|CA|1|399,1,,,,0
synthetic,smoke_pair,smoke_pair,test,smoke_pair,smoke_001,39.900,399,CB,smoke_pair|smoke_001|CB|1|399,1,,,,0
synthetic,smoke_pair,smoke_pair,test,smoke_pair,smoke_001,39.900,399,CA,smoke_pair|smoke_001|CA|2|399,2,,,,0
synthetic,smoke_pair,smoke_pair,test,smoke_pair,smoke_001,39.900,399,CB,smoke_pair|smoke_001|CB|2|399,2,,,,0
synthetic,smoke_pair,smoke_pair,test,smoke_pair,smoke_001,39.900,399,CA,smoke_pair|smoke_001|CA|3|399,3,,,,0
synthetic,smoke_pair,smoke_pair,test,smoke_pair,smoke_001,39.900,399,CB,smoke_pair|smoke_001|CB|3|399,3,,,,0
synthetic,smoke_pair,smoke_pair,test,smoke_pair,smoke_001,39.900,399,CA,smoke_pair|smoke_001|CA|4|399,4,,,,0
synthetic,smoke_pair,smoke_pair,test,smoke_pair,smoke_001,39.900,399,CB,smoke_pair|smoke_001|CB|4|399,4,,,,0
synthetic,smoke_pair,smoke_pair,test,smoke_pair,smoke_001,39.900,399,CA,smoke_pair|smoke_001|CA|5|399,5,,,,0
synthetic,smoke_pair,smoke_pair,test,smoke_pair,smoke_001,39.900,399,CB,smoke_pair|smoke_001|CB|5|399,5,,,,0
synthetic,smoke_pair,smoke_pair,test,smoke_pair,smoke_001,39.900,399,CA,smoke_pair|smoke_001|CA|6|399,6,,,,0
synthetic,smoke_pair,smoke_pair,test,smoke_pair,smoke_001,39.900,399,CB,smoke_pair|smoke_001|CB|6|399,6,,,,0
synthetic,smoke_pair,smoke_pair,test,smoke_pair,smoke_001,39.900,399,CA,smoke_pair|smoke_001|CA|7|399,7,,,,0
synthetic,smoke_pair,smoke_pair,test,smoke_pair,smoke_001,39.900,399,CB,smoke_pair|smoke_001|CB|7|399,7,,,,0
synthetic,smoke_pair,smoke_pair,test,smoke_pair,smoke_001,39.900,399,CA,smoke_pair|smoke_001|CA|8|399,8,,,,0
synthetic,smoke_pair,smoke_pair,test,smoke_pair,smoke_001,39.900,399,CB,smoke_pair|smoke_001|CB|8|399,8,,,,0
